Defect_ID,Severity_Level,Predicted_Resolution_Time_Hours,Overdue_Days,Asset_Age_Years,Historical_Failure_Count,Joint_Block_Feasibility_Score,Confidence_Score,Task_Urgency_Tier,Priority_Score,Severity_Level_Enc,Task_Urgency_Tier_Enc,Dept_SMMS,Dept_TDMS,Dept_TMS
TDMS00001,Medium,3.51,60,14.6,1,26.6,0.655,This_Month,51.9,2,2,0,1,0
TDMS00002,Medium,4.11,60,5.5,3,48.4,0.723,This_Month,50.5,2,2,0,1,0
TDMS00003,High,4.22,40,20.5,2,38.1,0.749,This_Week,62.3,3,3,0,1,0
TDMS00004,Medium,3.89,0,20.1,3,48.2,0.926,Programmed,27.6,2,1,0,1,0
TDMS00005,Medium,3.51,60,10.9,4,55.5,0.908,This_Month,48.2,2,2,0,1,0
TDMS00006,Medium,2.94,60,14.9,3,36.0,0.738,This_Month,53.1,2,2,0,1,0
TDMS00007,Medium,2.83,60,1.6,3,37.9,0.852,This_Month,58.5,2,2,0,1,0
TDMS00008,Medium,4.08,60,24.9,4,50.2,0.662,This_Month,50.6,2,2,0,1,0
TDMS00009,Medium,4.75,60,3.2,0,34.6,0.681,This_Month,42.9,2,2,0,1,0
TDMS00010,Medium,3.75,60,27.0,6,27.6,0.806,This_Month,57.3,2,2,0,1,0
TDMS00011,High,4.01,40,24.9,1,73.1,0.514,This_Week,67.6,3,3,0,1,0
TDMS00012,Critical,4.75,20,15.6,2,43.5,0.672,Immediate,76.0,4,4,0,1,0
TDMS00013,High,3.89,0,2.9,3,58.7,0.881,This_Month,49.0,3,2,0,1,0
TDMS00014,Medium,4.33,60,21.1,2,18.0,0.73,This_Month,57.2,2,2,0,1,0
TDMS00015,Medium,3.04,60,14.2,4,21.5,0.707,This_Month,47.7,2,2,0,1,0
TDMS00016,High,3.94,40,13.2,1,35.8,0.599,This_Week,64.1,3,3,0,1,0
TDMS00017,Critical,5.56,20,16.8,3,43.5,0.819,Immediate,75.5,4,4,0,1,0
TDMS00018,High,4.33,40,15.2,4,78.5,0.759,This_Week,66.4,3,3,0,1,0
TDMS00019,Critical,5.75,20,5.7,2,68.1,0.661,Immediate,73.2,4,4,0,1,0
TDMS00020,High,4.26,40,10.8,0,39.5,0.56,This_Week,65.3,3,3,0,1,0
TDMS00021,Critical,4.2,20,17.0,0,43.7,0.581,Immediate,78.9,4,4,0,1,0
TDMS00022,Critical,6.21,20,3.2,0,69.4,0.73,Immediate,77.5,4,4,0,1,0
TDMS00023,Critical,4.19,20,29.1,0,50.8,0.635,Immediate,78.6,4,4,0,1,0
TDMS00024,Medium,3.37,60,20.9,1,51.0,0.658,This_Month,50.9,2,2,0,1,0
TDMS00025,Critical,6.15,10,1.4,0,68.8,0.747,Immediate,74.7,4,4,0,1,0
TDMS00026,High,4.37,40,13.7,1,44.3,0.68,This_Month,58.0,3,2,0,1,0
TDMS00027,High,4.17,40,26.9,4,36.6,0.643,This_Week,65.6,3,3,0,1,0
TDMS00028,High,3.6,40,9.6,0,65.7,0.666,This_Week,62.1,3,3,0,1,0
TDMS00029,High,4.23,40,2.0,0,60.1,0.68,This_Week,64.3,3,3,0,1,0
TDMS00030,High,4.2,40,24.1,2,54.2,0.757,This_Week,61.8,3,3,0,1,0
TDMS00031,Critical,5.01,20,6.8,3,64.9,0.898,Immediate,78.7,4,4,0,1,0
TDMS00032,High,5.11,40,29.3,1,33.4,0.617,This_Week,67.0,3,3,0,1,0
TDMS00033,Medium,3.26,60,12.0,0,30.2,0.744,This_Month,52.3,2,2,0,1,0
TDMS00034,Medium,3.09,60,6.5,1,49.0,0.741,This_Month,53.7,2,2,0,1,0
TDMS00035,Critical,5.7,20,18.2,0,45.2,0.571,Immediate,78.7,4,4,0,1,0
TDMS00036,Critical,6.14,20,14.5,3,60.2,0.72,Immediate,67.9,4,4,0,1,0
TDMS00037,Critical,6.5,20,9.4,0,46.1,0.503,Immediate,69.0,4,4,0,1,0
TDMS00038,Critical,4.49,20,19.2,0,37.5,0.521,Immediate,79.5,4,4,0,1,0
TDMS00039,High,3.79,14,15.1,1,49.6,0.743,This_Month,47.0,3,2,0,1,0
TDMS00040,Medium,3.81,53,12.6,3,28.0,0.876,This_Month,49.5,2,2,0,1,0
TDMS00041,High,3.11,40,17.2,4,34.5,0.802,This_Week,64.8,3,3,0,1,0
TDMS00042,High,4.32,40,28.2,1,44.7,0.623,This_Week,66.0,3,3,0,1,0
TDMS00043,High,3.83,40,27.2,4,35.2,0.773,This_Week,65.4,3,3,0,1,0
TDMS00044,High,4.82,40,11.6,4,37.1,0.875,This_Month,59.8,3,2,0,1,0
TDMS00045,High,4.08,40,19.0,2,37.7,0.698,This_Week,66.3,3,3,0,1,0
TDMS00046,Critical,4.47,20,27.9,1,67.2,0.667,Immediate,82.2,4,4,0,1,0
TDMS00047,Medium,3.02,60,9.6,1,37.5,0.71,This_Month,55.4,2,2,0,1,0
TDMS00048,High,3.85,40,10.7,1,63.9,0.774,This_Month,58.5,3,2,0,1,0
TDMS00049,High,3.87,40,15.2,4,37.0,0.853,This_Week,66.2,3,3,0,1,0
TDMS00050,High,3.71,40,29.8,0,51.9,0.734,This_Week,60.0,3,3,0,1,0
TDMS00051,High,4.17,40,21.8,0,38.5,0.831,This_Week,60.0,3,3,0,1,0
TDMS00052,Medium,3.46,60,15.2,1,37.5,0.55,This_Month,49.9,2,2,0,1,0
TDMS00053,Medium,3.43,60,25.8,4,27.2,0.9,This_Month,45.6,2,2,0,1,0
TDMS00054,Critical,4.85,20,8.5,1,87.6,0.759,Immediate,84.7,4,4,0,1,0
TDMS00055,Critical,4.45,20,16.0,1,64.0,0.737,Immediate,75.1,4,4,0,1,0
TDMS00056,Critical,5.13,20,12.2,1,66.4,0.717,Immediate,73.6,4,4,0,1,0
TDMS00057,High,3.77,40,14.2,1,30.0,0.669,This_Month,59.0,3,2,0,1,0
TDMS00058,Medium,3.7,2,3.6,0,54.7,0.777,Programmed,25.0,2,1,0,1,0
TDMS00059,Critical,4.72,20,11.2,2,63.0,0.782,Immediate,76.5,4,4,0,1,0
TDMS00060,Critical,4.19,20,8.0,0,50.2,0.621,Immediate,70.4,4,4,0,1,0
TDMS00061,Critical,5.43,20,21.9,0,39.5,0.54,Immediate,86.3,4,4,0,1,0
TDMS00062,High,5.51,40,16.4,4,38.2,0.807,This_Week,70.4,3,3,0,1,0
TDMS00063,Critical,5.56,20,8.8,1,62.1,0.764,Immediate,84.6,4,4,0,1,0
TDMS00064,Critical,5.12,20,24.9,3,50.7,0.748,Immediate,81.9,4,4,0,1,0
TDMS00065,High,4.34,40,8.5,3,54.3,0.72,This_Week,62.3,3,3,0,1,0
TDMS00066,High,4.03,0,6.1,1,51.3,0.787,This_Month,44.4,3,2,0,1,0
TDMS00067,Medium,3.12,60,12.1,4,69.2,0.764,This_Month,51.0,2,2,0,1,0
TDMS00068,Critical,5.56,20,1.1,1,65.8,0.688,Immediate,76.3,4,4,0,1,0
TDMS00069,Medium,3.9,60,11.8,1,31.2,0.736,This_Month,55.2,2,2,0,1,0
TDMS00070,Critical,4.53,20,19.4,0,50.3,0.627,Immediate,84.6,4,4,0,1,0
TDMS00071,High,4.42,40,11.9,2,30.5,0.769,This_Week,71.9,3,3,0,1,0
TDMS00072,Critical,4.98,20,23.1,5,53.4,0.732,Immediate,77.7,4,4,0,1,0
TDMS00073,Critical,5.0,20,17.6,1,35.2,0.65,Immediate,69.4,4,4,0,1,0
TDMS00074,Critical,6.13,20,11.2,1,37.8,0.688,Immediate,74.7,4,4,0,1,0
TDMS00075,Critical,5.1,20,6.5,0,35.6,0.544,Immediate,82.0,4,4,0,1,0
TDMS00076,Medium,2.92,60,23.6,3,23.4,0.929,This_Month,40.3,2,2,0,1,0
TDMS00077,High,4.24,40,14.6,0,64.9,0.781,This_Week,61.9,3,3,0,1,0
TDMS00078,High,3.94,40,27.9,0,49.6,0.628,This_Month,55.6,3,2,0,1,0
TDMS00079,High,4.11,40,25.9,3,35.0,0.737,This_Week,67.4,3,3,0,1,0
TDMS00080,Critical,5.69,20,12.9,4,36.8,0.884,Immediate,75.9,4,4,0,1,0
TDMS00081,High,4.08,40,25.2,2,37.8,0.864,This_Week,66.7,3,3,0,1,0
TDMS00082,Critical,5.57,20,10.8,1,42.6,0.717,Immediate,71.5,4,4,0,1,0
TDMS00083,High,3.71,40,18.8,3,31.7,0.747,This_Week,67.0,3,3,0,1,0
TDMS00084,Critical,4.97,20,19.2,3,69.7,0.742,Immediate,81.3,4,4,0,1,0
TDMS00085,Medium,3.07,60,19.0,1,26.9,0.736,This_Month,52.5,2,2,0,1,0
TDMS00086,High,3.5,40,6.6,0,40.2,0.638,This_Week,68.5,3,3,0,1,0
TDMS00087,Medium,3.33,60,14.5,0,30.0,0.52,This_Month,57.7,2,2,0,1,0
TDMS00088,High,3.88,40,14.8,1,49.0,0.784,This_Week,66.4,3,3,0,1,0
TDMS00089,Critical,6.01,20,26.5,3,79.7,0.694,Immediate,81.6,4,4,0,1,0
TDMS00090,Medium,5.88,60,8.9,3,45.9,0.779,This_Month,56.4,2,2,0,1,0
TDMS00091,Medium,3.25,60,3.8,0,41.0,0.608,This_Month,51.2,2,2,0,1,0
TDMS00092,Critical,4.31,20,6.3,4,82.9,0.913,Immediate,73.1,4,4,0,1,0
TDMS00093,Critical,4.66,20,15.9,1,37.3,0.725,Immediate,81.1,4,4,0,1,0
TDMS00094,Medium,3.23,60,13.8,4,26.3,0.89,This_Month,42.1,2,2,0,1,0
TDMS00095,Critical,5.19,20,8.2,1,73.9,0.733,Immediate,73.8,4,4,0,1,0
TDMS00096,High,4.45,40,11.9,2,54.0,0.809,This_Week,73.3,3,3,0,1,0
TDMS00097,High,3.67,40,2.9,2,55.6,0.912,This_Week,60.5,3,3,0,1,0
TDMS00098,Critical,4.88,20,11.8,2,76.0,0.822,Immediate,78.3,4,4,0,1,0
TDMS00099,Medium,4.18,60,22.0,2,26.6,0.827,This_Month,54.6,2,2,0,1,0
TDMS00100,High,3.74,40,26.4,4,71.9,0.786,This_Week,62.7,3,3,0,1,0
TDMS00101,High,4.97,21,13.5,3,54.2,0.886,This_Month,56.5,3,2,0,1,0
TDMS00102,Medium,3.79,2,11.2,2,70.5,0.96,Programmed,25.9,2,1,0,1,0
TDMS00103,High,4.88,40,26.5,2,39.8,0.725,This_Week,69.5,3,3,0,1,0
TDMS00104,Medium,3.5,60,26.6,3,32.3,0.788,This_Month,48.9,2,2,0,1,0
TDMS00105,Medium,4.71,60,5.0,2,57.3,0.949,This_Month,49.5,2,2,0,1,0
TDMS00106,Critical,5.74,20,24.9,2,68.6,0.626,Immediate,83.4,4,4,0,1,0
TDMS00107,Medium,3.91,60,23.1,1,27.8,0.622,This_Month,56.8,2,2,0,1,0
TDMS00108,Medium,2.67,60,17.8,4,38.6,0.76,This_Month,50.1,2,2,0,1,0
TDMS00109,High,3.87,40,18.6,3,63.8,0.737,This_Week,65.3,3,3,0,1,0
TDMS00110,Critical,4.77,20,22.9,3,48.1,0.606,Immediate,83.1,4,4,0,1,0
TDMS00111,Medium,2.77,60,21.0,1,22.5,0.752,This_Month,55.3,2,2,0,1,0
TDMS00112,High,4.52,40,16.0,0,54.6,0.693,This_Week,71.9,3,3,0,1,0
TDMS00113,Critical,4.94,20,22.7,0,50.8,0.554,Immediate,72.2,4,4,0,1,0
TDMS00114,Critical,5.32,20,1.5,1,42.7,0.698,Immediate,68.9,4,4,0,1,0
TDMS00115,Medium,3.83,60,9.5,0,24.3,0.655,Programmed,39.8,2,1,0,1,0
TDMS00116,Critical,4.65,20,3.9,0,31.2,0.646,Immediate,69.0,4,4,0,1,0
TDMS00117,Critical,3.99,20,10.5,1,40.5,0.781,Immediate,73.9,4,4,0,1,0
TDMS00118,Critical,3.74,20,3.3,3,67.2,0.733,Immediate,80.8,4,4,0,1,0
TDMS00119,Medium,3.28,60,26.1,4,51.7,0.776,This_Month,51.6,2,2,0,1,0
TDMS00120,Critical,5.22,20,26.6,2,67.1,0.75,Immediate,79.5,4,4,0,1,0
TDMS00121,Medium,3.29,60,6.7,2,28.4,0.871,This_Month,50.1,2,2,0,1,0
TDMS00122,Critical,5.77,20,3.4,1,55.6,0.74,Immediate,77.6,4,4,0,1,0
TDMS00123,Medium,3.22,60,10.7,1,36.5,0.689,This_Month,40.6,2,2,0,1,0
TDMS00124,Critical,4.99,20,26.0,3,47.4,0.748,Immediate,78.5,4,4,0,1,0
TDMS00125,Critical,4.17,20,8.2,4,45.2,0.793,Immediate,74.4,4,4,0,1,0
TDMS00126,High,3.76,40,5.5,0,49.8,0.631,This_Month,53.6,3,2,0,1,0
TDMS00127,Critical,4.38,20,18.6,3,65.1,0.777,Immediate,70.2,4,4,0,1,0
TDMS00128,Critical,4.77,20,14.3,1,78.2,0.793,Immediate,81.8,4,4,0,1,0
TDMS00129,High,5.11,40,29.6,2,61.3,0.877,This_Month,56.9,3,2,0,1,0
TDMS00130,Medium,3.44,60,26.1,1,19.4,0.806,This_Month,51.9,2,2,0,1,0
TDMS00131,Critical,4.96,20,6.6,0,55.0,0.584,Immediate,77.1,4,4,0,1,0
TDMS00132,Medium,3.06,60,5.4,0,23.1,0.717,This_Month,58.6,2,2,0,1,0
TDMS00133,Medium,4.12,60,8.7,4,29.9,0.713,This_Month,44.8,2,2,0,1,0
TDMS00134,High,3.49,40,18.0,2,59.9,0.793,This_Week,70.1,3,3,0,1,0
TDMS00135,Medium,3.39,22,5.0,1,49.4,0.752,Programmed,30.4,2,1,0,1,0
TDMS00136,Medium,4.01,60,24.2,2,54.8,0.842,This_Month,56.3,2,2,0,1,0
TDMS00137,High,4.49,40,20.8,3,44.0,0.804,This_Week,64.6,3,3,0,1,0
TDMS00138,Critical,5.33,20,7.9,1,60.9,0.811,Immediate,80.4,4,4,0,1,0
TDMS00139,Medium,4.81,60,14.8,1,27.0,0.785,This_Month,56.2,2,2,0,1,0
TDMS00140,High,3.37,40,27.3,0,62.8,0.531,This_Month,56.4,3,2,0,1,0
TDMS00141,Medium,4.0,60,26.7,3,75.4,0.752,This_Month,59.4,2,2,0,1,0
TDMS00142,Critical,5.61,20,16.3,1,31.1,0.538,Immediate,78.5,4,4,0,1,0
TDMS00143,Critical,4.23,20,25.4,2,68.4,0.712,Immediate,74.9,4,4,0,1,0
TDMS00144,High,5.13,40,29.6,0,43.5,0.523,This_Week,67.8,3,3,0,1,0
TDMS00145,Medium,3.53,0,25.5,1,28.9,0.893,Programmed,29.6,2,1,0,1,0
TDMS00146,High,3.97,40,13.9,3,57.6,0.709,This_Week,62.1,3,3,0,1,0
TDMS00147,Medium,3.5,0,10.2,2,29.8,0.934,Programmed,27.4,2,1,0,1,0
TDMS00148,Medium,3.26,32,6.6,1,57.9,0.669,This_Month,41.2,2,2,0,1,0
TDMS00149,High,5.09,40,5.2,1,64.0,0.676,This_Week,66.7,3,3,0,1,0
TDMS00150,High,4.15,40,10.1,4,33.5,0.89,This_Week,66.2,3,3,0,1,0
TDMS00151,High,3.26,40,21.7,3,37.2,0.61,This_Week,69.1,3,3,0,1,0
TDMS00152,Critical,4.4,20,29.0,5,63.8,0.575,Immediate,85.7,4,4,0,1,0
TDMS00153,Critical,5.89,20,11.3,3,71.8,0.769,Immediate,77.0,4,4,0,1,0
TDMS00154,Medium,3.4,60,3.5,0,54.8,0.771,This_Month,46.0,2,2,0,1,0
TDMS00155,Critical,5.08,20,9.2,0,70.0,0.577,Immediate,78.2,4,4,0,1,0
TDMS00156,High,3.7,40,19.7,2,53.5,0.595,This_Month,58.3,3,2,0,1,0
TDMS00157,High,4.46,40,22.0,1,67.1,0.691,This_Month,56.1,3,2,0,1,0
TDMS00158,Medium,4.3,60,19.7,1,35.1,0.635,This_Month,54.9,2,2,0,1,0
TDMS00159,High,3.96,40,11.8,3,39.1,0.705,This_Week,63.3,3,3,0,1,0
TDMS00160,Medium,3.81,60,28.1,4,33.7,0.839,This_Month,57.1,2,2,0,1,0
TDMS00161,Critical,4.82,20,11.8,0,72.8,0.677,Immediate,77.9,4,4,0,1,0
TDMS00162,Medium,3.2,60,28.2,1,70.8,0.809,This_Month,52.0,2,2,0,1,0
TDMS00163,Critical,5.74,20,5.9,3,66.8,0.797,Immediate,73.3,4,4,0,1,0
TDMS00164,Critical,5.58,20,3.0,1,43.0,0.773,Immediate,77.5,4,4,0,1,0
TDMS00165,Medium,3.34,60,12.0,3,33.5,0.864,This_Month,56.1,2,2,0,1,0
TDMS00166,High,5.55,40,4.9,2,61.1,0.708,This_Week,65.5,3,3,0,1,0
TDMS00167,Medium,3.69,60,28.9,6,33.1,0.87,This_Month,55.3,2,2,0,1,0
TDMS00168,Medium,2.92,10,23.9,5,26.3,0.753,Programmed,26.6,2,1,0,1,0
TDMS00169,Medium,3.68,26,5.6,0,28.6,0.718,Programmed,35.4,2,1,0,1,0
TDMS00170,High,4.29,40,19.6,1,54.8,0.782,This_Week,66.4,3,3,0,1,0
TDMS00171,Medium,2.77,60,28.9,4,33.2,0.673,This_Month,45.9,2,2,0,1,0
TDMS00172,High,4.6,40,30.0,1,81.6,0.563,This_Month,51.1,3,2,0,1,0
TDMS00173,Critical,4.79,17,11.4,1,44.7,0.784,Immediate,74.3,4,4,0,1,0
TDMS00174,High,3.24,40,22.1,3,67.1,0.667,This_Week,67.6,3,3,0,1,0
TDMS00175,Critical,6.19,20,11.4,6,39.6,0.848,Immediate,76.9,4,4,0,1,0
TDMS00176,Critical,3.85,20,16.2,0,69.6,0.551,Immediate,80.7,4,4,0,1,0
TDMS00177,High,4.14,40,17.8,1,57.3,0.791,This_Month,58.1,3,2,0,1,0
TDMS00178,Medium,4.01,60,1.3,0,58.2,0.707,This_Month,43.0,2,2,0,1,0
TDMS00179,High,4.1,40,4.3,0,70.5,0.672,This_Week,69.3,3,3,0,1,0
TDMS00180,High,4.03,40,12.3,1,38.9,0.598,This_Month,56.3,3,2,0,1,0
TDMS00181,High,4.71,40,22.8,3,29.7,0.741,This_Week,68.0,3,3,0,1,0
TDMS00182,Medium,3.12,0,5.3,2,39.1,0.922,Programmed,30.6,2,1,0,1,0
TDMS00183,Medium,3.55,60,17.4,2,53.1,0.762,This_Month,43.6,2,2,0,1,0
TDMS00184,Critical,5.11,20,16.7,2,43.4,0.799,Immediate,66.9,4,4,0,1,0
TDMS00185,Medium,3.14,60,8.0,2,37.3,0.86,This_Month,54.1,2,2,0,1,0
TDMS00186,Medium,4.07,60,13.6,1,51.1,0.583,This_Month,55.4,2,2,0,1,0
TDMS00187,High,4.97,40,25.8,5,43.1,0.811,This_Week,61.1,3,3,0,1,0
TDMS00188,Critical,4.04,20,20.9,3,42.7,0.767,Immediate,81.7,4,4,0,1,0
TDMS00189,Critical,4.55,20,1.7,2,69.3,0.849,Immediate,83.0,4,4,0,1,0
TDMS00190,Critical,5.09,20,18.4,0,39.6,0.611,Immediate,78.3,4,4,0,1,0
TDMS00191,Medium,3.36,60,23.0,4,25.0,0.644,This_Month,52.9,2,2,0,1,0
TDMS00192,Medium,4.19,60,22.3,2,37.7,0.781,This_Month,54.1,2,2,0,1,0
TDMS00193,Critical,4.82,20,28.4,2,95.9,0.739,Immediate,77.9,4,4,0,1,0
TDMS00194,High,4.72,40,19.0,1,51.6,0.649,This_Month,58.8,3,2,0,1,0
TDMS00195,Critical,4.52,20,11.2,2,61.2,0.601,Immediate,72.6,4,4,0,1,0
TDMS00196,High,3.26,40,14.1,5,68.2,0.717,This_Month,55.6,3,2,0,1,0
TDMS00197,Medium,3.51,60,15.9,1,51.7,0.83,This_Month,52.2,2,2,0,1,0
TDMS00198,Critical,4.77,0,13.9,1,57.9,0.869,Immediate,73.1,4,4,0,1,0
TDMS00199,High,3.6,40,23.3,3,37.4,0.656,This_Week,70.8,3,3,0,1,0
TDMS00200,High,5.17,40,6.3,2,33.0,0.788,This_Week,66.8,3,3,0,1,0
TDMS00201,Critical,5.44,20,16.3,1,69.7,0.5,Immediate,78.3,4,4,0,1,0
TDMS00202,High,4.03,3,13.6,1,39.2,0.691,Programmed,38.3,3,1,0,1,0
TDMS00203,High,4.11,40,3.7,0,42.8,0.715,This_Week,66.0,3,3,0,1,0
TDMS00204,High,4.59,40,22.6,3,37.3,0.79,This_Week,68.5,3,3,0,1,0
TDMS00205,High,4.07,40,18.0,3,49.6,0.83,This_Week,66.0,3,3,0,1,0
TDMS00206,Medium,3.85,60,9.0,1,45.0,0.607,This_Month,42.1,2,2,0,1,0
TDMS00207,High,4.32,40,19.5,2,49.3,0.797,This_Week,67.3,3,3,0,1,0
TDMS00208,High,4.09,40,24.7,4,63.8,0.834,This_Week,62.4,3,3,0,1,0
TDMS00209,Medium,3.7,13,11.0,1,17.3,0.719,Programmed,37.8,2,1,0,1,0
TDMS00210,High,4.59,40,9.3,4,26.3,0.756,This_Week,65.3,3,3,0,1,0
TDMS00211,Critical,4.41,20,20.0,1,37.3,0.761,Immediate,75.2,4,4,0,1,0
TDMS00212,High,5.28,40,5.3,0,30.0,0.754,This_Week,63.2,3,3,0,1,0
TDMS00213,High,4.76,40,20.4,0,27.4,0.679,This_Week,65.0,3,3,0,1,0
TDMS00214,High,4.82,40,23.7,5,40.0,0.851,This_Week,73.6,3,3,0,1,0
TDMS00215,Critical,5.14,20,7.2,3,65.8,0.78,Immediate,75.2,4,4,0,1,0
TDMS00216,Critical,5.71,20,17.4,3,50.8,0.631,Immediate,80.4,4,4,0,1,0
TDMS00217,Critical,4.71,20,19.4,2,54.4,0.837,Immediate,78.2,4,4,0,1,0
TDMS00218,Medium,3.09,60,21.9,0,30.4,0.6,This_Month,52.1,2,2,0,1,0
TDMS00219,Critical,4.81,20,11.9,2,46.5,0.575,Immediate,78.4,4,4,0,1,0
TDMS00220,Medium,3.38,60,27.0,1,23.1,0.639,This_Month,50.7,2,2,0,1,0
TDMS00221,Critical,5.32,20,21.1,1,43.7,0.649,Immediate,78.3,4,4,0,1,0
TDMS00222,Critical,4.48,20,4.2,2,47.9,0.859,Immediate,73.3,4,4,0,1,0
TDMS00223,Critical,5.65,20,4.4,0,44.4,0.768,Immediate,76.2,4,4,0,1,0
TDMS00224,High,4.51,31,19.8,2,74.0,0.707,This_Month,55.2,3,2,0,1,0
TDMS00225,Critical,4.38,20,18.2,1,35.5,0.623,Immediate,74.2,4,4,0,1,0
TDMS00226,Critical,5.75,20,25.4,3,89.8,0.917,Immediate,77.1,4,4,0,1,0
TDMS00227,Critical,4.37,20,14.9,3,47.5,0.726,Immediate,76.7,4,4,0,1,0
TDMS00228,Critical,5.08,20,21.0,4,41.3,0.764,Immediate,81.8,4,4,0,1,0
TDMS00229,Critical,5.4,20,9.4,1,72.6,0.709,Immediate,73.5,4,4,0,1,0
TDMS00230,Medium,3.41,60,19.2,6,37.3,0.838,This_Month,53.8,2,2,0,1,0
TDMS00231,Medium,3.31,0,24.4,3,53.3,0.92,Programmed,25.0,2,1,0,1,0
TDMS00232,Medium,3.76,60,28.3,0,37.3,0.715,This_Month,53.6,2,2,0,1,0
TDMS00233,High,4.02,40,16.8,1,34.0,0.667,This_Month,57.9,3,2,0,1,0
TDMS00234,Critical,5.22,20,17.5,3,69.2,0.586,Immediate,76.0,4,4,0,1,0
TDMS00235,High,4.53,40,13.9,2,26.1,0.873,This_Week,67.6,3,3,0,1,0
TDMS00236,Medium,3.43,60,7.1,1,65.5,0.608,This_Month,44.0,2,2,0,1,0
TDMS00237,High,4.0,40,20.2,1,29.2,0.666,This_Week,68.2,3,3,0,1,0
TDMS00238,High,4.83,40,20.1,3,28.1,0.637,This_Week,70.3,3,3,0,1,0
TDMS00239,High,4.67,40,1.9,0,34.4,0.678,This_Week,62.0,3,3,0,1,0
TDMS00240,Critical,4.8,20,10.4,1,55.0,0.635,Immediate,73.6,4,4,0,1,0
TDMS00241,Medium,3.24,60,14.4,0,25.6,0.698,This_Month,52.6,2,2,0,1,0
TDMS00242,High,4.43,40,18.7,2,62.5,0.712,This_Week,60.4,3,3,0,1,0
TDMS00243,High,4.28,19,2.4,1,39.3,0.692,This_Month,56.1,3,2,0,1,0
TDMS00244,Medium,4.03,13,18.2,0,29.9,0.787,Programmed,26.6,2,1,0,1,0
TDMS00245,High,3.97,40,25.2,3,46.1,0.724,This_Week,67.5,3,3,0,1,0
TDMS00246,Medium,3.49,60,9.0,3,29.9,0.622,This_Month,48.9,2,2,0,1,0
TDMS00247,Critical,4.41,20,4.1,3,44.2,0.715,Immediate,78.9,4,4,0,1,0
TDMS00248,Medium,2.31,60,25.8,2,48.8,0.774,This_Month,50.1,2,2,0,1,0
TDMS00249,Critical,4.26,20,25.8,0,65.0,0.734,Immediate,77.7,4,4,0,1,0
TDMS00250,Medium,3.25,60,13.0,1,64.9,0.611,This_Month,57.5,2,2,0,1,0
TDMS00251,High,4.58,40,18.3,1,30.3,0.734,This_Week,67.0,3,3,0,1,0
TDMS00252,High,4.01,40,7.0,1,42.0,0.709,This_Week,70.1,3,3,0,1,0
TDMS00253,Critical,5.1,20,8.6,1,46.6,0.624,Immediate,71.1,4,4,0,1,0
TDMS00254,Medium,3.76,60,6.4,0,27.0,0.508,This_Month,43.1,2,2,0,1,0
TDMS00255,High,4.43,40,15.8,3,45.0,0.63,This_Month,59.1,3,2,0,1,0
TDMS00256,Medium,4.86,60,5.9,2,37.2,0.681,This_Month,53.9,2,2,0,1,0
TDMS00257,Critical,5.6,20,26.3,4,92.8,0.615,Immediate,82.6,4,4,0,1,0
TDMS00258,High,4.06,40,22.9,3,38.9,0.737,This_Week,63.2,3,3,0,1,0
TDMS00259,High,4.39,40,20.8,1,32.7,0.682,This_Week,71.3,3,3,0,1,0
TDMS00260,Critical,4.33,20,14.5,1,41.1,0.764,Immediate,71.6,4,4,0,1,0
TDMS00261,High,3.95,40,3.7,1,77.2,0.506,This_Month,59.1,3,2,0,1,0
TDMS00262,High,3.96,40,25.2,1,37.1,0.702,This_Week,69.6,3,3,0,1,0
TDMS00263,High,3.4,40,22.6,4,64.3,0.785,This_Week,66.6,3,3,0,1,0
TDMS00264,High,4.69,40,23.2,3,43.3,0.823,This_Week,69.5,3,3,0,1,0
TDMS00265,Critical,5.36,20,21.6,0,55.8,0.57,Immediate,72.4,4,4,0,1,0
TDMS00266,Medium,3.52,60,20.9,1,56.0,0.698,This_Month,52.3,2,2,0,1,0
TDMS00267,Critical,5.57,20,20.6,3,49.6,0.894,Immediate,78.2,4,4,0,1,0
TDMS00268,Critical,4.82,20,2.7,0,75.4,0.749,Immediate,80.1,4,4,0,1,0
TDMS00269,High,3.9,40,14.5,2,37.0,0.727,This_Week,65.0,3,3,0,1,0
TDMS00270,Critical,5.06,20,22.8,2,53.9,0.738,Immediate,73.5,4,4,0,1,0
TDMS00271,High,3.35,40,3.3,0,52.0,0.533,This_Week,67.0,3,3,0,1,0
TDMS00272,Medium,3.83,60,5.2,1,37.4,0.805,This_Month,52.1,2,2,0,1,0
TDMS00273,High,5.06,40,1.3,1,32.7,0.692,This_Week,60.3,3,3,0,1,0
TDMS00274,Critical,4.55,20,8.3,4,61.2,0.881,Immediate,82.0,4,4,0,1,0
TDMS00275,Critical,4.73,20,12.1,1,50.2,0.669,Immediate,74.4,4,4,0,1,0
TDMS00276,Critical,4.63,20,26.6,1,50.4,0.668,Immediate,75.5,4,4,0,1,0
TDMS00277,Medium,3.89,52,25.5,1,59.8,0.705,This_Month,42.8,2,2,0,1,0
TDMS00278,Critical,5.17,20,15.3,3,49.9,0.706,Immediate,71.5,4,4,0,1,0
TDMS00279,Medium,4.14,60,23.8,3,51.7,0.861,This_Month,55.7,2,2,0,1,0
TDMS00280,High,4.92,40,13.7,1,66.3,0.631,This_Week,64.5,3,3,0,1,0
TDMS00281,Medium,3.6,60,19.5,3,71.1,0.816,This_Month,41.2,2,2,0,1,0
TDMS00282,Medium,3.3,60,21.0,1,60.7,0.66,This_Month,44.2,2,2,0,1,0
TDMS00283,High,3.9,40,24.9,2,35.8,0.839,This_Month,59.9,3,2,0,1,0
TDMS00284,Critical,5.34,20,7.3,2,61.2,0.755,Immediate,82.5,4,4,0,1,0
TDMS00285,High,3.93,40,21.0,1,32.6,0.757,This_Week,66.8,3,3,0,1,0
TDMS00286,Critical,5.17,20,12.6,2,41.0,0.79,Immediate,72.6,4,4,0,1,0
TDMS00287,High,2.77,40,1.1,2,60.0,0.728,This_Week,60.2,3,3,0,1,0
TDMS00288,High,3.78,40,7.0,4,55.3,0.694,This_Month,57.6,3,2,0,1,0
TDMS00289,Critical,4.78,20,22.0,3,44.8,0.813,Immediate,77.5,4,4,0,1,0
TDMS00290,Critical,5.76,20,29.3,8,51.9,0.807,Immediate,74.0,4,4,0,1,0
TDMS00291,Critical,5.72,20,11.9,3,41.8,0.789,Immediate,63.0,4,4,0,1,0
TDMS00292,Critical,4.56,20,8.7,2,51.7,0.762,Immediate,81.9,4,4,0,1,0
TDMS00293,Critical,6.5,20,29.7,1,65.2,0.771,Immediate,70.0,4,4,0,1,0
TDMS00294,Medium,4.29,60,5.7,1,23.6,0.595,This_Month,52.7,2,2,0,1,0
TDMS00295,Medium,3.83,60,23.3,4,44.1,0.69,This_Month,45.8,2,2,0,1,0
TDMS00296,High,4.12,40,25.2,7,42.4,0.797,This_Week,61.9,3,3,0,1,0
TDMS00297,Medium,4.96,60,14.6,2,37.7,0.738,This_Month,46.4,2,2,0,1,0
TDMS00298,Critical,5.11,20,17.5,1,44.5,0.616,Immediate,80.5,4,4,0,1,0
TDMS00299,Critical,4.52,20,28.7,1,62.7,0.64,Immediate,77.7,4,4,0,1,0
TDMS00300,High,5.51,40,17.5,3,39.1,0.643,This_Month,56.9,3,2,0,1,0
TDMS00301,Medium,4.0,60,21.6,6,26.7,0.843,This_Month,44.3,2,2,0,1,0
TDMS00302,Critical,5.1,20,20.6,1,66.0,0.736,Immediate,74.9,4,4,0,1,0
TDMS00303,Critical,4.8,20,28.3,2,70.0,0.758,Immediate,77.6,4,4,0,1,0
TDMS00304,High,4.32,40,23.9,0,31.4,0.755,This_Week,61.6,3,3,0,1,0
TDMS00305,Critical,5.4,20,11.7,0,53.0,0.781,Immediate,71.2,4,4,0,1,0
TDMS00306,Medium,4.38,60,10.1,2,21.0,0.71,This_Month,52.6,2,2,0,1,0
TDMS00307,Critical,4.29,20,12.5,1,65.3,0.748,Immediate,77.1,4,4,0,1,0
TDMS00308,High,4.15,40,2.5,2,54.4,0.724,This_Week,71.0,3,3,0,1,0
TDMS00309,High,4.08,40,10.1,1,55.0,0.707,This_Week,61.4,3,3,0,1,0
TDMS00310,High,4.28,1,19.7,1,35.2,0.765,This_Month,51.1,3,2,0,1,0
TDMS00311,Medium,4.23,60,29.1,4,48.7,0.684,This_Month,54.8,2,2,0,1,0
TDMS00312,Critical,4.4,20,4.3,1,69.7,0.622,Immediate,82.7,4,4,0,1,0
TDMS00313,Medium,3.3,0,25.2,2,21.1,0.959,Programmed,25.0,2,1,0,1,0
TDMS00314,Critical,4.38,20,13.6,2,70.5,0.668,Immediate,81.9,4,4,0,1,0
TDMS00315,High,4.4,40,3.5,0,61.9,0.648,This_Week,65.1,3,3,0,1,0
TDMS00316,High,4.89,40,8.3,2,24.4,0.827,This_Week,65.6,3,3,0,1,0
TDMS00317,High,5.56,40,10.4,1,59.0,0.673,This_Week,63.4,3,3,0,1,0
TDMS00318,Critical,6.35,20,13.6,0,74.0,0.626,Immediate,76.4,4,4,0,1,0
TDMS00319,Medium,4.27,60,4.2,0,54.7,0.703,Programmed,37.8,2,1,0,1,0
TDMS00320,Medium,3.6,60,12.3,2,19.1,0.686,This_Month,51.2,2,2,0,1,0
TDMS00321,Critical,5.18,0,10.3,1,63.3,0.853,Immediate,75.0,4,4,0,1,0
TDMS00322,High,4.59,40,26.3,3,26.8,0.832,This_Week,64.1,3,3,0,1,0
TDMS00323,Medium,4.41,60,14.5,1,39.8,0.518,This_Month,51.0,2,2,0,1,0
TDMS00324,Medium,4.96,60,27.2,2,47.1,0.77,This_Month,42.7,2,2,0,1,0
TDMS00325,High,3.73,40,11.7,2,31.7,0.655,This_Week,64.7,3,3,0,1,0
TDMS00326,Medium,3.14,60,24.7,2,26.6,0.601,This_Month,53.1,2,2,0,1,0
TDMS00327,Critical,4.71,20,17.0,1,47.5,0.718,Immediate,74.8,4,4,0,1,0
TDMS00328,Critical,4.62,20,21.6,2,88.9,0.802,Immediate,72.7,4,4,0,1,0
TDMS00329,Critical,4.65,20,22.3,2,43.2,0.627,Immediate,77.8,4,4,0,1,0
TDMS00330,High,4.78,40,24.9,6,64.3,0.748,This_Week,72.0,3,3,0,1,0
TDMS00331,High,4.38,40,12.5,6,66.3,0.802,This_Week,72.9,3,3,0,1,0
TDMS00332,Critical,5.05,20,27.4,3,46.8,0.892,Immediate,66.9,4,4,0,1,0
TDMS00333,Medium,4.54,60,24.0,2,24.9,0.838,This_Month,47.2,2,2,0,1,0
TDMS00334,High,4.4,40,19.1,5,57.6,0.695,This_Month,57.9,3,2,0,1,0
TDMS00335,Medium,2.93,60,13.9,0,19.0,0.702,This_Month,50.4,2,2,0,1,0
TDMS00336,Medium,3.96,60,30.0,4,29.0,0.8,This_Month,48.1,2,2,0,1,0
TDMS00337,Critical,5.0,20,28.4,1,45.6,0.762,Immediate,76.1,4,4,0,1,0
TDMS00338,Critical,5.82,20,24.0,2,41.0,0.758,Immediate,76.8,4,4,0,1,0
TDMS00339,Critical,5.12,20,21.4,3,53.7,0.875,Immediate,69.2,4,4,0,1,0
TDMS00340,Medium,3.03,60,19.2,3,30.9,0.848,This_Month,45.7,2,2,0,1,0
TDMS00341,Medium,3.5,60,19.6,1,40.7,0.5,This_Month,48.0,2,2,0,1,0
TDMS00342,Medium,4.53,60,18.0,6,52.7,0.755,This_Month,49.2,2,2,0,1,0
TDMS00343,High,5.04,40,14.6,2,51.7,0.852,This_Week,65.6,3,3,0,1,0
TDMS00344,Critical,5.58,20,29.9,2,86.3,0.732,Immediate,78.9,4,4,0,1,0
TDMS00345,High,4.85,40,24.2,4,60.3,0.784,This_Week,66.4,3,3,0,1,0
TDMS00346,Medium,4.24,60,13.9,0,68.2,0.679,This_Month,43.9,2,2,0,1,0
TDMS00347,Critical,5.46,9,26.4,4,35.1,0.754,Immediate,65.1,4,4,0,1,0
TDMS00348,Medium,2.81,60,28.9,5,69.7,0.739,This_Month,52.4,2,2,0,1,0
TDMS00349,Critical,5.21,20,11.9,0,39.8,0.652,Immediate,83.8,4,4,0,1,0
TDMS00350,Critical,4.81,20,28.6,3,73.0,0.904,Immediate,73.1,4,4,0,1,0
TDMS00351,Medium,3.35,60,29.4,5,69.0,0.876,This_Week,61.6,2,3,0,1,0
TDMS00352,Critical,4.83,20,12.2,2,53.2,0.632,Immediate,74.1,4,4,0,1,0
TDMS00353,High,5.39,40,9.7,1,46.2,0.694,This_Week,62.9,3,3,0,1,0
TDMS00354,Critical,4.11,20,24.4,2,46.0,0.85,Immediate,84.2,4,4,0,1,0
TDMS00355,Critical,4.18,20,14.0,3,47.9,0.896,Immediate,75.8,4,4,0,1,0
TDMS00356,High,3.58,40,19.6,2,67.4,0.768,This_Week,68.2,3,3,0,1,0
TDMS00357,High,4.03,40,29.2,3,27.0,0.762,This_Week,70.1,3,3,0,1,0
TDMS00358,High,3.65,40,6.7,3,37.6,0.657,This_Week,68.2,3,3,0,1,0
TDMS00359,Medium,4.71,60,19.9,3,31.3,0.793,This_Month,48.6,2,2,0,1,0
TDMS00360,High,4.35,40,13.1,3,32.2,0.704,This_Week,64.5,3,3,0,1,0
TDMS00361,High,4.08,40,19.8,2,32.0,0.918,This_Week,64.4,3,3,0,1,0
TDMS00362,High,3.4,40,13.6,1,48.4,0.736,This_Month,53.6,3,2,0,1,0
TDMS00363,Critical,5.61,5,14.3,3,39.9,0.87,Immediate,74.7,4,4,0,1,0
TDMS00364,Medium,3.37,60,16.6,3,50.3,0.912,This_Month,54.3,2,2,0,1,0
TDMS00365,Critical,4.85,20,23.5,3,95.3,0.856,Immediate,71.5,4,4,0,1,0
TDMS00366,Medium,3.89,52,26.8,4,26.9,0.905,This_Month,52.0,2,2,0,1,0
TDMS00367,Medium,3.21,60,7.2,3,61.0,0.876,This_Month,56.7,2,2,0,1,0
TDMS00368,High,3.94,35,4.4,1,50.9,0.659,This_Week,60.9,3,3,0,1,0
TDMS00369,Medium,4.1,60,27.0,3,46.4,0.81,This_Month,55.0,2,2,0,1,0
TDMS00370,Critical,4.0,4,27.8,2,42.8,0.96,Immediate,67.7,4,4,0,1,0
TDMS00371,High,3.37,40,2.4,1,33.2,0.611,This_Week,65.5,3,3,0,1,0
TDMS00372,Medium,3.53,60,17.0,4,35.9,0.831,This_Month,58.7,2,2,0,1,0
TDMS00373,Medium,3.51,60,6.9,1,25.0,0.628,This_Month,51.5,2,2,0,1,0
TDMS00374,Critical,5.1,20,23.6,1,63.6,0.783,Immediate,77.6,4,4,0,1,0
TDMS00375,Medium,4.07,60,3.0,0,53.0,0.833,This_Month,46.7,2,2,0,1,0
TDMS00376,Critical,4.34,20,11.5,0,50.3,0.673,Immediate,74.0,4,4,0,1,0
TDMS00377,High,4.17,40,8.5,0,57.5,0.74,This_Week,66.2,3,3,0,1,0
TDMS00378,High,5.29,0,4.5,1,41.2,0.735,This_Month,45.7,3,2,0,1,0
TDMS00379,Critical,4.52,20,3.8,1,41.6,0.669,Immediate,74.8,4,4,0,1,0
TDMS00380,High,3.08,40,24.4,3,30.4,0.884,This_Week,62.7,3,3,0,1,0
TDMS00381,High,4.3,40,7.6,1,57.4,0.751,This_Week,70.8,3,3,0,1,0
TDMS00382,Medium,3.67,60,21.0,2,32.8,0.784,This_Month,46.9,2,2,0,1,0
TDMS00383,Critical,5.11,20,23.5,1,44.2,0.5,Immediate,77.1,4,4,0,1,0
TDMS00384,High,4.6,40,13.1,3,61.0,0.775,This_Week,66.0,3,3,0,1,0
TDMS00385,Critical,5.56,19,4.8,0,37.6,0.755,Immediate,69.7,4,4,0,1,0
TDMS00386,Medium,3.14,27,19.4,3,17.4,0.682,Programmed,39.5,2,1,0,1,0
TDMS00387,High,4.43,40,24.6,5,60.0,0.871,This_Week,61.8,3,3,0,1,0
TDMS00388,High,4.27,40,30.0,3,29.5,0.793,This_Month,58.5,3,2,0,1,0
TDMS00389,Medium,3.13,60,16.9,0,42.9,0.783,This_Month,44.6,2,2,0,1,0
TDMS00390,High,4.32,40,27.4,3,47.9,0.648,This_Month,57.0,3,2,0,1,0
TDMS00391,Critical,5.28,20,2.4,0,60.4,0.603,Immediate,73.2,4,4,0,1,0
TDMS00392,High,4.77,40,11.7,4,61.6,0.787,This_Week,74.1,3,3,0,1,0
TDMS00393,High,3.98,40,16.8,0,41.6,0.693,This_Week,64.9,3,3,0,1,0
TDMS00394,High,3.88,40,28.5,3,44.3,0.706,This_Week,70.3,3,3,0,1,0
TDMS00395,High,3.59,40,29.8,3,53.4,0.734,This_Week,74.6,3,3,0,1,0
TDMS00396,Medium,3.17,60,25.6,4,28.6,0.759,This_Month,51.8,2,2,0,1,0
TDMS00397,High,5.3,40,7.1,0,29.8,0.644,This_Week,61.0,3,3,0,1,0
TDMS00398,Medium,3.24,60,4.0,3,18.0,0.882,This_Month,56.5,2,2,0,1,0
TDMS00399,Critical,4.5,20,24.3,0,72.4,0.527,Immediate,80.0,4,4,0,1,0
TDMS00400,Medium,4.8,60,4.9,1,60.8,0.736,This_Month,47.6,2,2,0,1,0
TDMS00401,High,4.22,40,17.7,4,69.4,0.726,Immediate,75.9,3,4,0,1,0
TDMS00402,High,3.89,40,11.8,1,39.2,0.774,This_Week,63.8,3,3,0,1,0
TDMS00403,Medium,2.69,60,28.3,7,38.3,0.833,This_Month,52.2,2,2,0,1,0
TDMS00404,High,4.79,40,5.1,3,80.8,0.763,This_Month,59.7,3,2,0,1,0
TDMS00405,High,3.27,40,11.5,1,38.7,0.716,This_Month,56.3,3,2,0,1,0
TDMS00406,Medium,2.7,56,13.3,2,30.1,0.826,This_Month,53.1,2,2,0,1,0
TDMS00407,Critical,5.14,20,8.0,0,63.2,0.778,Immediate,72.2,4,4,0,1,0
TDMS00408,Critical,5.79,20,7.1,2,42.8,0.7,Immediate,76.4,4,4,0,1,0
TDMS00409,Medium,3.12,60,7.7,3,49.4,0.676,This_Month,51.7,2,2,0,1,0
TDMS00410,Medium,3.22,60,29.6,4,67.5,0.908,This_Week,64.6,2,3,0,1,0
TDMS00411,Critical,4.85,20,3.2,0,42.2,0.703,Immediate,82.3,4,4,0,1,0
TDMS00412,Medium,3.79,56,25.4,1,26.3,0.633,This_Month,46.3,2,2,0,1,0
TDMS00413,Critical,4.62,20,16.6,0,40.6,0.765,Immediate,72.1,4,4,0,1,0
TDMS00414,Medium,3.64,60,19.2,2,51.5,0.75,This_Month,52.5,2,2,0,1,0
TDMS00415,High,3.88,40,25.3,3,43.2,0.8,This_Week,65.4,3,3,0,1,0
TDMS00416,High,3.68,40,23.6,2,49.7,0.655,This_Week,71.1,3,3,0,1,0
TDMS00417,Critical,5.45,20,9.0,2,49.1,0.731,Immediate,78.5,4,4,0,1,0
TDMS00418,High,3.32,40,11.3,3,54.3,0.821,This_Week,65.7,3,3,0,1,0
TDMS00419,Critical,6.37,20,6.8,2,48.3,0.782,Immediate,78.6,4,4,0,1,0
TDMS00420,Critical,4.49,20,6.1,1,62.7,0.686,Immediate,79.9,4,4,0,1,0
TDMS00421,Medium,2.53,60,20.0,2,22.5,0.782,This_Month,43.3,2,2,0,1,0
TDMS00422,Medium,4.25,60,12.8,2,28.1,0.88,This_Month,51.9,2,2,0,1,0
TDMS00423,Medium,3.46,0,15.8,1,47.8,0.757,Programmed,26.6,2,1,0,1,0
TDMS00424,Critical,4.58,20,23.8,3,40.4,0.848,Immediate,76.1,4,4,0,1,0
TDMS00425,High,5.43,40,3.3,0,35.7,0.793,This_Week,61.7,3,3,0,1,0
TDMS00426,Medium,3.21,60,17.4,2,72.9,0.822,This_Month,58.0,2,2,0,1,0
TDMS00427,Medium,3.57,60,19.0,4,55.7,0.805,This_Month,51.2,2,2,0,1,0
TDMS00428,Critical,4.83,20,8.5,0,44.3,0.626,Immediate,77.6,4,4,0,1,0
TDMS00429,Medium,3.54,60,29.8,4,31.9,0.815,This_Month,54.5,2,2,0,1,0
TDMS00430,High,3.88,40,13.7,1,51.9,0.725,This_Month,57.0,3,2,0,1,0
TDMS00431,High,4.28,40,17.6,3,37.1,0.707,This_Week,68.0,3,3,0,1,0
TDMS00432,High,3.43,40,18.7,2,55.5,0.77,This_Week,65.9,3,3,0,1,0
TDMS00433,High,3.93,40,6.5,0,36.3,0.83,This_Week,64.5,3,3,0,1,0
TDMS00434,Critical,4.7,20,14.9,4,69.7,0.74,Immediate,72.7,4,4,0,1,0
TDMS00435,High,3.49,40,11.1,1,37.1,0.643,This_Week,64.1,3,3,0,1,0
TDMS00436,Critical,4.45,20,22.6,1,63.6,0.755,Immediate,73.3,4,4,0,1,0
TDMS00437,High,4.03,40,26.7,1,33.0,0.776,This_Week,64.9,3,3,0,1,0
TDMS00438,Medium,4.05,60,20.6,5,61.0,0.727,This_Month,54.6,2,2,0,1,0
TDMS00439,High,3.34,40,23.6,3,39.9,0.721,This_Month,58.2,3,2,0,1,0
TDMS00440,Critical,5.04,20,4.8,1,68.7,0.825,Immediate,75.1,4,4,0,1,0
TDMS00441,High,4.33,40,2.7,1,38.8,0.65,This_Week,68.7,3,3,0,1,0
TDMS00442,Medium,4.07,60,7.3,3,29.1,0.747,This_Month,49.6,2,2,0,1,0
TDMS00443,Critical,6.24,20,16.4,2,62.3,0.777,Immediate,82.8,4,4,0,1,0
TDMS00444,Critical,5.38,20,17.3,0,93.9,0.755,Immediate,83.6,4,4,0,1,0
TDMS00445,High,4.9,40,2.1,1,58.2,0.659,This_Month,59.0,3,2,0,1,0
TDMS00446,Critical,5.04,20,5.5,1,41.3,0.651,Immediate,72.3,4,4,0,1,0
TDMS00447,Medium,3.57,60,17.4,0,31.2,0.687,This_Week,61.7,2,3,0,1,0
TDMS00448,Medium,3.07,45,4.8,2,54.0,0.794,This_Month,47.6,2,2,0,1,0
TDMS00449,High,4.93,40,20.7,3,48.4,0.868,This_Week,71.9,3,3,0,1,0
TDMS00450,Medium,3.96,60,13.4,5,30.0,0.777,This_Month,55.8,2,2,0,1,0
TDMS00451,High,3.93,40,6.5,2,72.5,0.715,This_Week,62.6,3,3,0,1,0
TDMS00452,Critical,5.38,20,28.7,3,87.0,0.671,Immediate,81.0,4,4,0,1,0
TDMS00453,Medium,4.17,60,21.2,1,49.0,0.72,This_Month,49.1,2,2,0,1,0
TDMS00454,Critical,5.46,20,17.8,2,41.5,0.649,Immediate,70.0,4,4,0,1,0
TDMS00455,High,3.0,40,17.7,2,80.3,0.706,This_Week,63.1,3,3,0,1,0
TDMS00456,Critical,5.39,20,21.6,1,54.8,0.755,Immediate,76.1,4,4,0,1,0
TDMS00457,Medium,2.5,60,15.8,4,44.7,0.74,This_Month,44.4,2,2,0,1,0
TDMS00458,Medium,3.56,60,13.4,3,51.6,0.781,This_Month,46.2,2,2,0,1,0
TDMS00459,High,4.97,40,28.4,0,84.9,0.641,This_Week,68.4,3,3,0,1,0
TDMS00460,Medium,3.59,60,27.6,4,47.9,0.865,This_Month,55.2,2,2,0,1,0
TDMS00461,High,3.87,40,15.4,3,41.2,0.895,This_Week,64.1,3,3,0,1,0
TDMS00462,High,4.57,40,4.8,4,59.2,0.751,This_Week,68.1,3,3,0,1,0
TDMS00463,Critical,5.63,20,24.9,5,63.3,0.74,Immediate,79.3,4,4,0,1,0
TDMS00464,Medium,3.7,60,27.6,8,74.7,0.774,This_Month,56.0,2,2,0,1,0
TDMS00465,High,4.46,40,10.5,0,47.5,0.72,This_Week,73.1,3,3,0,1,0
TDMS00466,High,4.07,40,16.1,0,42.4,0.68,This_Week,64.0,3,3,0,1,0
TDMS00467,Medium,3.43,60,25.8,3,52.9,0.712,This_Month,54.2,2,2,0,1,0
TDMS00468,High,5.39,40,12.1,5,37.1,0.894,This_Week,60.4,3,3,0,1,0
TDMS00469,Medium,3.37,36,1.6,1,68.7,0.632,Programmed,39.0,2,1,0,1,0
TDMS00470,Critical,6.47,20,29.5,1,39.8,0.674,Immediate,79.6,4,4,0,1,0
TDMS00471,Medium,3.4,25,29.6,2,29.2,0.84,Programmed,32.1,2,1,0,1,0
TDMS00472,High,4.78,40,24.8,3,59.0,0.745,This_Week,68.1,3,3,0,1,0
TDMS00473,Critical,5.71,20,24.4,2,40.3,0.742,Immediate,80.3,4,4,0,1,0
TDMS00474,Medium,3.26,60,22.1,1,25.7,0.625,This_Month,50.5,2,2,0,1,0
TDMS00475,High,5.02,40,16.6,3,40.0,0.733,This_Week,64.7,3,3,0,1,0
TDMS00476,High,4.13,40,26.2,2,59.1,0.823,This_Week,60.8,3,3,0,1,0
TDMS00477,Critical,5.47,20,23.9,1,40.1,0.789,Immediate,71.8,4,4,0,1,0
TDMS00478,Critical,4.46,20,22.8,3,46.9,0.701,Immediate,75.6,4,4,0,1,0
TDMS00479,High,4.28,40,28.1,4,35.3,0.783,This_Week,63.2,3,3,0,1,0
TDMS00480,High,4.82,40,25.6,2,74.7,0.777,This_Week,63.6,3,3,0,1,0
TDMS00481,High,3.61,40,19.3,2,62.2,0.79,This_Week,66.9,3,3,0,1,0
TDMS00482,High,4.06,40,22.8,7,37.9,0.805,This_Week,63.8,3,3,0,1,0
TDMS00483,High,3.81,40,2.4,0,39.7,0.715,This_Week,68.9,3,3,0,1,0
TDMS00484,High,3.99,40,18.3,2,38.2,0.787,This_Week,66.8,3,3,0,1,0
TDMS00485,Critical,6.02,20,23.3,1,68.2,0.702,Immediate,70.0,4,4,0,1,0
TDMS00486,Critical,4.99,20,15.0,3,65.7,0.876,Immediate,80.5,4,4,0,1,0
TDMS00487,Medium,3.83,60,16.5,2,35.8,0.744,This_Month,58.1,2,2,0,1,0
TDMS00488,High,4.87,5,10.2,4,64.7,0.81,This_Month,55.1,3,2,0,1,0
TDMS00489,Critical,5.64,20,19.4,1,39.6,0.716,Immediate,75.6,4,4,0,1,0
TDMS00490,Medium,2.93,60,27.5,2,40.9,0.725,This_Month,44.5,2,2,0,1,0
TDMS00491,Medium,2.88,22,1.0,3,54.9,0.862,Programmed,37.5,2,1,0,1,0
TDMS00492,High,3.57,40,29.7,1,34.1,0.564,This_Week,64.2,3,3,0,1,0
TDMS00493,Medium,3.4,60,18.2,0,27.2,0.612,This_Month,57.3,2,2,0,1,0
TDMS00494,Medium,3.15,60,23.3,4,29.6,0.857,This_Month,52.5,2,2,0,1,0
TDMS00495,High,4.03,40,28.9,1,45.4,0.658,This_Week,63.5,3,3,0,1,0
TDMS00496,Medium,4.35,60,24.9,1,16.2,0.747,This_Month,42.6,2,2,0,1,0
TDMS00497,High,4.28,40,1.7,0,59.4,0.671,This_Month,59.5,3,2,0,1,0
TDMS00498,Critical,4.75,20,8.7,4,45.9,0.777,Immediate,77.4,4,4,0,1,0
TDMS00499,High,3.77,6,17.5,5,58.0,0.855,This_Month,52.6,3,2,0,1,0
TDMS00500,High,3.33,40,5.9,2,67.8,0.648,This_Week,69.8,3,3,0,1,0
TDMS00501,Critical,4.53,20,9.2,2,37.8,0.727,Immediate,72.0,4,4,0,1,0
TDMS00502,High,4.79,40,22.2,6,43.0,0.903,This_Week,66.5,3,3,0,1,0
TDMS00503,High,3.9,39,23.6,2,35.9,0.655,This_Week,62.9,3,3,0,1,0
TDMS00504,Critical,4.94,20,18.4,3,43.6,0.835,Immediate,77.9,4,4,0,1,0
TDMS00505,Critical,4.87,20,24.3,3,63.1,0.73,Immediate,70.6,4,4,0,1,0
TDMS00506,Critical,5.68,20,9.9,1,42.2,0.74,Immediate,72.4,4,4,0,1,0
TDMS00507,High,3.79,40,25.2,3,46.3,0.914,This_Week,66.7,3,3,0,1,0
TDMS00508,Critical,6.5,20,29.4,3,54.3,0.779,Immediate,77.5,4,4,0,1,0
TDMS00509,Critical,4.72,20,11.7,4,53.5,0.844,Immediate,76.6,4,4,0,1,0
TDMS00510,High,4.37,40,13.9,1,59.9,0.805,This_Month,55.1,3,2,0,1,0
TDMS00511,Medium,3.48,60,13.3,2,29.8,0.772,This_Week,60.6,2,3,0,1,0
TDMS00512,High,4.07,40,16.2,0,35.9,0.606,This_Week,61.8,3,3,0,1,0
TDMS00513,Critical,4.73,20,7.1,2,38.8,0.811,Immediate,77.4,4,4,0,1,0
TDMS00514,Medium,2.66,60,12.4,1,55.0,0.657,This_Month,47.2,2,2,0,1,0
TDMS00515,High,4.44,40,2.3,1,42.1,0.653,This_Month,58.4,3,2,0,1,0
TDMS00516,Critical,5.06,20,8.8,1,45.2,0.579,Immediate,78.1,4,4,0,1,0
TDMS00517,Critical,5.04,20,12.4,3,58.6,0.875,Immediate,81.7,4,4,0,1,0
TDMS00518,High,5.56,40,5.4,0,67.5,0.659,This_Month,58.9,3,2,0,1,0
TDMS00519,High,4.49,29,10.3,5,33.2,0.897,This_Week,60.0,3,3,0,1,0
TDMS00520,High,3.46,40,11.1,1,58.0,0.744,This_Week,63.7,3,3,0,1,0
TDMS00521,High,4.13,40,17.7,3,60.3,0.854,This_Month,59.2,3,2,0,1,0
TDMS00522,Critical,4.85,20,15.7,1,68.1,0.676,Immediate,73.1,4,4,0,1,0
TDMS00523,High,4.96,40,15.0,3,34.0,0.905,This_Week,70.4,3,3,0,1,0
TDMS00524,Critical,6.18,20,22.1,0,64.4,0.646,Immediate,73.0,4,4,0,1,0
TDMS00525,Medium,3.67,60,15.0,3,32.3,0.733,This_Month,40.8,2,2,0,1,0
TDMS00526,Critical,3.66,20,6.8,1,71.4,0.802,Immediate,75.9,4,4,0,1,0
TDMS00527,High,3.98,40,17.4,1,54.1,0.623,This_Week,66.8,3,3,0,1,0
TDMS00528,Critical,4.6,5,20.2,2,72.7,0.913,Immediate,77.6,4,4,0,1,0
TDMS00529,Medium,4.1,52,5.9,2,34.8,0.96,This_Month,51.5,2,2,0,1,0
TDMS00530,High,3.92,29,29.6,2,57.9,0.914,This_Month,58.2,3,2,0,1,0
TDMS00531,Medium,3.57,60,11.1,2,25.5,0.745,This_Month,44.9,2,2,0,1,0
TDMS00532,Critical,4.82,20,13.2,2,73.6,0.837,Immediate,78.4,4,4,0,1,0
TDMS00533,Critical,6.12,20,23.9,5,50.7,0.784,Immediate,80.3,4,4,0,1,0
TDMS00534,Medium,3.59,60,21.5,2,36.2,0.9,This_Month,48.5,2,2,0,1,0
TDMS00535,Critical,6.1,20,20.8,2,42.1,0.834,Immediate,76.8,4,4,0,1,0
TDMS00536,High,4.88,40,8.1,2,63.8,0.723,This_Week,60.7,3,3,0,1,0
TDMS00537,Medium,4.43,60,2.7,1,41.8,0.622,This_Month,48.2,2,2,0,1,0
TDMS00538,Critical,6.07,20,16.8,2,73.6,0.907,Immediate,71.6,4,4,0,1,0
TDMS00539,Medium,4.31,60,13.5,5,43.3,0.823,This_Month,55.7,2,2,0,1,0
TDMS00540,Critical,4.91,20,7.2,4,57.4,0.778,Immediate,76.7,4,4,0,1,0
TDMS00541,High,3.94,40,9.4,1,35.9,0.614,This_Week,61.9,3,3,0,1,0
TDMS00542,Critical,3.95,20,22.3,2,43.5,0.746,Immediate,80.5,4,4,0,1,0
TDMS00543,Medium,2.33,60,4.1,1,25.0,0.619,This_Month,51.8,2,2,0,1,0
TDMS00544,High,4.37,40,4.2,1,60.0,0.786,This_Month,56.3,3,2,0,1,0
TDMS00545,Medium,4.52,60,25.5,4,33.1,0.824,This_Month,56.5,2,2,0,1,0
TDMS00546,Critical,5.16,20,24.8,2,44.8,0.819,Immediate,74.1,4,4,0,1,0
TDMS00547,Medium,2.43,60,9.9,1,25.3,0.61,This_Month,54.7,2,2,0,1,0
TDMS00548,Critical,4.92,20,27.9,3,48.6,0.789,Immediate,81.7,4,4,0,1,0
TDMS00549,Critical,5.74,20,6.4,2,87.9,0.655,Immediate,85.5,4,4,0,1,0
TDMS00550,Medium,3.49,60,25.8,3,49.3,0.769,This_Month,55.1,2,2,0,1,0
TDMS00551,Medium,3.93,0,7.0,2,23.1,0.821,Programmed,25.0,2,1,0,1,0
TDMS00552,Critical,3.57,20,20.8,4,45.1,0.712,Immediate,83.5,4,4,0,1,0
TDMS00553,High,4.27,40,15.3,1,64.6,0.679,This_Week,67.1,3,3,0,1,0
TDMS00554,Medium,3.93,60,9.2,1,49.6,0.635,This_Month,52.7,2,2,0,1,0
TDMS00555,High,4.41,40,28.7,4,35.3,0.65,This_Week,66.3,3,3,0,1,0
TDMS00556,Medium,3.62,60,19.9,3,62.9,0.786,This_Month,52.9,2,2,0,1,0
TDMS00557,High,4.68,40,23.9,2,34.0,0.853,This_Month,57.7,3,2,0,1,0
TDMS00558,Medium,4.72,60,4.1,2,17.4,0.845,This_Month,50.8,2,2,0,1,0
TDMS00559,High,4.52,40,7.8,0,40.5,0.616,This_Week,69.4,3,3,0,1,0
TDMS00560,Medium,3.31,60,15.1,1,48.6,0.74,This_Month,53.2,2,2,0,1,0
TDMS00561,High,3.79,40,7.0,4,48.1,0.695,This_Week,64.4,3,3,0,1,0
TDMS00562,Medium,3.77,60,25.1,5,48.7,0.675,This_Month,55.2,2,2,0,1,0
TDMS00563,Critical,6.3,20,18.2,3,36.2,0.817,Immediate,82.8,4,4,0,1,0
TDMS00564,High,3.72,40,25.7,2,42.1,0.848,This_Week,65.3,3,3,0,1,0
TDMS00565,High,4.59,40,16.4,0,46.8,0.658,This_Week,62.8,3,3,0,1,0
TDMS00566,Medium,2.66,43,18.4,0,26.9,0.768,This_Month,47.7,2,2,0,1,0
TDMS00567,Medium,3.17,60,11.4,0,40.7,0.794,This_Month,50.7,2,2,0,1,0
TDMS00568,High,5.35,40,21.0,1,37.5,0.707,This_Week,65.1,3,3,0,1,0
TDMS00569,High,3.87,40,25.7,1,34.5,0.749,This_Week,66.5,3,3,0,1,0
TDMS00570,High,3.9,40,6.4,2,24.2,0.719,This_Week,68.9,3,3,0,1,0
TDMS00571,Medium,3.65,60,24.5,5,22.9,0.789,This_Month,48.9,2,2,0,1,0
TDMS00572,High,5.26,40,16.6,0,56.2,0.689,This_Week,60.6,3,3,0,1,0
TDMS00573,Critical,4.34,20,16.6,1,48.4,0.796,Immediate,65.7,4,4,0,1,0
TDMS00574,Critical,4.66,8,26.1,2,55.0,0.808,Immediate,70.1,4,4,0,1,0
TDMS00575,Critical,5.44,20,10.7,2,70.6,0.84,Immediate,82.4,4,4,0,1,0
TDMS00576,Critical,5.1,20,8.7,1,38.4,0.665,Immediate,73.7,4,4,0,1,0
TDMS00577,Critical,5.21,20,18.0,0,42.7,0.673,Immediate,80.4,4,4,0,1,0
TDMS00578,High,4.74,40,6.1,1,35.1,0.665,This_Month,51.5,3,2,0,1,0
TDMS00579,Medium,4.05,60,8.7,0,78.8,0.668,This_Month,55.5,2,2,0,1,0
TDMS00580,Critical,4.6,20,4.1,1,50.9,0.725,Immediate,76.5,4,4,0,1,0
TDMS00581,High,4.47,40,26.3,3,37.7,0.715,This_Month,55.6,3,2,0,1,0
TDMS00582,Medium,4.13,60,21.1,5,51.8,0.832,This_Month,55.3,2,2,0,1,0
TDMS00583,Medium,2.79,60,4.5,1,37.3,0.606,This_Month,50.2,2,2,0,1,0
TDMS00584,Critical,6.13,20,5.1,3,27.9,0.794,Immediate,82.2,4,4,0,1,0
TDMS00585,Medium,4.07,60,24.3,2,48.0,0.881,This_Month,51.4,2,2,0,1,0
TDMS00586,Medium,4.73,60,11.3,2,28.4,0.906,This_Month,55.9,2,2,0,1,0
TDMS00587,High,4.0,40,23.8,3,52.1,0.91,This_Week,73.1,3,3,0,1,0
TDMS00588,Medium,3.62,47,5.9,1,25.5,0.704,This_Month,48.4,2,2,0,1,0
TDMS00589,High,3.97,40,27.8,1,31.1,0.651,This_Week,73.3,3,3,0,1,0
TDMS00590,Medium,4.03,60,2.2,0,57.9,0.641,This_Month,51.0,2,2,0,1,0
TDMS00591,Critical,5.62,20,19.0,1,72.9,0.601,Immediate,73.0,4,4,0,1,0
TDMS00592,Critical,4.38,20,1.7,3,52.1,0.774,Immediate,79.2,4,4,0,1,0
TDMS00593,High,3.7,40,19.4,2,41.0,0.849,This_Week,63.3,3,3,0,1,0
TDMS00594,Critical,4.65,20,17.7,1,69.2,0.76,Immediate,85.3,4,4,0,1,0
TDMS00595,Medium,4.47,60,13.8,2,27.9,0.697,This_Month,48.6,2,2,0,1,0
TDMS00596,Medium,3.55,28,1.0,3,45.9,0.774,This_Month,52.8,2,2,0,1,0
TDMS00597,Medium,3.14,60,13.0,5,82.1,0.724,This_Month,56.4,2,2,0,1,0
TDMS00598,Medium,3.78,60,25.5,2,77.6,0.722,This_Month,51.5,2,2,0,1,0
TDMS00599,Critical,5.33,20,12.7,1,68.7,0.692,Immediate,70.2,4,4,0,1,0
TDMS00600,High,5.33,40,25.5,4,61.3,0.723,This_Week,70.3,3,3,0,1,0
TDMS00601,Medium,4.51,60,14.5,1,49.3,0.777,This_Month,55.9,2,2,0,1,0
TDMS00602,High,3.91,40,20.5,3,34.6,0.817,This_Week,72.4,3,3,0,1,0
TDMS00603,Critical,5.68,20,20.1,2,49.4,0.741,Immediate,81.4,4,4,0,1,0
TDMS00604,Critical,4.2,20,27.8,3,40.2,0.709,Immediate,73.6,4,4,0,1,0
TDMS00605,Critical,4.6,20,21.8,2,65.4,0.749,Immediate,77.0,4,4,0,1,0
TDMS00606,High,4.59,32,5.3,5,57.6,0.824,This_Month,58.4,3,2,0,1,0
TDMS00607,High,3.31,40,9.5,2,48.9,0.732,This_Week,70.9,3,3,0,1,0
TDMS00608,Critical,5.62,20,15.7,3,43.2,0.862,Immediate,78.4,4,4,0,1,0
TDMS00609,Critical,5.63,7,25.1,2,46.3,0.96,Immediate,71.5,4,4,0,1,0
TDMS00610,Critical,4.38,20,5.9,0,76.5,0.551,Immediate,77.1,4,4,0,1,0
TDMS00611,High,4.58,40,20.7,1,56.6,0.759,This_Week,60.3,3,3,0,1,0
TDMS00612,Medium,3.07,60,10.6,2,41.9,0.776,This_Month,54.3,2,2,0,1,0
TDMS00613,Medium,4.19,60,24.0,4,45.0,0.855,This_Month,44.7,2,2,0,1,0
TDMS00614,Medium,3.77,60,6.1,0,31.4,0.732,This_Month,47.2,2,2,0,1,0
TDMS00615,High,2.98,40,24.0,2,60.2,0.865,This_Week,66.0,3,3,0,1,0
TDMS00616,Medium,3.39,60,17.7,4,46.1,0.783,This_Month,46.4,2,2,0,1,0
TDMS00617,Medium,3.78,60,18.4,3,24.2,0.698,This_Month,56.2,2,2,0,1,0
TDMS00618,Critical,5.25,20,6.5,1,44.9,0.726,Immediate,68.6,4,4,0,1,0
TDMS00619,Medium,4.15,18,25.7,1,49.9,0.753,Programmed,29.9,2,1,0,1,0
TDMS00620,Medium,3.21,60,25.2,2,24.0,0.833,Programmed,39.4,2,1,0,1,0
TDMS00621,Medium,3.68,60,28.6,5,29.8,0.769,This_Month,54.9,2,2,0,1,0
TDMS00622,Critical,5.48,20,3.6,1,28.6,0.684,Immediate,79.1,4,4,0,1,0
TDMS00623,High,5.52,40,7.3,3,25.5,0.59,This_Week,69.0,3,3,0,1,0
TDMS00624,High,4.78,38,4.8,2,63.0,0.718,This_Week,69.0,3,3,0,1,0
TDMS00625,Medium,3.32,60,11.7,1,46.2,0.638,This_Month,52.4,2,2,0,1,0
TDMS00626,Medium,4.09,60,20.4,1,55.5,0.721,This_Month,56.2,2,2,0,1,0
TDMS00627,Critical,4.71,20,22.7,3,42.2,0.742,Immediate,68.7,4,4,0,1,0
TDMS00628,High,3.42,40,20.5,4,63.5,0.9,This_Week,61.7,3,3,0,1,0
TDMS00629,Medium,3.44,28,30.0,1,28.6,0.671,Programmed,32.8,2,1,0,1,0
TDMS00630,Medium,3.5,57,6.9,2,47.0,0.852,This_Month,48.0,2,2,0,1,0
TDMS00631,Critical,4.81,20,13.0,1,61.7,0.583,Immediate,74.9,4,4,0,1,0
TDMS00632,Critical,5.02,20,1.1,2,73.9,0.823,Immediate,81.5,4,4,0,1,0
TDMS00633,High,3.82,34,12.4,3,31.2,0.784,This_Week,60.2,3,3,0,1,0
TDMS00634,Medium,4.23,0,20.1,5,64.1,0.911,Programmed,32.6,2,1,0,1,0
TDMS00635,Medium,4.1,60,27.9,2,30.3,0.788,This_Month,57.4,2,2,0,1,0
TDMS00636,High,3.8,0,23.9,2,35.7,0.919,This_Month,51.5,3,2,0,1,0
TDMS00637,Critical,5.09,20,19.8,1,73.9,0.842,Immediate,74.9,4,4,0,1,0
TDMS00638,Medium,4.12,44,23.6,3,24.4,0.723,This_Month,50.2,2,2,0,1,0
TDMS00639,Critical,6.21,20,29.5,4,55.3,0.672,Immediate,86.1,4,4,0,1,0
TDMS00640,Critical,5.92,20,9.9,0,45.6,0.59,Immediate,78.3,4,4,0,1,0
TDMS00641,Critical,3.77,20,16.3,2,49.8,0.7,Immediate,79.0,4,4,0,1,0
TDMS00642,High,3.53,40,21.9,1,37.8,0.627,This_Week,68.6,3,3,0,1,0
TDMS00643,High,3.57,40,10.6,2,25.8,0.7,This_Week,69.2,3,3,0,1,0
TDMS00644,Critical,5.51,17,17.1,6,92.9,0.822,Immediate,63.9,4,4,0,1,0
TDMS00645,Critical,4.47,20,22.1,5,36.8,0.918,Immediate,75.0,4,4,0,1,0
TDMS00646,Medium,3.37,15,8.4,0,40.3,0.777,Programmed,30.0,2,1,0,1,0
TDMS00647,High,4.54,40,20.5,2,34.8,0.815,This_Week,62.9,3,3,0,1,0
TDMS00648,Critical,5.67,20,10.8,1,45.2,0.705,Immediate,76.8,4,4,0,1,0
TDMS00649,Medium,4.13,60,22.4,2,26.8,0.729,This_Month,57.4,2,2,0,1,0
TDMS00650,High,4.73,19,16.3,3,41.3,0.865,This_Month,56.4,3,2,0,1,0
TDMS00651,High,4.46,40,20.0,4,67.0,0.717,This_Week,67.1,3,3,0,1,0
TDMS00652,High,3.53,40,21.2,2,73.1,0.768,This_Week,67.0,3,3,0,1,0
TDMS00653,Critical,4.95,20,2.7,1,71.3,0.74,Immediate,79.6,4,4,0,1,0
TDMS00654,High,4.73,40,4.6,3,43.6,0.623,This_Week,68.2,3,3,0,1,0
TDMS00655,Critical,4.13,20,7.5,0,37.4,0.7,Immediate,76.4,4,4,0,1,0
TDMS00656,Medium,2.8,60,8.4,1,39.6,0.557,This_Month,48.6,2,2,0,1,0
TDMS00657,Medium,2.9,60,27.4,2,32.8,0.654,This_Month,54.2,2,2,0,1,0
TDMS00658,Medium,4.03,60,20.6,4,20.2,0.686,This_Month,49.8,2,2,0,1,0
TDMS00659,Medium,4.12,60,11.7,1,29.9,0.661,This_Month,46.2,2,2,0,1,0
TDMS00660,Medium,3.87,60,25.6,3,51.3,0.796,This_Month,40.9,2,2,0,1,0
TDMS00661,Medium,3.41,60,11.0,3,33.5,0.726,This_Month,50.9,2,2,0,1,0
TDMS00662,Medium,4.83,60,30.0,4,27.1,0.852,This_Month,53.5,2,2,0,1,0
TDMS00663,Medium,2.45,60,1.8,1,17.4,0.63,This_Month,42.2,2,2,0,1,0
TDMS00664,Medium,4.38,47,29.9,2,43.2,0.743,This_Month,49.3,2,2,0,1,0
TDMS00665,High,4.2,40,13.9,6,52.4,0.799,This_Week,71.5,3,3,0,1,0
TDMS00666,Medium,3.31,60,29.5,5,52.1,0.702,This_Month,54.1,2,2,0,1,0
TDMS00667,High,3.29,40,21.7,2,36.5,0.639,This_Month,59.8,3,2,0,1,0
TDMS00668,Critical,3.58,20,8.8,1,51.0,0.582,Immediate,77.5,4,4,0,1,0
TDMS00669,Medium,3.23,28,28.6,3,50.0,0.663,Programmed,39.2,2,1,0,1,0
TDMS00670,Medium,3.55,14,5.2,1,20.3,0.86,Programmed,31.0,2,1,0,1,0
TDMS00671,High,4.23,32,26.9,2,33.9,0.691,This_Week,69.9,3,3,0,1,0
TDMS00672,Critical,5.45,20,14.8,2,66.8,0.789,Immediate,79.0,4,4,0,1,0
TDMS00673,Critical,4.13,20,25.9,0,42.3,0.723,Immediate,73.6,4,4,0,1,0
TDMS00674,High,4.57,40,3.9,3,40.9,0.675,This_Week,66.2,3,3,0,1,0
TDMS00675,Critical,6.5,20,18.9,6,46.6,0.855,Immediate,78.1,4,4,0,1,0
TDMS00676,Critical,5.24,20,12.2,1,44.7,0.739,Immediate,79.3,4,4,0,1,0
TDMS00677,Medium,3.07,60,19.3,2,25.7,0.596,This_Week,60.2,2,3,0,1,0
TDMS00678,Critical,4.79,20,12.8,3,87.0,0.85,Immediate,71.5,4,4,0,1,0
TDMS00679,Critical,4.28,20,6.0,2,40.3,0.644,Immediate,69.0,4,4,0,1,0
TDMS00680,High,4.84,40,21.3,3,30.0,0.69,This_Week,67.5,3,3,0,1,0
TDMS00681,Critical,5.38,20,7.8,0,36.0,0.599,Immediate,74.2,4,4,0,1,0
TDMS00682,Critical,5.72,20,21.8,3,42.2,0.876,Immediate,85.7,4,4,0,1,0
TDMS00683,Medium,3.51,60,21.2,0,59.7,0.594,This_Month,56.7,2,2,0,1,0
TDMS00684,Medium,3.82,60,17.5,2,58.9,0.659,This_Month,52.4,2,2,0,1,0
TDMS00685,High,5.35,40,2.6,1,32.1,0.687,This_Month,57.3,3,2,0,1,0
TDMS00686,Critical,5.13,20,16.1,0,57.6,0.649,Immediate,73.5,4,4,0,1,0
TDMS00687,Medium,3.06,60,20.2,2,64.8,0.772,This_Month,47.0,2,2,0,1,0
TDMS00688,Medium,5.22,60,23.7,4,76.1,0.777,This_Month,58.4,2,2,0,1,0
TDMS00689,Medium,3.34,60,12.3,2,30.1,0.669,This_Month,53.0,2,2,0,1,0
TDMS00690,High,4.29,1,4.1,1,71.2,0.681,This_Month,45.5,3,2,0,1,0
TDMS00691,Critical,5.8,20,19.5,1,42.2,0.581,Immediate,71.0,4,4,0,1,0
TDMS00692,Medium,3.21,60,22.0,2,56.6,0.776,This_Month,45.0,2,2,0,1,0
TDMS00693,Medium,3.65,60,6.5,0,48.0,0.691,This_Month,47.3,2,2,0,1,0
TDMS00694,High,4.27,40,16.9,1,25.1,0.723,This_Week,64.0,3,3,0,1,0
TDMS00695,Critical,4.96,20,29.4,2,73.1,0.787,Immediate,78.3,4,4,0,1,0
TDMS00696,Critical,4.92,20,27.4,2,65.9,0.76,Immediate,81.8,4,4,0,1,0
TDMS00697,Medium,3.74,60,17.8,1,36.6,0.702,This_Month,50.7,2,2,0,1,0
TDMS00698,Medium,3.47,60,5.6,0,14.5,0.575,This_Month,47.9,2,2,0,1,0
TDMS00699,Critical,4.29,20,18.3,2,44.3,0.781,Immediate,67.0,4,4,0,1,0
TDMS00700,Medium,3.98,14,26.9,3,23.3,0.824,Programmed,25.0,2,1,0,1,0
TDMS00701,High,5.21,40,23.0,5,54.9,0.748,This_Week,64.1,3,3,0,1,0
TDMS00702,Critical,4.84,20,15.1,2,63.0,0.765,Immediate,81.7,4,4,0,1,0
TDMS00703,Critical,4.14,20,20.7,5,69.7,0.854,Immediate,73.6,4,4,0,1,0
TDMS00704,Medium,3.21,60,14.6,2,24.8,0.767,This_Month,55.1,2,2,0,1,0
TDMS00705,High,3.91,40,6.6,0,71.7,0.612,This_Week,62.4,3,3,0,1,0
TDMS00706,High,5.27,40,12.7,2,39.8,0.769,This_Month,55.8,3,2,0,1,0
TDMS00707,Critical,4.63,20,18.9,2,46.1,0.788,Immediate,78.2,4,4,0,1,0
TDMS00708,High,3.7,40,15.2,3,34.5,0.827,This_Week,67.0,3,3,0,1,0
TDMS00709,High,4.07,40,18.4,3,36.8,0.862,This_Week,63.3,3,3,0,1,0
TDMS00710,Critical,4.91,20,3.2,1,51.3,0.719,Immediate,85.4,4,4,0,1,0
TDMS00711,Medium,3.14,0,15.4,4,22.7,0.96,Programmed,32.9,2,1,0,1,0
TDMS00712,Critical,5.39,8,14.7,2,44.5,0.922,Immediate,70.4,4,4,0,1,0
TDMS00713,High,4.24,40,25.7,0,40.0,0.696,This_Week,61.5,3,3,0,1,0
TDMS00714,High,3.26,40,29.3,3,40.6,0.789,This_Week,60.3,3,3,0,1,0
TDMS00715,High,4.5,40,29.1,4,38.5,0.845,This_Month,54.9,3,2,0,1,0
TDMS00716,High,3.67,40,23.6,4,61.1,0.823,This_Month,55.0,3,2,0,1,0
TDMS00717,High,4.15,40,22.8,3,36.2,0.751,This_Week,64.6,3,3,0,1,0
TDMS00718,Critical,4.45,20,1.4,2,31.5,0.897,Immediate,74.9,4,4,0,1,0
TDMS00719,Medium,3.65,60,6.0,5,51.2,0.838,This_Month,55.7,2,2,0,1,0
TDMS00720,High,4.17,40,12.4,2,27.3,0.814,This_Week,66.1,3,3,0,1,0
TDMS00721,High,5.24,40,7.6,1,42.3,0.702,This_Month,57.8,3,2,0,1,0
TDMS00722,Medium,3.89,60,16.3,4,33.7,0.7,This_Month,43.3,2,2,0,1,0
TDMS00723,Medium,3.88,60,21.4,2,25.4,0.659,This_Month,55.9,2,2,0,1,0
TDMS00724,Medium,3.91,60,28.4,3,41.1,0.848,This_Month,46.6,2,2,0,1,0
TDMS00725,Critical,4.19,20,17.1,2,73.9,0.807,Immediate,78.1,4,4,0,1,0
TDMS00726,Medium,3.55,60,14.7,5,27.7,0.947,This_Month,58.5,2,2,0,1,0
TDMS00727,Medium,3.18,60,20.8,2,36.8,0.739,This_Month,49.8,2,2,0,1,0
TDMS00728,Critical,5.75,20,16.6,1,70.3,0.664,Immediate,67.9,4,4,0,1,0
TDMS00729,High,4.82,40,20.4,2,59.7,0.675,This_Week,64.4,3,3,0,1,0
TDMS00730,Critical,4.45,20,18.1,2,55.2,0.753,Immediate,79.3,4,4,0,1,0
TDMS00731,High,4.58,40,11.9,1,34.8,0.727,This_Week,62.6,3,3,0,1,0
TDMS00732,Critical,5.03,20,17.0,6,63.1,0.769,Immediate,76.4,4,4,0,1,0
TDMS00733,High,4.48,28,2.0,0,35.5,0.735,This_Month,48.1,3,2,0,1,0
TDMS00734,High,4.12,40,8.6,0,80.2,0.678,This_Week,61.4,3,3,0,1,0
TDMS00735,Critical,5.72,20,7.1,3,71.6,0.7,Immediate,77.8,4,4,0,1,0
TDMS00736,Critical,5.11,20,26.2,4,41.5,0.843,Immediate,75.4,4,4,0,1,0
TDMS00737,Critical,4.51,20,25.5,2,66.5,0.851,Immediate,79.9,4,4,0,1,0
TDMS00738,High,4.82,40,19.0,0,50.9,0.78,This_Week,61.8,3,3,0,1,0
TDMS00739,Critical,5.46,20,12.4,6,73.0,0.898,Immediate,73.6,4,4,0,1,0
TDMS00740,Critical,5.64,20,7.0,3,40.8,0.873,Immediate,76.3,4,4,0,1,0
TDMS00741,High,5.8,40,1.6,2,69.1,0.826,This_Week,62.8,3,3,0,1,0
TDMS00742,Medium,3.13,15,17.6,4,24.6,0.868,Programmed,25.5,2,1,0,1,0
TDMS00743,Critical,5.12,20,23.0,4,55.3,0.747,Immediate,81.3,4,4,0,1,0
TDMS00744,High,3.79,40,1.9,4,30.4,0.889,This_Week,64.7,3,3,0,1,0
TDMS00745,Critical,5.44,20,15.1,3,37.0,0.898,Immediate,73.3,4,4,0,1,0
TDMS00746,Medium,3.79,0,20.4,2,46.8,0.837,Programmed,28.0,2,1,0,1,0
TDMS00747,High,4.94,40,20.9,3,60.0,0.904,This_Week,71.1,3,3,0,1,0
TDMS00748,Critical,5.28,20,16.9,0,57.0,0.767,Immediate,75.3,4,4,0,1,0
TDMS00749,Critical,3.86,20,6.9,1,64.2,0.77,Immediate,72.1,4,4,0,1,0
TDMS00750,High,5.34,40,10.2,2,62.4,0.897,This_Week,64.3,3,3,0,1,0
TDMS00751,High,3.81,40,4.9,3,23.3,0.833,This_Week,70.1,3,3,0,1,0
TDMS00752,Critical,4.83,20,11.7,2,38.7,0.802,Immediate,80.2,4,4,0,1,0
TDMS00753,Medium,3.76,60,2.9,3,32.4,0.677,This_Month,42.7,2,2,0,1,0
TDMS00754,Critical,3.96,20,25.3,3,49.9,0.771,Immediate,74.4,4,4,0,1,0
TDMS00755,High,4.96,40,10.2,0,33.6,0.74,This_Month,59.9,3,2,0,1,0
TDMS00756,Medium,3.6,0,27.1,2,34.3,0.96,Programmed,31.9,2,1,0,1,0
TDMS00757,Medium,3.65,60,19.9,2,49.6,0.945,This_Month,41.6,2,2,0,1,0
TDMS00758,High,3.35,0,15.7,1,40.6,0.76,This_Month,41.0,3,2,0,1,0
TDMS00759,Critical,4.97,20,18.1,1,85.3,0.7,Immediate,71.7,4,4,0,1,0
TDMS00760,High,4.29,40,24.5,2,30.1,0.756,This_Week,60.3,3,3,0,1,0
TDMS00761,High,3.47,40,1.8,2,48.1,0.888,This_Month,58.2,3,2,0,1,0
TDMS00762,High,3.94,40,8.6,0,50.1,0.744,This_Week,64.6,3,3,0,1,0
TDMS00763,Medium,3.19,60,11.8,1,53.8,0.779,This_Month,48.2,2,2,0,1,0
TDMS00764,High,4.62,0,8.4,1,37.1,0.84,This_Month,51.0,3,2,0,1,0
TDMS00765,Critical,4.05,20,17.7,1,64.4,0.795,Immediate,76.1,4,4,0,1,0
TDMS00766,Critical,4.2,20,26.4,3,63.5,0.767,Immediate,82.8,4,4,0,1,0
TDMS00767,High,4.88,40,2.6,1,31.2,0.693,This_Month,51.6,3,2,0,1,0
TDMS00768,High,5.44,0,11.7,1,55.6,0.828,This_Month,48.0,3,2,0,1,0
TDMS00769,Medium,3.02,60,20.4,6,39.1,0.733,This_Month,53.0,2,2,0,1,0
TDMS00770,High,5.16,40,22.6,2,59.5,0.708,This_Month,54.1,3,2,0,1,0
TDMS00771,Medium,3.87,60,3.0,2,55.6,0.636,This_Month,56.5,2,2,0,1,0
TDMS00772,Critical,4.4,20,6.1,4,91.3,0.879,Immediate,77.2,4,4,0,1,0
TDMS00773,Medium,3.06,60,16.0,1,39.9,0.54,This_Month,51.7,2,2,0,1,0
TDMS00774,Critical,4.39,20,27.3,2,44.7,0.707,Immediate,76.2,4,4,0,1,0
TDMS00775,Critical,4.91,20,13.3,2,76.0,0.933,Immediate,75.4,4,4,0,1,0
TDMS00776,High,4.35,40,1.1,1,32.2,0.598,This_Month,48.9,3,2,0,1,0
TDMS00777,High,4.27,33,12.0,1,39.6,0.744,This_Month,59.8,3,2,0,1,0
TDMS00778,High,3.76,40,29.6,8,40.4,0.836,This_Week,71.0,3,3,0,1,0
TDMS00779,Medium,4.79,0,17.2,1,23.3,0.862,Programmed,27.7,2,1,0,1,0
TDMS00780,Critical,4.86,20,11.9,1,47.1,0.677,Immediate,80.1,4,4,0,1,0
TDMS00781,High,4.32,40,14.7,2,59.9,0.765,This_Month,56.9,3,2,0,1,0
TDMS00782,High,5.23,40,20.2,3,40.1,0.704,This_Week,65.0,3,3,0,1,0
TDMS00783,Medium,4.39,12,22.7,5,59.6,0.919,Programmed,38.2,2,1,0,1,0
TDMS00784,Medium,4.2,60,7.9,2,23.2,0.717,This_Month,59.6,2,2,0,1,0
TDMS00785,Medium,3.81,60,25.9,1,71.1,0.621,This_Month,54.8,2,2,0,1,0
TDMS00786,Medium,4.38,60,21.3,3,24.5,0.799,This_Month,46.4,2,2,0,1,0
TDMS00787,Critical,3.62,20,8.0,4,45.9,0.709,Immediate,71.1,4,4,0,1,0
TDMS00788,Medium,3.7,60,12.7,2,58.4,0.649,This_Month,45.1,2,2,0,1,0
TDMS00789,Medium,3.81,60,16.3,1,24.3,0.719,This_Month,54.6,2,2,0,1,0
TDMS00790,High,4.61,40,27.7,2,32.9,0.802,This_Month,57.7,3,2,0,1,0
TDMS00791,Medium,4.09,60,12.8,2,37.4,0.881,This_Month,41.2,2,2,0,1,0
TDMS00792,Medium,4.44,60,11.0,0,76.6,0.673,This_Month,50.9,2,2,0,1,0
TDMS00793,Medium,4.49,60,12.4,0,53.5,0.721,This_Month,45.4,2,2,0,1,0
TDMS00794,High,4.12,30,17.0,2,47.9,0.675,This_Week,60.4,3,3,0,1,0
TDMS00795,High,5.27,21,12.2,5,34.2,0.784,This_Week,61.0,3,3,0,1,0
TDMS00796,Critical,4.33,0,18.4,1,46.1,0.748,Immediate,72.5,4,4,0,1,0
TDMS00797,High,3.98,6,3.9,2,82.9,0.96,This_Month,50.5,3,2,0,1,0
TDMS00798,Medium,3.32,60,19.1,1,64.8,0.761,This_Month,41.8,2,2,0,1,0
TDMS00799,High,4.75,40,3.6,0,41.3,0.699,This_Week,67.6,3,3,0,1,0
TDMS00800,Medium,3.89,60,20.1,1,23.4,0.706,Programmed,39.0,2,1,0,1,0
TDMS00801,Critical,4.9,20,21.5,1,43.0,0.778,Immediate,76.9,4,4,0,1,0
TDMS00802,High,6.09,10,23.0,1,55.8,0.715,This_Month,48.6,3,2,0,1,0
TDMS00803,Critical,5.49,20,10.8,0,39.4,0.595,Immediate,80.7,4,4,0,1,0
TDMS00804,Critical,6.44,20,20.6,3,41.2,0.742,Immediate,78.2,4,4,0,1,0
TDMS00805,Medium,4.25,60,1.7,1,47.7,0.604,This_Month,46.0,2,2,0,1,0
TDMS00806,Critical,4.55,20,3.3,1,51.6,0.5,Immediate,65.6,4,4,0,1,0
TDMS00807,Medium,2.88,35,13.8,2,25.2,0.579,This_Month,45.1,2,2,0,1,0
TDMS00808,Medium,3.31,12,18.1,4,64.5,0.793,Programmed,31.2,2,1,0,1,0
TDMS00809,Medium,2.97,60,16.1,1,22.5,0.799,This_Month,48.2,2,2,0,1,0
TDMS00810,High,5.13,40,4.9,0,58.0,0.702,This_Week,65.1,3,3,0,1,0
TDMS00811,Medium,4.65,60,8.4,0,30.0,0.62,This_Month,43.4,2,2,0,1,0
TDMS00812,Critical,4.03,20,28.6,2,52.5,0.837,Immediate,79.2,4,4,0,1,0
TDMS00813,Medium,2.65,60,15.9,1,54.8,0.659,This_Month,49.8,2,2,0,1,0
TDMS00814,High,4.92,40,6.4,0,37.9,0.77,This_Week,64.8,3,3,0,1,0
TDMS00815,High,4.34,40,8.0,3,41.7,0.797,This_Week,72.0,3,3,0,1,0
TDMS00816,High,4.94,40,29.7,3,52.1,0.685,This_Week,66.7,3,3,0,1,0
TDMS00817,Critical,4.59,20,20.1,1,53.8,0.734,Immediate,80.7,4,4,0,1,0
TDMS00818,High,4.63,5,10.6,1,29.5,0.615,This_Month,43.0,3,2,0,1,0
TDMS00819,Medium,4.13,59,14.7,1,45.1,0.59,This_Month,54.5,2,2,0,1,0
TDMS00820,Medium,3.96,60,28.1,1,24.5,0.646,This_Month,57.3,2,2,0,1,0
TDMS00821,High,3.5,0,6.7,2,33.9,0.96,This_Month,56.1,3,2,0,1,0
TDMS00822,Medium,3.03,60,14.6,1,38.6,0.64,This_Month,51.1,2,2,0,1,0
TDMS00823,Medium,3.81,60,9.2,0,32.3,0.687,This_Month,55.1,2,2,0,1,0
TDMS00824,Critical,4.21,20,21.0,3,49.9,0.59,Immediate,74.9,4,4,0,1,0
TDMS00825,Critical,4.55,20,11.5,2,37.2,0.929,Immediate,77.8,4,4,0,1,0
TDMS00826,High,5.13,40,22.4,3,30.7,0.619,This_Month,59.0,3,2,0,1,0
TDMS00827,High,4.07,40,2.4,1,29.2,0.722,This_Week,61.2,3,3,0,1,0
TDMS00828,High,4.91,40,25.8,2,67.9,0.675,This_Month,56.2,3,2,0,1,0
TDMS00829,Medium,4.17,60,12.8,2,17.9,0.825,This_Month,42.1,2,2,0,1,0
TDMS00830,Critical,6.06,20,9.8,1,50.3,0.628,Immediate,68.6,4,4,0,1,0
TDMS00831,Medium,3.69,60,13.2,0,58.0,0.63,This_Month,57.8,2,2,0,1,0
TDMS00832,Medium,3.45,60,15.0,3,33.4,0.732,This_Month,51.1,2,2,0,1,0
TDMS00833,Medium,3.52,60,7.7,1,28.0,0.63,This_Month,57.0,2,2,0,1,0
TDMS00834,Critical,6.07,20,27.5,3,64.2,0.763,Immediate,74.0,4,4,0,1,0
TDMS00835,Medium,4.04,60,6.1,1,29.2,0.796,This_Month,43.5,2,2,0,1,0
TDMS00836,Critical,4.71,20,24.6,2,69.8,0.704,Immediate,75.5,4,4,0,1,0
TDMS00837,Medium,4.28,60,15.7,5,37.5,0.798,This_Week,65.1,2,3,0,1,0
TDMS00838,Critical,3.85,20,20.9,3,51.1,0.729,Immediate,77.8,4,4,0,1,0
TDMS00839,High,4.75,40,16.5,0,38.0,0.517,This_Week,65.0,3,3,0,1,0
TDMS00840,Medium,3.33,60,11.5,4,61.7,0.782,This_Month,55.6,2,2,0,1,0
TDMS00841,High,5.36,40,20.0,4,29.0,0.781,This_Week,64.4,3,3,0,1,0
TDMS00842,Medium,3.43,60,7.5,1,27.3,0.668,This_Month,42.6,2,2,0,1,0
TDMS00843,Medium,3.25,58,19.0,3,56.8,0.92,This_Month,46.6,2,2,0,1,0
TDMS00844,High,4.03,40,20.5,2,62.8,0.702,This_Week,64.9,3,3,0,1,0
TDMS00845,High,3.83,40,10.7,2,32.8,0.762,This_Week,67.8,3,3,0,1,0
TDMS00846,High,4.91,40,23.9,1,39.6,0.663,This_Week,68.6,3,3,0,1,0
TDMS00847,Critical,5.36,20,26.0,0,46.0,0.642,Immediate,70.9,4,4,0,1,0
TDMS00848,Medium,4.11,60,6.4,1,16.2,0.598,This_Month,53.3,2,2,0,1,0
TDMS00849,Medium,3.69,60,2.9,3,54.5,0.761,This_Month,51.7,2,2,0,1,0
TDMS00850,Critical,4.44,20,8.9,1,46.7,0.761,Immediate,75.4,4,4,0,1,0
TDMS00851,Critical,4.8,20,9.1,0,64.9,0.75,Immediate,76.3,4,4,0,1,0
TDMS00852,High,4.68,40,22.8,2,33.6,0.71,This_Week,65.5,3,3,0,1,0
TDMS00853,Medium,3.31,60,1.8,2,25.4,0.707,This_Month,55.4,2,2,0,1,0
TDMS00854,Medium,4.6,60,9.0,1,50.8,0.706,This_Month,51.2,2,2,0,1,0
TDMS00855,Medium,4.94,0,8.3,1,65.9,0.727,Programmed,25.0,2,1,0,1,0
TDMS00856,High,4.89,40,21.9,2,35.1,0.734,This_Month,57.3,3,2,0,1,0
TDMS00857,Medium,3.23,60,14.9,0,27.2,0.622,This_Month,47.2,2,2,0,1,0
TDMS00858,Critical,5.48,20,15.5,3,79.5,0.879,Immediate,79.6,4,4,0,1,0
TDMS00859,Critical,5.27,20,3.7,1,40.9,0.642,Immediate,84.7,4,4,0,1,0
TDMS00860,Critical,4.46,20,15.7,0,39.3,0.754,Immediate,73.0,4,4,0,1,0
TDMS00861,Critical,4.22,20,15.8,3,46.9,0.793,Immediate,78.8,4,4,0,1,0
TDMS00862,Critical,4.55,20,25.1,1,68.2,0.718,Immediate,65.5,4,4,0,1,0
TDMS00863,High,4.64,40,26.6,7,27.4,0.767,This_Week,69.5,3,3,0,1,0
TDMS00864,Medium,3.62,60,28.8,6,56.0,0.737,This_Week,62.0,2,3,0,1,0
TDMS00865,Critical,6.41,20,24.3,1,47.9,0.507,Immediate,69.8,4,4,0,1,0
TDMS00866,High,4.08,40,8.9,5,33.2,0.827,This_Week,61.4,3,3,0,1,0
TDMS00867,Medium,3.58,60,10.5,2,43.5,0.659,This_Month,51.4,2,2,0,1,0
TDMS00868,High,3.88,40,7.5,1,61.6,0.715,This_Week,64.2,3,3,0,1,0
TDMS00869,High,5.43,40,14.7,2,54.7,0.879,This_Month,55.5,3,2,0,1,0
TDMS00870,High,4.37,40,16.8,1,36.1,0.603,This_Month,53.0,3,2,0,1,0
TDMS00871,Critical,5.34,20,4.3,1,40.6,0.61,Immediate,72.5,4,4,0,1,0
TDMS00872,High,4.25,40,7.2,0,28.7,0.541,This_Week,66.1,3,3,0,1,0
TDMS00873,High,4.15,40,26.6,3,35.8,0.85,This_Week,66.9,3,3,0,1,0
TDMS00874,High,4.55,40,12.1,3,35.6,0.747,This_Week,62.2,3,3,0,1,0
TDMS00875,High,3.71,40,15.0,2,44.2,0.6,This_Week,68.6,3,3,0,1,0
TDMS00876,Critical,4.39,20,11.3,1,64.4,0.743,Immediate,82.3,4,4,0,1,0
TDMS00877,Critical,4.94,20,5.2,0,44.6,0.572,Immediate,82.4,4,4,0,1,0
TDMS00878,High,4.14,40,22.5,2,66.7,0.856,This_Week,71.2,3,3,0,1,0
TDMS00879,Critical,5.37,20,21.6,1,47.6,0.655,Immediate,81.9,4,4,0,1,0
TDMS00880,Medium,3.67,60,20.2,1,17.7,0.696,This_Month,47.3,2,2,0,1,0
TDMS00881,Critical,3.36,20,12.7,2,32.4,0.727,Immediate,72.6,4,4,0,1,0
TDMS00882,High,3.73,40,26.4,4,40.9,0.729,This_Month,57.3,3,2,0,1,0
TDMS00883,Medium,3.08,60,1.2,0,31.8,0.804,This_Month,45.2,2,2,0,1,0
TDMS00884,High,3.39,40,18.8,3,56.7,0.676,Immediate,78.4,3,4,0,1,0
TDMS00885,Critical,3.88,20,8.8,1,52.0,0.621,Immediate,84.1,4,4,0,1,0
TDMS00886,High,3.78,40,13.8,1,79.7,0.604,This_Week,62.3,3,3,0,1,0
TDMS00887,Critical,5.87,20,30.0,2,46.3,0.866,Immediate,82.7,4,4,0,1,0
TDMS00888,High,3.57,40,26.8,3,54.7,0.747,This_Week,66.9,3,3,0,1,0
TDMS00889,High,4.34,40,19.2,1,75.1,0.586,This_Month,54.8,3,2,0,1,0
TDMS00890,Critical,3.97,20,8.5,1,43.4,0.644,Immediate,75.8,4,4,0,1,0
TDMS00891,High,4.97,40,17.2,2,28.5,0.728,This_Week,68.2,3,3,0,1,0
TDMS00892,Medium,4.46,60,19.2,1,35.6,0.668,This_Month,57.6,2,2,0,1,0
TDMS00893,Critical,4.73,20,29.2,6,74.0,0.772,Immediate,88.8,4,4,0,1,0
TDMS00894,Medium,4.19,60,23.6,2,29.0,0.881,This_Month,49.5,2,2,0,1,0
TDMS00895,Medium,3.03,60,9.3,3,51.5,0.822,This_Month,58.6,2,2,0,1,0
TDMS00896,High,3.88,40,20.7,3,57.4,0.749,This_Week,62.2,3,3,0,1,0
TDMS00897,Medium,4.74,60,25.9,3,38.5,0.763,This_Month,58.1,2,2,0,1,0
TDMS00898,Medium,3.61,60,14.8,2,28.6,0.77,This_Week,60.1,2,3,0,1,0
TDMS00899,Medium,3.26,60,10.1,4,46.6,0.77,This_Month,51.5,2,2,0,1,0
TDMS00900,Critical,5.31,20,3.4,2,66.5,0.772,Immediate,79.9,4,4,0,1,0
TDMS00901,Medium,3.63,60,6.2,0,65.1,0.75,This_Month,52.0,2,2,0,1,0
TDMS00902,Medium,3.64,60,2.1,0,36.3,0.553,This_Month,51.8,2,2,0,1,0
TDMS00903,High,4.91,40,27.4,3,58.4,0.885,This_Week,69.9,3,3,0,1,0
TDMS00904,Critical,5.18,20,15.7,6,94.7,0.687,Immediate,80.9,4,4,0,1,0
TDMS00905,High,4.47,40,29.7,3,36.5,0.689,This_Week,73.2,3,3,0,1,0
TDMS00906,Critical,6.13,20,24.5,6,47.0,0.765,Immediate,82.1,4,4,0,1,0
TDMS00907,High,4.35,40,12.3,2,62.4,0.839,This_Month,57.8,3,2,0,1,0
TDMS00908,High,4.23,40,28.2,6,53.2,0.809,This_Week,61.3,3,3,0,1,0
TDMS00909,Medium,3.09,60,4.8,1,37.4,0.746,This_Month,58.0,2,2,0,1,0
TDMS00910,Critical,4.75,20,28.9,4,69.8,0.788,Immediate,84.6,4,4,0,1,0
TDMS00911,Medium,3.17,60,26.9,7,30.8,0.676,This_Month,56.3,2,2,0,1,0
TDMS00912,Medium,3.07,10,6.3,1,25.4,0.87,Programmed,29.9,2,1,0,1,0
TDMS00913,High,3.17,40,23.2,4,35.9,0.904,This_Week,73.5,3,3,0,1,0
TDMS00914,Medium,3.69,60,14.3,0,44.5,0.634,This_Month,49.4,2,2,0,1,0
TDMS00915,High,4.35,40,14.6,0,31.7,0.581,This_Week,62.5,3,3,0,1,0
TDMS00916,Critical,5.0,20,18.4,3,58.8,0.71,Immediate,75.6,4,4,0,1,0
TDMS00917,Medium,4.06,31,20.6,6,27.1,0.715,Programmed,38.8,2,1,0,1,0
TDMS00918,Medium,3.09,60,29.0,4,27.4,0.72,This_Month,46.2,2,2,0,1,0
TDMS00919,Critical,5.26,20,6.3,0,44.0,0.794,Immediate,79.6,4,4,0,1,0
TDMS00920,Medium,4.6,60,4.8,2,27.0,0.891,This_Month,57.6,2,2,0,1,0
TDMS00921,Critical,4.5,20,10.8,1,73.2,0.789,Immediate,75.0,4,4,0,1,0
TDMS00922,Critical,5.83,20,1.7,2,57.4,0.684,Immediate,77.0,4,4,0,1,0
TDMS00923,High,4.35,37,14.0,1,68.3,0.638,This_Week,62.1,3,3,0,1,0
TDMS00924,Critical,4.61,20,28.3,1,46.4,0.752,Immediate,69.1,4,4,0,1,0
TDMS00925,Medium,3.43,60,26.2,0,52.5,0.808,This_Month,48.5,2,2,0,1,0
TDMS00926,Medium,2.93,60,23.0,0,42.0,0.743,This_Month,46.8,2,2,0,1,0
TDMS00927,High,4.74,40,24.5,4,43.2,0.78,This_Week,62.2,3,3,0,1,0
TDMS00928,Critical,5.18,20,10.6,8,85.0,0.878,Immediate,79.5,4,4,0,1,0
TDMS00929,Medium,3.28,60,28.4,4,45.2,0.708,This_Month,58.9,2,2,0,1,0
TDMS00930,Critical,4.32,20,8.3,0,43.3,0.787,Immediate,78.1,4,4,0,1,0
TDMS00931,Medium,3.65,60,16.3,3,22.1,0.892,This_Month,51.1,2,2,0,1,0
TDMS00932,Critical,4.89,20,24.3,1,36.8,0.74,Immediate,73.5,4,4,0,1,0
TDMS00933,High,3.67,40,12.3,2,85.7,0.733,This_Week,66.3,3,3,0,1,0
TDMS00934,Medium,4.08,30,17.4,1,43.0,0.704,This_Month,43.4,2,2,0,1,0
TDMS00935,Critical,5.68,20,27.9,2,44.2,0.698,Immediate,79.7,4,4,0,1,0
TDMS00936,Medium,2.88,60,6.9,1,27.4,0.693,This_Month,45.8,2,2,0,1,0
TDMS00937,High,4.76,40,11.0,3,62.9,0.816,This_Week,68.0,3,3,0,1,0
TDMS00938,Medium,3.59,60,29.8,6,56.0,0.9,This_Month,49.8,2,2,0,1,0
TDMS00939,Medium,2.76,60,17.3,4,30.0,0.833,This_Month,46.9,2,2,0,1,0
TDMS00940,Critical,4.34,20,20.0,4,34.7,0.796,Immediate,74.3,4,4,0,1,0
TDMS00941,High,3.81,40,8.2,1,35.5,0.733,This_Week,67.1,3,3,0,1,0
TDMS00942,Medium,4.03,60,11.8,1,58.9,0.556,This_Month,56.2,2,2,0,1,0
TDMS00943,Medium,3.57,53,23.1,2,56.8,0.774,This_Month,41.3,2,2,0,1,0
TDMS00944,Critical,4.02,20,27.5,1,40.5,0.776,Immediate,74.3,4,4,0,1,0
TDMS00945,Critical,5.25,20,9.7,3,38.1,0.711,Immediate,75.3,4,4,0,1,0
TDMS00946,High,5.09,40,18.3,4,34.9,0.729,This_Week,68.4,3,3,0,1,0
TDMS00947,Critical,5.17,20,5.1,1,38.7,0.729,Immediate,77.9,4,4,0,1,0
TDMS00948,Critical,4.66,20,6.5,1,31.3,0.671,Immediate,77.8,4,4,0,1,0
TDMS00949,Critical,5.45,20,19.8,2,38.6,0.823,Immediate,83.3,4,4,0,1,0
TDMS00950,Medium,2.98,60,5.8,3,18.6,0.603,This_Month,57.5,2,2,0,1,0
TDMS00951,Medium,3.88,60,11.1,2,28.0,0.824,This_Month,44.3,2,2,0,1,0
TDMS00952,Critical,4.79,20,18.5,1,79.9,0.631,Immediate,74.6,4,4,0,1,0
TDMS00953,Critical,3.88,20,13.2,2,48.3,0.741,Immediate,70.2,4,4,0,1,0
TDMS00954,Medium,3.15,60,22.4,1,23.9,0.736,This_Month,49.8,2,2,0,1,0
TDMS00955,High,4.32,40,2.2,3,58.3,0.765,This_Week,60.8,3,3,0,1,0
TDMS00956,Medium,3.29,60,1.3,1,45.1,0.715,Programmed,39.6,2,1,0,1,0
TDMS00957,High,4.69,40,1.8,1,33.3,0.781,This_Week,61.0,3,3,0,1,0
TDMS00958,High,4.02,40,10.3,4,37.0,0.902,This_Week,63.7,3,3,0,1,0
TDMS00959,High,4.21,40,10.0,1,37.7,0.577,This_Week,65.7,3,3,0,1,0
TDMS00960,Critical,5.92,20,16.7,1,43.8,0.655,Immediate,69.7,4,4,0,1,0
TDMS00961,Medium,3.82,33,19.0,2,29.9,0.638,This_Month,44.0,2,2,0,1,0
TDMS00962,High,3.75,40,18.8,3,39.2,0.865,This_Month,56.3,3,2,0,1,0
TDMS00963,High,3.71,30,29.3,0,35.1,0.758,This_Month,56.0,3,2,0,1,0
TDMS00964,Medium,3.94,60,4.1,1,27.2,0.742,This_Month,46.0,2,2,0,1,0
TDMS00965,Critical,4.76,20,1.3,1,46.0,0.592,Immediate,79.1,4,4,0,1,0
TDMS00966,Medium,3.61,24,11.3,2,36.8,0.809,Programmed,36.3,2,1,0,1,0
TDMS00967,Medium,4.05,60,11.4,1,22.6,0.733,This_Month,53.8,2,2,0,1,0
TDMS00968,Medium,3.47,60,10.2,1,25.2,0.724,This_Month,42.6,2,2,0,1,0
TDMS00969,Critical,4.71,20,22.8,4,44.4,0.877,Immediate,79.0,4,4,0,1,0
TDMS00970,High,4.4,40,28.8,2,80.9,0.854,This_Week,60.9,3,3,0,1,0
TDMS00971,Critical,6.06,12,1.9,1,35.4,0.711,Immediate,76.4,4,4,0,1,0
TDMS00972,High,4.85,40,21.7,3,36.8,0.783,This_Week,66.5,3,3,0,1,0
TDMS00973,Critical,6.3,5,10.9,1,42.7,0.812,Immediate,65.7,4,4,0,1,0
TDMS00974,Critical,3.7,20,21.0,2,39.8,0.899,Immediate,78.8,4,4,0,1,0
TDMS00975,Critical,4.85,20,6.7,2,42.0,0.86,Immediate,68.5,4,4,0,1,0
TDMS00976,Critical,5.2,20,25.1,0,64.0,0.746,Immediate,71.4,4,4,0,1,0
TDMS00977,Critical,6.15,20,11.8,2,41.4,0.877,Immediate,79.0,4,4,0,1,0
TDMS00978,High,4.76,40,3.4,1,34.7,0.531,This_Week,64.1,3,3,0,1,0
TDMS00979,Critical,5.42,20,17.8,1,37.2,0.515,Immediate,72.8,4,4,0,1,0
TDMS00980,High,5.13,40,18.6,0,37.1,0.714,This_Month,54.0,3,2,0,1,0
TDMS00981,Medium,3.9,60,27.2,3,55.9,0.643,This_Week,60.3,2,3,0,1,0
TDMS00982,Critical,6.09,20,20.2,8,53.6,0.815,Immediate,90.2,4,4,0,1,0
TDMS00983,High,4.93,40,26.7,3,64.1,0.8,This_Week,72.8,3,3,0,1,0
TDMS00984,Critical,4.33,20,17.6,1,48.4,0.758,Immediate,79.7,4,4,0,1,0
TDMS00985,Critical,4.22,20,13.2,2,51.7,0.782,Immediate,74.6,4,4,0,1,0
TDMS00986,Critical,5.47,20,3.9,0,40.6,0.617,Immediate,72.0,4,4,0,1,0
TDMS00987,High,3.95,40,24.5,3,56.9,0.731,This_Week,66.0,3,3,0,1,0
TDMS00988,Critical,5.13,20,2.0,1,75.2,0.737,Immediate,76.0,4,4,0,1,0
TDMS00989,Medium,3.64,29,14.7,0,23.6,0.56,Programmed,33.1,2,1,0,1,0
TDMS00990,Medium,4.41,7,17.4,3,55.4,0.845,Programmed,31.1,2,1,0,1,0
TDMS00991,Critical,4.67,20,29.2,4,42.1,0.649,Immediate,69.3,4,4,0,1,0
TDMS00992,High,4.21,40,7.7,2,68.9,0.759,This_Week,70.2,3,3,0,1,0
TDMS00993,High,4.32,40,3.0,0,46.1,0.708,This_Week,74.0,3,3,0,1,0
TDMS00994,High,4.34,40,23.1,1,41.2,0.666,This_Week,69.4,3,3,0,1,0
TDMS00995,Medium,3.05,60,27.7,3,55.0,0.81,This_Month,51.7,2,2,0,1,0
TDMS00996,High,4.48,40,6.7,0,61.6,0.621,This_Week,66.6,3,3,0,1,0
TDMS00997,Medium,3.76,45,1.8,1,49.8,0.538,This_Month,46.8,2,2,0,1,0
TDMS00998,Critical,5.67,20,15.2,1,42.5,0.663,Immediate,75.5,4,4,0,1,0
TDMS00999,Medium,4.15,60,7.1,0,30.8,0.749,This_Month,54.5,2,2,0,1,0
TDMS01000,Critical,5.59,20,13.7,1,62.9,0.643,Immediate,81.3,4,4,0,1,0
TDMS01001,High,4.72,40,12.2,2,32.8,0.669,This_Week,64.7,3,3,0,1,0
TDMS01002,Critical,5.65,20,1.1,0,57.3,0.687,Immediate,83.4,4,4,0,1,0
TDMS01003,Medium,3.45,60,24.7,1,54.9,0.582,This_Week,61.1,2,3,0,1,0
TDMS01004,Medium,3.3,60,29.3,5,49.4,0.714,This_Month,58.0,2,2,0,1,0
TDMS01005,Critical,6.33,20,24.7,4,76.6,0.739,Immediate,70.0,4,4,0,1,0
TDMS01006,Medium,2.73,55,19.5,2,49.0,0.849,This_Month,49.3,2,2,0,1,0
TDMS01007,Critical,5.63,20,9.0,1,46.2,0.728,Immediate,72.9,4,4,0,1,0
TDMS01008,High,4.77,40,28.7,2,48.4,0.629,This_Month,58.6,3,2,0,1,0
TDMS01009,High,4.71,40,17.8,2,26.2,0.732,This_Week,61.6,3,3,0,1,0
TDMS01010,Critical,6.14,20,4.7,0,39.4,0.669,Immediate,74.6,4,4,0,1,0
TDMS01011,High,5.14,3,13.5,2,59.1,0.796,This_Month,51.1,3,2,0,1,0
TDMS01012,Medium,3.07,52,3.8,1,57.9,0.793,Programmed,35.5,2,1,0,1,0
TDMS01013,Medium,3.26,60,23.5,5,50.6,0.834,This_Month,48.6,2,2,0,1,0
TDMS01014,Critical,4.9,20,16.0,3,63.5,0.851,Immediate,81.6,4,4,0,1,0
TDMS01015,Medium,3.11,18,3.2,0,22.3,0.809,Programmed,35.9,2,1,0,1,0
TDMS01016,Medium,5.11,60,20.7,0,55.2,0.686,This_Month,48.4,2,2,0,1,0
TDMS01017,Critical,5.83,20,27.2,4,39.9,0.805,Immediate,78.7,4,4,0,1,0
TDMS01018,Medium,3.39,60,9.1,3,21.7,0.725,This_Month,50.5,2,2,0,1,0
TDMS01019,Critical,4.28,20,8.6,1,56.8,0.682,Immediate,68.7,4,4,0,1,0
TDMS01020,High,4.23,40,13.4,4,39.4,0.724,This_Week,66.6,3,3,0,1,0
TDMS01021,High,4.74,39,22.7,1,42.6,0.524,This_Week,61.1,3,3,0,1,0
TDMS01022,Critical,3.56,20,20.3,1,36.0,0.729,Immediate,76.8,4,4,0,1,0
TDMS01023,High,4.86,40,18.2,3,53.0,0.72,This_Week,61.5,3,3,0,1,0
TDMS01024,Medium,2.95,60,19.6,2,30.1,0.571,This_Month,47.6,2,2,0,1,0
TDMS01025,Critical,4.62,20,23.3,7,41.7,0.768,Immediate,82.3,4,4,0,1,0
TDMS01026,High,5.08,40,8.0,4,54.7,0.734,This_Month,58.3,3,2,0,1,0
TDMS01027,Critical,4.43,20,26.5,5,46.6,0.606,Immediate,75.0,4,4,0,1,0
TDMS01028,Critical,4.76,20,9.5,1,49.5,0.754,Immediate,73.3,4,4,0,1,0
TDMS01029,Medium,2.79,60,22.0,3,42.3,0.844,This_Month,49.9,2,2,0,1,0
TDMS01030,Medium,3.75,60,10.7,1,30.5,0.722,This_Month,46.7,2,2,0,1,0
TDMS01031,Medium,2.52,24,11.4,4,50.1,0.828,Programmed,35.9,2,1,0,1,0
TDMS01032,Critical,4.33,20,22.1,0,70.8,0.784,Immediate,67.7,4,4,0,1,0
TDMS01033,Medium,3.32,60,20.7,1,23.5,0.647,This_Month,46.7,2,2,0,1,0
TDMS01034,High,4.84,40,22.2,6,77.1,0.74,This_Week,68.4,3,3,0,1,0
TDMS01035,Critical,5.25,20,18.9,4,42.4,0.718,Immediate,82.1,4,4,0,1,0
TDMS01036,Critical,6.12,20,20.1,2,33.2,0.706,Immediate,78.4,4,4,0,1,0
TDMS01037,High,5.87,40,8.1,2,24.1,0.717,This_Week,69.9,3,3,0,1,0
TDMS01038,Medium,3.55,31,6.0,0,28.8,0.548,Programmed,35.9,2,1,0,1,0
TDMS01039,Medium,4.1,60,16.3,4,63.3,0.76,This_Month,52.9,2,2,0,1,0
TDMS01040,High,4.83,40,18.5,0,46.7,0.756,This_Week,67.2,3,3,0,1,0
TDMS01041,High,3.58,25,2.2,1,32.6,0.595,This_Month,52.1,3,2,0,1,0
TDMS01042,Critical,5.65,20,15.2,0,41.4,0.664,Immediate,71.8,4,4,0,1,0
TDMS01043,Medium,4.11,60,23.4,1,21.5,0.717,This_Month,51.7,2,2,0,1,0
TDMS01044,High,4.7,40,15.3,2,64.7,0.835,This_Month,55.1,3,2,0,1,0
TDMS01045,Critical,4.46,20,11.3,3,41.4,0.79,Immediate,72.7,4,4,0,1,0
TDMS01046,Medium,2.8,60,21.1,1,16.8,0.521,This_Month,51.4,2,2,0,1,0
TDMS01047,Critical,4.74,20,22.1,4,37.4,0.829,Immediate,71.4,4,4,0,1,0
TDMS01048,High,4.29,34,3.1,0,39.1,0.521,This_Week,64.1,3,3,0,1,0
TDMS01049,Critical,5.66,4,21.1,0,65.0,0.757,Immediate,72.9,4,4,0,1,0
TDMS01050,Medium,4.38,60,19.4,4,27.8,0.737,This_Month,49.5,2,2,0,1,0
TDMS01051,Critical,4.68,20,18.4,2,63.6,0.879,Immediate,73.6,4,4,0,1,0
TDMS01052,Critical,4.64,20,15.7,4,60.7,0.741,Immediate,79.1,4,4,0,1,0
TDMS01053,High,4.87,40,13.9,1,71.3,0.697,This_Week,63.5,3,3,0,1,0
TDMS01054,Medium,3.99,60,9.3,1,27.6,0.601,This_Month,52.7,2,2,0,1,0
TDMS01055,Critical,4.39,20,27.5,1,52.7,0.68,Immediate,84.6,4,4,0,1,0
TDMS01056,High,3.08,40,3.5,0,48.2,0.532,This_Month,57.8,3,2,0,1,0
TDMS01057,High,3.68,40,13.0,1,38.6,0.721,This_Month,59.8,3,2,0,1,0
TDMS01058,Medium,4.57,60,19.2,3,31.0,0.762,This_Month,49.0,2,2,0,1,0
TDMS01059,High,3.82,40,20.9,0,29.2,0.765,This_Month,56.6,3,2,0,1,0
TDMS01060,Medium,3.48,60,9.7,1,23.2,0.708,This_Month,52.2,2,2,0,1,0
TDMS01061,High,4.06,40,13.9,5,66.2,0.739,This_Week,62.5,3,3,0,1,0
TDMS01062,Medium,5.96,35,3.0,2,59.7,0.81,This_Month,45.5,2,2,0,1,0
TDMS01063,Medium,4.37,60,26.2,2,18.3,0.73,This_Month,56.6,2,2,0,1,0
TDMS01064,Medium,3.19,60,5.1,2,55.2,0.761,This_Month,58.5,2,2,0,1,0
TDMS01065,Critical,4.23,20,15.4,2,47.0,0.688,Immediate,78.7,4,4,0,1,0
TDMS01066,Critical,6.37,20,28.1,1,45.1,0.781,Immediate,74.5,4,4,0,1,0
TDMS01067,Critical,5.39,20,13.5,2,42.4,0.743,Immediate,74.0,4,4,0,1,0
TDMS01068,Medium,4.57,60,18.8,1,61.7,0.57,This_Month,45.0,2,2,0,1,0
TDMS01069,High,4.0,40,22.4,2,30.2,0.79,This_Week,65.9,3,3,0,1,0
TDMS01070,Medium,3.7,55,11.0,4,53.2,0.719,This_Month,58.0,2,2,0,1,0
TDMS01071,Medium,4.36,60,19.8,2,37.7,0.86,This_Month,57.7,2,2,0,1,0
TDMS01072,High,4.3,40,13.6,1,39.0,0.75,This_Week,68.8,3,3,0,1,0
TDMS01073,Critical,4.86,20,3.9,1,53.8,0.754,Immediate,78.5,4,4,0,1,0
TDMS01074,Critical,4.49,20,12.0,0,52.1,0.521,Immediate,80.9,4,4,0,1,0
TDMS01075,Critical,4.97,20,27.3,2,57.8,0.725,Immediate,75.3,4,4,0,1,0
TDMS01076,High,4.72,40,11.6,1,26.8,0.693,This_Month,56.1,3,2,0,1,0
TDMS01077,Medium,3.8,60,29.5,1,52.0,0.627,This_Month,53.2,2,2,0,1,0
TDMS01078,Medium,4.47,52,1.9,2,42.4,0.819,Programmed,37.4,2,1,0,1,0
TDMS01079,High,3.77,40,26.3,5,79.1,0.743,This_Week,66.9,3,3,0,1,0
TDMS01080,Critical,4.12,20,24.7,2,68.3,0.769,Immediate,74.7,4,4,0,1,0
TDMS01081,Critical,4.91,20,6.4,2,39.0,0.732,Immediate,78.2,4,4,0,1,0
TDMS01082,Medium,3.24,41,16.6,2,24.7,0.847,This_Month,42.0,2,2,0,1,0
TDMS01083,Medium,2.89,14,19.4,4,37.2,0.87,Programmed,25.0,2,1,0,1,0
TDMS01084,Medium,3.82,52,14.6,2,57.6,0.772,This_Month,51.1,2,2,0,1,0
TDMS01085,Critical,5.18,20,26.9,5,57.2,0.804,Immediate,79.5,4,4,0,1,0
TDMS01086,High,3.82,40,18.2,1,29.5,0.805,This_Week,60.0,3,3,0,1,0
TDMS01087,High,4.61,40,21.4,6,31.0,0.782,This_Week,68.0,3,3,0,1,0
TDMS01088,Critical,5.6,20,18.7,3,58.8,0.715,Immediate,77.7,4,4,0,1,0
TDMS01089,Critical,5.03,20,10.9,0,38.6,0.653,Immediate,78.8,4,4,0,1,0
TDMS01090,Critical,4.98,20,6.3,0,44.9,0.761,Immediate,72.6,4,4,0,1,0
TDMS01091,Critical,3.8,20,3.2,2,43.8,0.693,Immediate,81.8,4,4,0,1,0
TDMS01092,High,3.5,20,7.9,3,58.9,0.919,This_Week,66.4,3,3,0,1,0
TDMS01093,High,4.94,40,25.2,7,38.8,0.776,This_Week,71.7,3,3,0,1,0
TDMS01094,Critical,6.23,20,14.5,3,62.2,0.774,Immediate,83.2,4,4,0,1,0
TDMS01095,Medium,3.08,60,11.5,2,26.8,0.831,This_Month,58.9,2,2,0,1,0
TDMS01096,Medium,3.75,60,23.7,3,37.8,0.765,This_Month,42.8,2,2,0,1,0
TDMS01097,Medium,3.36,60,21.1,1,31.3,0.619,This_Month,40.4,2,2,0,1,0
TDMS01098,High,4.69,40,3.5,2,63.6,0.74,This_Week,66.8,3,3,0,1,0
TDMS01099,Medium,4.57,60,9.2,1,49.5,0.758,This_Month,57.8,2,2,0,1,0
TDMS01100,Critical,5.79,20,15.0,4,35.6,0.681,Immediate,89.7,4,4,0,1,0
TDMS01101,High,4.93,40,24.0,1,20.4,0.71,This_Week,64.5,3,3,0,1,0
TDMS01102,High,3.7,40,10.2,2,41.7,0.693,This_Week,60.9,3,3,0,1,0
TDMS01103,Medium,3.16,60,10.2,3,29.4,0.829,This_Month,57.8,2,2,0,1,0
TDMS01104,High,4.23,40,10.5,0,38.7,0.804,This_Month,55.6,3,2,0,1,0
TDMS01105,Critical,4.11,20,4.3,1,41.9,0.691,Immediate,79.2,4,4,0,1,0
TDMS01106,Medium,4.46,44,26.5,4,21.6,0.848,This_Month,43.5,2,2,0,1,0
TDMS01107,Medium,3.08,60,11.4,2,46.6,0.78,This_Month,48.6,2,2,0,1,0
TDMS01108,High,4.87,40,11.0,4,48.7,0.819,This_Week,66.6,3,3,0,1,0
TDMS01109,High,3.91,40,21.7,2,76.6,0.645,This_Week,63.2,3,3,0,1,0
TDMS01110,Critical,5.49,20,12.3,1,44.2,0.715,Immediate,84.0,4,4,0,1,0
TDMS01111,Critical,4.37,20,1.7,0,41.3,0.638,Immediate,72.6,4,4,0,1,0
TDMS01112,Medium,4.75,60,19.8,3,36.1,0.764,This_Month,48.0,2,2,0,1,0
TDMS01113,Critical,5.67,20,20.2,3,79.1,0.86,Immediate,81.2,4,4,0,1,0
TDMS01114,Medium,4.25,60,14.9,2,25.1,0.774,This_Month,49.9,2,2,0,1,0
TDMS01115,Critical,5.61,20,11.3,3,49.2,0.899,Immediate,77.5,4,4,0,1,0
TDMS01116,High,5.73,40,19.5,4,62.2,0.738,This_Week,68.3,3,3,0,1,0
TDMS01117,Medium,4.14,60,16.1,4,49.0,0.859,This_Month,50.6,2,2,0,1,0
TDMS01118,Critical,6.19,20,27.9,4,41.1,0.647,Immediate,74.9,4,4,0,1,0
TDMS01119,Critical,4.48,20,28.8,3,69.5,0.715,Immediate,72.0,4,4,0,1,0
TDMS01120,Medium,4.08,37,21.7,2,18.8,0.812,This_Month,42.5,2,2,0,1,0
TDMS01121,High,5.33,40,25.7,3,37.8,0.716,This_Month,57.8,3,2,0,1,0
TDMS01122,Critical,4.73,20,15.8,2,71.6,0.893,Immediate,79.9,4,4,0,1,0
TDMS01123,Critical,5.87,20,17.6,3,51.1,0.817,Immediate,73.5,4,4,0,1,0
TDMS01124,High,3.91,40,8.3,1,41.1,0.789,This_Week,60.7,3,3,0,1,0
TDMS01125,Medium,4.88,60,28.6,3,25.0,0.745,This_Month,52.3,2,2,0,1,0
TDMS01126,Critical,5.3,20,17.7,2,69.3,0.625,Immediate,85.7,4,4,0,1,0
TDMS01127,Critical,4.11,20,17.1,0,73.7,0.764,Immediate,83.5,4,4,0,1,0
TDMS01128,Medium,2.94,60,10.6,0,26.9,0.689,This_Month,50.3,2,2,0,1,0
TDMS01129,Critical,4.73,20,14.8,0,36.2,0.585,Immediate,77.9,4,4,0,1,0
TDMS01130,Medium,3.92,60,20.0,2,26.6,0.673,This_Month,56.9,2,2,0,1,0
TDMS01131,High,3.61,40,19.2,4,42.2,0.802,This_Month,56.7,3,2,0,1,0
TDMS01132,Medium,4.1,60,25.3,5,56.5,0.867,This_Month,51.6,2,2,0,1,0
TDMS01133,Critical,6.29,20,12.3,1,50.8,0.791,Immediate,78.7,4,4,0,1,0
TDMS01134,Medium,4.36,60,17.0,1,30.4,0.789,This_Month,57.9,2,2,0,1,0
TDMS01135,Medium,3.57,60,29.5,3,20.7,0.875,This_Month,48.0,2,2,0,1,0
TDMS01136,Medium,3.4,13,25.2,2,32.8,0.809,Programmed,36.4,2,1,0,1,0
TDMS01137,Critical,5.44,13,16.3,2,45.5,0.873,Immediate,69.9,4,4,0,1,0
TDMS01138,Critical,5.33,20,11.1,1,32.9,0.728,Immediate,75.9,4,4,0,1,0
TDMS01139,Critical,4.43,20,11.8,1,35.5,0.74,Immediate,79.3,4,4,0,1,0
TDMS01140,Critical,4.81,20,5.8,3,81.4,0.837,Immediate,82.1,4,4,0,1,0
TDMS01141,High,4.08,3,29.8,3,62.4,0.907,This_Month,55.7,3,2,0,1,0
TDMS01142,Critical,5.96,20,25.5,2,47.1,0.88,Immediate,76.9,4,4,0,1,0
TDMS01143,Critical,4.77,20,19.4,1,89.0,0.785,Immediate,67.0,4,4,0,1,0
TDMS01144,High,4.2,40,23.3,3,44.8,0.721,This_Week,62.5,3,3,0,1,0
TDMS01145,Critical,4.78,20,2.5,0,93.3,0.785,Immediate,74.0,4,4,0,1,0
TDMS01146,Medium,4.18,60,1.9,0,53.0,0.663,This_Month,51.3,2,2,0,1,0
TDMS01147,High,4.71,21,17.5,0,31.5,0.784,This_Week,60.1,3,3,0,1,0
TDMS01148,Medium,4.5,60,21.4,6,32.7,0.834,This_Month,49.3,2,2,0,1,0
TDMS01149,Critical,4.61,20,1.7,1,53.5,0.738,Immediate,79.7,4,4,0,1,0
TDMS01150,High,4.65,40,27.8,4,36.4,0.763,This_Week,67.5,3,3,0,1,0
TDMS01151,Critical,4.31,20,12.7,3,62.6,0.851,Immediate,78.1,4,4,0,1,0
TDMS01152,Medium,2.27,60,8.9,2,31.2,0.6,This_Month,55.7,2,2,0,1,0
TDMS01153,Critical,5.64,20,27.7,4,47.6,0.888,Immediate,79.4,4,4,0,1,0
TDMS01154,Critical,4.4,15,14.6,4,84.2,0.96,Immediate,79.8,4,4,0,1,0
TDMS01155,Medium,4.73,1,5.9,1,51.4,0.694,Programmed,30.5,2,1,0,1,0
TDMS01156,Critical,3.54,20,3.3,1,70.7,0.743,Immediate,77.3,4,4,0,1,0
TDMS01157,Medium,4.02,60,25.2,3,30.4,0.695,This_Month,45.9,2,2,0,1,0
TDMS01158,High,4.6,40,5.9,2,38.4,0.824,This_Week,69.7,3,3,0,1,0
TDMS01159,High,4.0,40,14.6,2,27.6,0.753,This_Month,53.4,3,2,0,1,0
TDMS01160,High,4.46,40,26.8,3,37.7,0.728,This_Month,59.8,3,2,0,1,0
TDMS01161,Critical,4.06,20,19.9,0,51.4,0.604,Immediate,81.2,4,4,0,1,0
TDMS01162,Medium,3.43,60,14.5,2,51.1,0.784,This_Month,54.0,2,2,0,1,0
TDMS01163,High,4.39,40,14.9,2,41.7,0.843,This_Week,68.4,3,3,0,1,0
TDMS01164,Critical,4.75,20,18.5,0,50.6,0.691,Immediate,72.8,4,4,0,1,0
TDMS01165,Critical,4.53,4,21.0,2,50.2,0.96,Immediate,65.7,4,4,0,1,0
TDMS01166,Critical,4.31,20,20.3,2,38.2,0.889,Immediate,80.5,4,4,0,1,0
TDMS01167,Medium,3.58,60,19.7,3,48.2,0.556,This_Month,54.1,2,2,0,1,0
TDMS01168,Medium,4.1,60,26.1,0,29.8,0.709,This_Month,56.4,2,2,0,1,0
TDMS01169,Critical,5.15,20,12.8,3,89.7,0.868,Immediate,74.9,4,4,0,1,0
TDMS01170,High,3.03,40,13.4,2,62.9,0.848,This_Month,59.8,3,2,0,1,0
TDMS01171,High,4.19,40,4.1,2,24.1,0.869,This_Month,59.7,3,2,0,1,0
TDMS01172,Medium,2.92,60,2.2,0,30.1,0.642,This_Month,49.4,2,2,0,1,0
TDMS01173,Critical,5.16,20,2.9,1,77.9,0.808,Immediate,70.0,4,4,0,1,0
TDMS01174,Critical,4.7,20,10.1,0,49.8,0.53,Immediate,76.4,4,4,0,1,0
TDMS01175,Medium,3.4,60,2.1,2,25.5,0.821,This_Month,48.0,2,2,0,1,0
TDMS01176,Critical,5.48,20,7.4,3,49.0,0.877,Immediate,76.7,4,4,0,1,0
TDMS01177,Medium,4.25,60,12.5,4,31.9,0.72,This_Month,53.7,2,2,0,1,0
TDMS01178,High,4.18,40,6.5,3,42.8,0.765,This_Week,69.0,3,3,0,1,0
TDMS01179,High,3.81,15,4.4,1,65.1,0.776,This_Month,55.1,3,2,0,1,0
TDMS01180,High,4.26,40,4.1,1,32.8,0.649,This_Week,61.2,3,3,0,1,0
TDMS01181,High,3.82,40,13.9,1,63.5,0.717,This_Month,56.8,3,2,0,1,0
TDMS01182,Medium,3.09,10,29.8,4,49.8,0.802,Programmed,28.8,2,1,0,1,0
TDMS01183,High,4.31,40,15.1,2,48.1,0.636,This_Week,66.6,3,3,0,1,0
TDMS01184,High,4.87,17,28.0,3,35.0,0.773,This_Month,51.7,3,2,0,1,0
TDMS01185,Critical,3.96,0,7.5,1,45.7,0.882,Immediate,76.8,4,4,0,1,0
TDMS01186,Medium,4.3,60,8.8,0,52.9,0.792,This_Month,58.5,2,2,0,1,0
TDMS01187,Medium,2.93,56,5.1,1,39.0,0.5,This_Month,43.7,2,2,0,1,0
TDMS01188,Medium,3.48,60,15.6,4,23.8,0.652,This_Month,45.1,2,2,0,1,0
TDMS01189,High,5.26,40,26.0,3,25.9,0.807,This_Month,58.4,3,2,0,1,0
TDMS01190,Critical,5.79,20,10.6,1,51.2,0.639,Immediate,70.6,4,4,0,1,0
TDMS01191,Critical,5.54,20,13.1,4,93.7,0.814,Immediate,76.8,4,4,0,1,0
TDMS01192,Medium,4.0,60,23.0,3,49.9,0.784,Programmed,37.7,2,1,0,1,0
TDMS01193,High,4.58,40,21.0,1,31.0,0.665,This_Week,63.3,3,3,0,1,0
TDMS01194,Critical,4.17,20,9.8,2,49.5,0.894,Immediate,73.5,4,4,0,1,0
TDMS01195,Medium,3.39,60,15.6,1,29.0,0.701,This_Month,45.4,2,2,0,1,0
TDMS01196,Critical,5.65,20,21.1,4,40.9,0.797,Immediate,78.9,4,4,0,1,0
TDMS01197,Critical,5.3,20,13.2,4,71.4,0.866,Immediate,78.8,4,4,0,1,0
TDMS01198,Medium,3.97,60,3.5,2,32.5,0.769,This_Month,52.8,2,2,0,1,0
TDMS01199,Medium,3.71,60,6.0,1,31.1,0.672,This_Month,52.6,2,2,0,1,0
TDMS01200,Critical,5.61,20,16.3,1,49.8,0.665,Immediate,77.1,4,4,0,1,0
TDMS01201,High,4.31,40,7.5,3,82.5,0.9,This_Week,65.4,3,3,0,1,0
TDMS01202,Medium,3.93,60,4.8,1,22.4,0.681,This_Month,53.0,2,2,0,1,0
TDMS01203,Critical,4.79,20,12.4,2,68.9,0.824,Immediate,73.7,4,4,0,1,0
TDMS01204,High,4.22,40,6.0,1,44.4,0.555,This_Week,67.3,3,3,0,1,0
TDMS01205,High,3.81,40,4.0,1,41.3,0.822,This_Month,54.8,3,2,0,1,0
TDMS01206,Critical,5.0,20,19.8,1,35.7,0.663,Immediate,72.5,4,4,0,1,0
TDMS01207,Medium,3.46,60,24.2,3,37.1,0.678,This_Month,51.9,2,2,0,1,0
TDMS01208,Critical,4.63,20,16.9,0,57.9,0.671,Immediate,80.4,4,4,0,1,0
TDMS01209,Medium,3.82,60,22.7,1,33.6,0.668,This_Month,49.8,2,2,0,1,0
TDMS01210,Critical,5.25,20,26.7,2,75.7,0.737,Immediate,80.4,4,4,0,1,0
TDMS01211,High,3.74,40,13.5,2,74.4,0.869,This_Week,60.0,3,3,0,1,0
TDMS01212,High,4.24,40,25.5,3,39.7,0.834,This_Week,63.9,3,3,0,1,0
TDMS01213,High,4.79,40,24.4,3,57.7,0.693,This_Week,65.2,3,3,0,1,0
TDMS01214,Medium,3.73,33,23.0,2,57.3,0.868,This_Month,41.6,2,2,0,1,0
TDMS01215,Critical,3.97,13,22.2,4,46.1,0.789,Immediate,77.3,4,4,0,1,0
TDMS01216,High,3.99,40,27.6,2,53.4,0.709,This_Week,68.2,3,3,0,1,0
TDMS01217,Medium,3.19,60,8.0,0,39.3,0.611,This_Month,51.1,2,2,0,1,0
TDMS01218,Medium,3.26,60,3.5,0,46.7,0.712,This_Month,48.6,2,2,0,1,0
TDMS01219,Medium,3.75,60,2.3,1,29.8,0.658,This_Month,52.2,2,2,0,1,0
TDMS01220,Critical,5.07,20,29.2,4,66.6,0.715,Immediate,80.0,4,4,0,1,0
TDMS01221,High,3.76,40,15.3,1,53.2,0.692,This_Week,64.6,3,3,0,1,0
TDMS01222,High,3.29,40,5.7,1,68.7,0.668,This_Month,54.6,3,2,0,1,0
TDMS01223,Medium,3.78,60,28.5,4,46.6,0.818,This_Month,51.2,2,2,0,1,0
TDMS01224,Medium,4.55,60,25.0,4,49.4,0.773,This_Month,54.1,2,2,0,1,0
TDMS01225,Medium,4.43,60,16.5,1,32.7,0.699,Programmed,39.2,2,1,0,1,0
TDMS01226,High,3.64,40,23.3,3,89.1,0.801,This_Week,67.0,3,3,0,1,0
TDMS01227,Critical,4.22,20,21.0,5,41.6,0.84,Immediate,80.1,4,4,0,1,0
TDMS01228,Medium,3.25,60,5.0,0,29.0,0.799,This_Month,45.0,2,2,0,1,0
TDMS01229,Critical,3.55,20,16.7,1,70.7,0.728,Immediate,81.4,4,4,0,1,0
TDMS01230,Medium,5.03,0,14.5,1,26.9,0.829,Programmed,25.0,2,1,0,1,0
TDMS01231,High,5.32,40,19.1,3,67.4,0.638,This_Month,59.8,3,2,0,1,0
TDMS01232,Critical,5.14,4,7.0,0,53.6,0.911,Immediate,69.2,4,4,0,1,0
TDMS01233,High,4.2,40,9.0,0,59.2,0.782,This_Month,58.1,3,2,0,1,0
TDMS01234,High,3.87,40,20.0,1,37.3,0.599,This_Week,68.4,3,3,0,1,0
TDMS01235,Critical,5.11,20,16.0,1,71.8,0.682,Immediate,77.9,4,4,0,1,0
TDMS01236,High,4.95,40,18.4,1,34.5,0.557,This_Week,67.9,3,3,0,1,0
TDMS01237,Critical,4.18,20,13.5,4,28.8,0.78,Immediate,82.4,4,4,0,1,0
TDMS01238,Critical,4.44,20,21.8,4,56.6,0.875,Immediate,78.7,4,4,0,1,0
TDMS01239,Critical,5.15,20,13.9,2,40.3,0.789,Immediate,76.8,4,4,0,1,0
TDMS01240,Critical,4.6,20,9.7,0,68.8,0.614,Immediate,84.3,4,4,0,1,0
TDMS01241,Medium,4.27,60,13.8,3,59.8,0.718,This_Month,55.8,2,2,0,1,0
TDMS01242,High,4.42,40,7.6,0,40.6,0.653,This_Month,58.1,3,2,0,1,0
TDMS01243,Critical,5.01,20,4.2,2,86.8,0.828,Immediate,79.6,4,4,0,1,0
TDMS01244,High,4.37,40,8.3,3,34.8,0.871,This_Month,58.8,3,2,0,1,0
TDMS01245,Medium,3.38,60,7.2,0,46.8,0.85,This_Month,59.8,2,2,0,1,0
TDMS01246,Critical,4.47,20,16.2,0,93.4,0.569,Immediate,85.2,4,4,0,1,0
TDMS01247,Critical,5.14,20,7.0,0,89.5,0.635,Immediate,74.8,4,4,0,1,0
TDMS01248,Critical,4.49,20,3.5,3,48.3,0.856,Immediate,79.9,4,4,0,1,0
TDMS01249,Medium,4.29,60,17.0,2,26.4,0.869,This_Month,49.6,2,2,0,1,0
TDMS01250,Critical,5.47,20,3.8,0,74.7,0.692,Immediate,77.0,4,4,0,1,0
TDMS01251,Critical,4.8,20,13.0,2,69.9,0.715,Immediate,74.2,4,4,0,1,0
TDMS01252,Medium,3.3,7,3.3,0,59.2,0.881,Programmed,37.4,2,1,0,1,0
TDMS01253,High,4.21,40,8.9,0,42.7,0.582,This_Week,69.5,3,3,0,1,0
TDMS01254,Medium,3.68,60,9.1,3,22.7,0.885,This_Month,50.4,2,2,0,1,0
TDMS01255,Critical,4.76,20,21.2,3,79.5,0.736,Immediate,69.0,4,4,0,1,0
TDMS01256,Critical,5.12,20,13.6,3,69.2,0.87,Immediate,71.4,4,4,0,1,0
TDMS01257,Medium,3.53,58,20.8,0,26.5,0.68,This_Month,47.0,2,2,0,1,0
TDMS01258,Medium,3.07,60,29.5,2,20.1,0.861,This_Month,59.1,2,2,0,1,0
TDMS01259,Critical,4.56,20,23.3,3,59.5,0.756,Immediate,69.2,4,4,0,1,0
TDMS01260,High,4.58,40,10.4,1,44.7,0.647,This_Week,70.0,3,3,0,1,0
TDMS01261,High,4.58,40,20.6,3,36.4,0.808,This_Week,70.6,3,3,0,1,0
TDMS01262,Medium,5.51,20,1.6,0,26.3,0.671,This_Month,42.9,2,2,0,1,0
TDMS01263,Medium,3.3,60,9.5,1,37.1,0.668,This_Month,52.5,2,2,0,1,0
TDMS01264,Medium,2.85,60,8.5,2,46.2,0.799,Programmed,39.9,2,1,0,1,0
TDMS01265,High,4.38,40,23.0,1,49.9,0.596,This_Week,68.8,3,3,0,1,0
TDMS01266,Medium,4.43,60,12.7,1,27.4,0.678,This_Month,52.6,2,2,0,1,0
TDMS01267,Medium,4.61,60,18.4,4,47.3,0.767,This_Month,53.4,2,2,0,1,0
TDMS01268,High,4.11,18,5.3,1,39.0,0.758,This_Month,59.4,3,2,0,1,0
TDMS01269,High,4.89,40,18.8,1,25.6,0.71,This_Week,63.6,3,3,0,1,0
TDMS01270,Medium,3.31,60,7.9,0,55.8,0.574,This_Month,42.3,2,2,0,1,0
TDMS01271,High,4.53,40,16.3,1,63.1,0.633,This_Week,66.2,3,3,0,1,0
TDMS01272,High,3.7,40,13.3,2,38.8,0.76,This_Week,69.6,3,3,0,1,0
TDMS01273,Critical,4.39,20,14.9,0,40.6,0.758,Immediate,71.8,4,4,0,1,0
TDMS01274,High,3.95,40,14.7,4,23.4,0.849,This_Week,66.7,3,3,0,1,0
TDMS01275,Medium,3.76,60,8.6,1,24.8,0.718,This_Month,42.1,2,2,0,1,0
TDMS01276,Critical,5.11,20,11.3,0,48.1,0.641,Immediate,75.1,4,4,0,1,0
TDMS01277,Medium,3.19,60,17.9,2,30.3,0.87,This_Month,44.5,2,2,0,1,0
TDMS01278,High,3.94,0,2.4,2,36.8,0.96,This_Month,46.2,3,2,0,1,0
TDMS01279,Medium,3.53,14,10.5,1,30.9,0.673,Programmed,34.7,2,1,0,1,0
TDMS01280,Critical,4.63,20,26.0,1,43.0,0.76,Immediate,82.4,4,4,0,1,0
TDMS01281,High,4.48,40,22.2,4,52.0,0.814,This_Week,72.2,3,3,0,1,0
TDMS01282,Critical,5.1,20,1.2,0,76.0,0.682,Immediate,67.6,4,4,0,1,0
TDMS01283,High,3.14,40,10.4,8,37.4,0.753,This_Week,69.2,3,3,0,1,0
TDMS01284,Medium,3.24,60,8.9,1,30.3,0.667,This_Month,52.8,2,2,0,1,0
TDMS01285,Critical,5.37,20,3.8,1,47.6,0.698,Immediate,79.7,4,4,0,1,0
TDMS01286,High,3.28,40,27.8,6,61.0,0.695,This_Week,74.9,3,3,0,1,0
TDMS01287,Critical,4.47,20,25.2,1,54.2,0.72,Immediate,82.6,4,4,0,1,0
TDMS01288,Critical,4.66,20,29.5,1,53.4,0.767,Immediate,80.3,4,4,0,1,0
TDMS01289,High,4.04,40,9.2,0,56.3,0.644,This_Week,65.0,3,3,0,1,0
TDMS01290,Critical,5.09,20,26.4,3,61.2,0.779,Immediate,76.3,4,4,0,1,0
TDMS01291,Medium,4.75,60,3.8,1,52.3,0.639,This_Month,58.5,2,2,0,1,0
TDMS01292,Critical,5.75,20,27.7,3,58.7,0.871,Immediate,82.3,4,4,0,1,0
TDMS01293,High,4.56,40,22.9,1,28.2,0.612,This_Week,73.0,3,3,0,1,0
TDMS01294,High,4.21,40,13.0,4,29.1,0.798,This_Week,63.7,3,3,0,1,0
TDMS01295,High,4.8,40,21.2,2,29.2,0.679,This_Week,63.9,3,3,0,1,0
TDMS01296,Critical,5.12,20,5.8,2,48.7,0.741,Immediate,73.6,4,4,0,1,0
TDMS01297,High,4.88,40,7.2,3,53.3,0.711,This_Month,56.2,3,2,0,1,0
TDMS01298,Critical,4.76,20,25.1,0,55.1,0.755,Immediate,82.2,4,4,0,1,0
TDMS01299,Critical,6.5,20,22.2,2,47.7,0.77,Immediate,79.7,4,4,0,1,0
TDMS01300,Critical,4.77,20,29.8,1,37.0,0.5,Immediate,78.1,4,4,0,1,0
TDMS01301,High,6.07,39,2.5,1,28.9,0.606,This_Week,60.9,3,3,0,1,0
TDMS01302,Critical,4.66,20,16.8,0,28.6,0.711,Immediate,72.7,4,4,0,1,0
TDMS01303,Medium,4.55,14,10.1,1,26.3,0.84,Programmed,28.0,2,1,0,1,0
TDMS01304,Medium,4.18,45,25.0,0,37.7,0.685,This_Month,43.2,2,2,0,1,0
TDMS01305,Critical,6.41,20,17.6,3,43.4,0.706,Immediate,78.5,4,4,0,1,0
TDMS01306,Critical,3.83,20,9.8,2,88.9,0.764,Immediate,73.3,4,4,0,1,0
TDMS01307,High,4.8,40,17.6,5,33.2,0.699,This_Week,61.3,3,3,0,1,0
TDMS01308,Medium,3.1,60,14.9,3,49.6,0.794,This_Month,52.7,2,2,0,1,0
TDMS01309,High,4.38,40,12.5,0,56.1,0.635,This_Week,68.1,3,3,0,1,0
TDMS01310,Critical,3.82,20,4.1,0,73.6,0.671,Immediate,76.5,4,4,0,1,0
TDMS01311,High,4.82,40,7.2,1,55.0,0.796,This_Week,67.3,3,3,0,1,0
TDMS01312,Medium,3.53,60,12.8,3,45.8,0.763,This_Month,46.6,2,2,0,1,0
TDMS01313,High,3.94,40,16.8,1,57.4,0.719,This_Month,55.1,3,2,0,1,0
TDMS01314,Medium,4.15,60,5.9,1,25.3,0.736,This_Month,42.6,2,2,0,1,0
TDMS01315,Critical,5.22,9,19.2,4,52.7,0.833,Immediate,73.5,4,4,0,1,0
TDMS01316,Critical,6.17,20,13.0,0,42.2,0.701,Immediate,74.5,4,4,0,1,0
TDMS01317,Critical,5.3,20,12.0,1,46.1,0.647,Immediate,74.5,4,4,0,1,0
TDMS01318,Medium,4.76,37,7.0,2,30.4,0.862,This_Month,45.9,2,2,0,1,0
TDMS01319,Critical,4.31,20,12.0,2,67.5,0.716,Immediate,73.2,4,4,0,1,0
TDMS01320,Critical,6.11,20,2.6,5,69.4,0.761,Immediate,84.8,4,4,0,1,0
TDMS01321,Critical,4.57,20,16.9,2,86.8,0.788,Immediate,77.0,4,4,0,1,0
TDMS01322,Medium,3.98,60,16.4,3,40.6,0.829,This_Week,60.6,2,3,0,1,0
TDMS01323,Critical,4.79,20,29.9,1,76.2,0.74,Immediate,67.8,4,4,0,1,0
TDMS01324,High,3.8,40,11.7,1,38.9,0.756,This_Week,61.3,3,3,0,1,0
TDMS01325,High,3.9,40,13.9,2,59.1,0.657,This_Week,69.6,3,3,0,1,0
TDMS01326,Medium,2.47,60,8.3,1,39.4,0.733,This_Month,44.1,2,2,0,1,0
TDMS01327,Critical,4.62,20,9.8,4,39.2,0.81,Immediate,76.7,4,4,0,1,0
TDMS01328,Medium,4.43,0,15.5,1,52.2,0.833,Programmed,29.3,2,1,0,1,0
TDMS01329,High,4.68,40,5.5,0,31.8,0.653,This_Week,68.4,3,3,0,1,0
TDMS01330,Critical,5.18,20,28.5,6,43.8,0.661,Immediate,75.0,4,4,0,1,0
TDMS01331,Critical,6.5,20,3.9,1,45.5,0.62,Immediate,71.4,4,4,0,1,0
TDMS01332,Medium,4.11,60,2.5,4,28.3,0.851,This_Month,49.9,2,2,0,1,0
TDMS01333,Medium,3.26,60,27.1,3,35.5,0.638,This_Month,46.7,2,2,0,1,0
TDMS01334,High,3.96,40,12.6,4,40.5,0.748,This_Week,70.7,3,3,0,1,0
TDMS01335,High,5.12,40,11.0,0,58.9,0.755,This_Week,67.9,3,3,0,1,0
TDMS01336,Critical,6.39,17,9.0,2,45.2,0.881,Immediate,78.4,4,4,0,1,0
TDMS01337,Critical,4.6,20,13.0,1,40.3,0.689,Immediate,69.5,4,4,0,1,0
TDMS01338,Critical,4.85,20,6.7,0,42.9,0.62,Immediate,70.6,4,4,0,1,0
TDMS01339,Medium,2.77,0,28.1,4,23.3,0.824,Programmed,29.0,2,1,0,1,0
TDMS01340,High,4.18,40,17.4,1,57.0,0.646,This_Week,64.7,3,3,0,1,0
TDMS01341,Critical,4.77,20,29.8,3,63.2,0.671,Immediate,76.5,4,4,0,1,0
TDMS01342,Medium,2.93,60,10.4,0,28.4,0.679,This_Month,52.9,2,2,0,1,0
TDMS01343,Critical,5.05,20,1.7,1,35.9,0.748,Immediate,77.9,4,4,0,1,0
TDMS01344,High,4.28,40,19.7,1,41.1,0.704,This_Week,65.0,3,3,0,1,0
TDMS01345,High,4.29,26,18.7,5,20.8,0.723,This_Week,66.9,3,3,0,1,0
TDMS01346,Medium,3.07,0,4.9,2,33.4,0.835,Programmed,31.5,2,1,0,1,0
TDMS01347,Medium,3.72,60,17.6,2,51.5,0.879,This_Week,60.1,2,3,0,1,0
TDMS01348,High,4.51,40,8.2,4,58.6,0.622,This_Month,57.3,3,2,0,1,0
TDMS01349,High,3.88,40,2.5,3,33.5,0.772,This_Week,62.5,3,3,0,1,0
TDMS01350,High,4.07,40,10.4,2,42.3,0.819,This_Month,58.7,3,2,0,1,0
TDMS01351,High,3.58,40,3.0,2,59.6,0.824,This_Month,59.9,3,2,0,1,0
TDMS01352,High,3.98,20,8.0,3,68.1,0.83,This_Month,53.8,3,2,0,1,0
TDMS01353,Medium,3.07,60,20.0,4,51.2,0.701,This_Month,47.7,2,2,0,1,0
TDMS01354,Medium,2.95,0,5.8,0,26.0,0.823,Programmed,28.9,2,1,0,1,0
TDMS01355,High,4.45,40,29.8,1,37.2,0.599,This_Week,65.2,3,3,0,1,0
TDMS01356,Critical,4.05,19,25.6,3,39.5,0.96,Immediate,77.4,4,4,0,1,0
TDMS01357,Critical,5.7,20,12.5,3,53.4,0.713,Immediate,73.2,4,4,0,1,0
TDMS01358,High,4.82,40,29.0,1,37.7,0.797,This_Week,62.9,3,3,0,1,0
TDMS01359,Medium,2.4,60,24.9,1,28.5,0.838,This_Month,50.8,2,2,0,1,0
TDMS01360,Medium,3.13,60,3.4,1,52.5,0.71,This_Month,50.7,2,2,0,1,0
TDMS01361,High,3.93,12,28.7,2,57.6,0.952,This_Month,46.8,3,2,0,1,0
TDMS01362,Medium,2.54,60,29.3,4,42.7,0.782,This_Month,55.2,2,2,0,1,0
TDMS01363,Critical,5.29,20,19.8,2,52.4,0.872,Immediate,73.4,4,4,0,1,0
TDMS01364,Critical,5.43,20,2.9,1,44.1,0.766,Immediate,79.0,4,4,0,1,0
TDMS01365,High,4.12,40,5.9,1,65.8,0.658,This_Week,68.6,3,3,0,1,0
TDMS01366,High,4.01,40,1.9,2,59.1,0.658,This_Week,64.6,3,3,0,1,0
TDMS01367,Medium,4.16,48,4.5,1,18.1,0.748,This_Month,52.3,2,2,0,1,0
TDMS01368,High,4.82,40,11.5,1,34.6,0.74,This_Week,60.6,3,3,0,1,0
TDMS01369,High,3.57,36,17.8,1,57.6,0.73,This_Week,62.1,3,3,0,1,0
TDMS01370,Medium,3.53,5,27.9,3,50.8,0.843,Programmed,31.8,2,1,0,1,0
TDMS01371,Medium,3.23,60,25.4,0,41.3,0.626,This_Month,47.5,2,2,0,1,0
TDMS01372,Medium,3.54,60,25.7,2,20.0,0.855,This_Month,52.0,2,2,0,1,0
TDMS01373,Medium,2.34,0,16.1,3,34.4,0.933,Programmed,25.0,2,1,0,1,0
TDMS01374,High,5.86,25,13.6,2,37.7,0.756,This_Month,58.3,3,2,0,1,0
TDMS01375,Medium,2.95,60,25.6,5,21.2,0.887,This_Month,57.2,2,2,0,1,0
TDMS01376,Critical,5.51,20,10.0,0,37.5,0.715,Immediate,79.2,4,4,0,1,0
TDMS01377,High,4.04,40,25.4,1,53.8,0.677,This_Week,67.0,3,3,0,1,0
TDMS01378,Critical,4.59,20,22.8,2,43.8,0.657,Immediate,82.2,4,4,0,1,0
TDMS01379,High,4.09,40,28.4,5,47.2,0.829,This_Week,67.9,3,3,0,1,0
TDMS01380,Medium,4.61,60,5.3,2,47.9,0.913,This_Month,54.6,2,2,0,1,0
TDMS01381,Critical,5.26,20,5.6,1,73.8,0.659,Immediate,78.3,4,4,0,1,0
TDMS01382,Critical,4.78,20,1.2,3,74.9,0.85,Immediate,72.0,4,4,0,1,0
TDMS01383,Critical,5.1,15,11.5,2,88.4,0.954,Immediate,76.3,4,4,0,1,0
TDMS01384,Medium,3.81,60,24.0,4,23.6,0.825,This_Month,52.6,2,2,0,1,0
TDMS01385,Medium,4.42,60,25.3,4,51.4,0.77,This_Month,50.5,2,2,0,1,0
TDMS01386,Critical,5.66,20,21.5,2,39.6,0.745,Immediate,62.3,4,4,0,1,0
TDMS01387,Medium,4.04,11,20.5,2,28.3,0.851,Programmed,29.3,2,1,0,1,0
TDMS01388,Critical,4.39,20,6.6,2,41.3,0.665,Immediate,77.6,4,4,0,1,0
TDMS01389,Critical,5.49,20,7.3,1,45.6,0.556,Immediate,77.2,4,4,0,1,0
TDMS01390,Medium,3.79,60,23.3,2,26.3,0.847,This_Month,53.8,2,2,0,1,0
TDMS01391,High,4.75,40,13.6,2,58.2,0.88,This_Month,57.2,3,2,0,1,0
TDMS01392,Medium,4.05,60,21.1,2,17.8,0.723,This_Month,45.9,2,2,0,1,0
TDMS01393,Medium,4.03,60,28.5,0,17.6,0.685,This_Month,50.2,2,2,0,1,0
TDMS01394,Critical,4.33,20,27.4,0,42.1,0.669,Immediate,76.3,4,4,0,1,0
TDMS01395,Medium,3.78,60,1.1,3,58.9,0.81,This_Month,56.7,2,2,0,1,0
TDMS01396,Critical,4.29,20,28.3,2,47.0,0.769,Immediate,69.3,4,4,0,1,0
TDMS01397,Medium,4.52,60,12.6,3,31.6,0.891,This_Month,42.8,2,2,0,1,0
TDMS01398,Medium,3.69,60,6.4,3,19.2,0.798,This_Month,52.7,2,2,0,1,0
TDMS01399,High,3.97,40,20.5,2,48.8,0.77,This_Week,67.0,3,3,0,1,0
TDMS01400,High,4.16,40,7.7,1,46.6,0.615,This_Week,68.7,3,3,0,1,0
TDMS01401,Medium,2.65,60,8.8,1,28.8,0.8,This_Month,54.2,2,2,0,1,0
TDMS01402,High,3.66,22,3.0,1,67.8,0.651,This_Week,60.8,3,3,0,1,0
TDMS01403,Critical,4.28,20,8.1,1,76.9,0.526,Immediate,69.6,4,4,0,1,0
TDMS01404,High,3.67,40,5.1,1,46.9,0.758,This_Week,64.6,3,3,0,1,0
TDMS01405,Medium,4.59,60,24.2,7,28.6,0.723,This_Week,62.9,2,3,0,1,0
TDMS01406,High,4.44,40,12.1,3,34.7,0.742,This_Month,56.3,3,2,0,1,0
TDMS01407,High,3.81,40,19.6,6,60.3,0.784,This_Week,62.3,3,3,0,1,0
TDMS01408,Medium,3.84,60,13.3,1,44.6,0.645,This_Month,51.4,2,2,0,1,0
TDMS01409,Critical,4.41,20,28.8,3,53.9,0.912,Immediate,71.7,4,4,0,1,0
TDMS01410,Medium,3.24,60,26.5,1,47.9,0.607,This_Week,60.8,2,3,0,1,0
TDMS01411,High,3.89,40,22.1,0,27.0,0.65,This_Week,61.4,3,3,0,1,0
TDMS01412,Medium,4.09,60,19.5,4,50.7,0.76,This_Month,51.7,2,2,0,1,0
TDMS01413,Medium,3.5,60,28.8,3,70.2,0.579,This_Month,56.9,2,2,0,1,0
TDMS01414,High,5.26,40,23.6,2,35.3,0.753,This_Week,64.0,3,3,0,1,0
TDMS01415,Medium,3.32,60,29.9,1,42.0,0.794,This_Month,55.7,2,2,0,1,0
TDMS01416,Critical,4.46,20,10.7,1,43.9,0.719,Immediate,69.2,4,4,0,1,0
TDMS01417,Medium,4.64,60,14.8,2,18.3,0.87,This_Month,58.8,2,2,0,1,0
TDMS01418,Critical,4.27,20,1.1,0,35.4,0.581,Immediate,80.0,4,4,0,1,0
TDMS01419,Medium,3.84,60,25.6,1,42.3,0.639,This_Month,52.0,2,2,0,1,0
TDMS01420,High,4.27,40,17.0,2,46.6,0.743,This_Week,65.6,3,3,0,1,0
TDMS01421,Critical,4.54,20,10.7,2,54.1,0.76,Immediate,73.6,4,4,0,1,0
TDMS01422,Critical,3.93,20,1.6,0,37.0,0.677,Immediate,80.8,4,4,0,1,0
TDMS01423,Critical,4.54,20,5.3,0,43.9,0.746,Immediate,77.6,4,4,0,1,0
TDMS01424,Medium,3.3,60,17.8,0,46.4,0.793,This_Month,51.3,2,2,0,1,0
TDMS01425,Medium,2.96,60,25.6,2,36.4,0.756,This_Month,51.5,2,2,0,1,0
TDMS01426,Medium,4.74,60,10.5,1,27.4,0.745,This_Month,56.7,2,2,0,1,0
TDMS01427,Medium,3.56,60,11.9,1,22.2,0.712,This_Month,47.2,2,2,0,1,0
TDMS01428,Critical,4.29,20,26.0,3,35.0,0.819,Immediate,86.0,4,4,0,1,0
TDMS01429,High,3.98,0,11.8,1,58.0,0.731,This_Month,50.7,3,2,0,1,0
TDMS01430,High,4.46,40,24.6,2,39.0,0.722,This_Week,64.4,3,3,0,1,0
TDMS01431,High,4.42,40,1.1,0,53.1,0.669,This_Week,69.5,3,3,0,1,0
TDMS01432,High,3.44,40,7.8,1,42.4,0.697,This_Week,63.9,3,3,0,1,0
TDMS01433,Critical,5.05,20,28.5,2,45.9,0.745,Immediate,82.6,4,4,0,1,0
TDMS01434,Critical,5.7,20,3.4,2,47.8,0.838,Immediate,80.3,4,4,0,1,0
TDMS01435,Medium,4.55,60,6.4,3,54.0,0.741,This_Month,51.7,2,2,0,1,0
TDMS01436,Medium,4.1,60,10.0,0,51.3,0.744,This_Month,50.1,2,2,0,1,0
TDMS01437,High,4.65,40,13.7,3,60.5,0.678,This_Week,68.3,3,3,0,1,0
TDMS01438,Medium,2.98,60,2.1,0,30.7,0.66,This_Month,57.1,2,2,0,1,0
TDMS01439,Critical,5.88,20,28.4,2,44.5,0.753,Immediate,85.4,4,4,0,1,0
TDMS01440,Medium,3.85,22,14.5,0,27.0,0.629,Programmed,37.7,2,1,0,1,0
TDMS01441,High,4.72,40,21.0,3,57.7,0.821,This_Month,58.0,3,2,0,1,0
TDMS01442,High,4.78,40,14.0,2,68.2,0.76,This_Week,62.5,3,3,0,1,0
TDMS01443,Medium,3.73,60,24.9,3,49.7,0.764,This_Month,45.9,2,2,0,1,0
TDMS01444,High,4.13,40,17.5,2,45.0,0.825,This_Week,64.6,3,3,0,1,0
TDMS01445,Critical,5.32,20,19.5,2,38.0,0.599,Immediate,73.7,4,4,0,1,0
TDMS01446,High,4.15,40,11.8,1,55.9,0.751,This_Week,68.5,3,3,0,1,0
TDMS01447,Critical,6.11,20,10.5,3,57.9,0.823,Immediate,79.8,4,4,0,1,0
TDMS01448,High,4.21,40,24.8,1,56.0,0.78,This_Week,63.5,3,3,0,1,0
TDMS01449,High,4.89,40,27.2,2,40.5,0.753,This_Week,60.4,3,3,0,1,0
TDMS01450,Medium,3.44,60,23.3,3,23.9,0.833,This_Month,46.2,2,2,0,1,0
TDMS01451,Medium,3.41,60,6.2,4,46.4,0.789,This_Month,51.2,2,2,0,1,0
TDMS01452,Medium,4.15,60,19.4,5,28.2,0.727,This_Month,52.6,2,2,0,1,0
TDMS01453,High,3.71,40,14.6,2,37.6,0.736,This_Week,69.3,3,3,0,1,0
TDMS01454,High,4.04,40,23.6,3,62.1,0.769,This_Month,57.8,3,2,0,1,0
TDMS01455,Medium,3.24,60,11.3,2,77.7,0.871,This_Month,46.7,2,2,0,1,0
TDMS01456,High,3.66,40,8.4,2,85.9,0.68,This_Week,69.0,3,3,0,1,0
TDMS01457,High,3.99,40,5.4,2,63.4,0.754,This_Week,61.1,3,3,0,1,0
TDMS01458,Medium,2.85,60,28.9,1,21.2,0.65,This_Month,51.8,2,2,0,1,0
TDMS01459,High,2.61,0,14.6,2,63.8,0.846,This_Month,47.1,3,2,0,1,0
TDMS01460,Medium,2.9,60,27.3,4,30.0,0.946,This_Month,52.3,2,2,0,1,0
TDMS01461,High,4.86,40,27.4,5,56.7,0.863,This_Week,67.5,3,3,0,1,0
TDMS01462,Medium,4.62,60,5.2,2,40.9,0.818,This_Month,55.6,2,2,0,1,0
TDMS01463,Medium,3.41,60,18.0,1,47.9,0.59,This_Month,45.8,2,2,0,1,0
TDMS01464,High,5.25,40,29.7,1,62.2,0.798,This_Week,60.4,3,3,0,1,0
TDMS01465,Medium,4.05,45,15.7,1,33.0,0.636,This_Month,40.1,2,2,0,1,0
TDMS01466,Medium,3.69,60,24.4,1,47.8,0.622,This_Month,49.1,2,2,0,1,0
TDMS01467,High,3.88,40,28.4,3,34.3,0.644,This_Month,57.4,3,2,0,1,0
TDMS01468,High,3.18,40,17.5,2,32.0,0.636,This_Week,67.4,3,3,0,1,0
TDMS01469,Critical,4.78,20,25.0,1,52.0,0.749,Immediate,73.6,4,4,0,1,0
TDMS01470,High,3.72,40,18.5,3,60.2,0.809,This_Week,66.7,3,3,0,1,0
TDMS01471,Critical,5.51,20,27.4,4,67.4,0.729,Immediate,76.3,4,4,0,1,0
TDMS01472,Critical,4.44,0,26.5,4,47.4,0.891,Immediate,68.2,4,4,0,1,0
TDMS01473,Medium,3.75,60,12.8,3,16.1,0.624,This_Month,51.8,2,2,0,1,0
TDMS01474,Critical,4.42,20,7.4,2,51.9,0.608,Immediate,79.7,4,4,0,1,0
TDMS01475,Medium,3.4,60,22.4,4,32.2,0.838,This_Month,40.9,2,2,0,1,0
TDMS01476,Critical,5.44,20,2.5,1,46.5,0.5,Immediate,78.7,4,4,0,1,0
TDMS01477,Medium,3.1,60,6.9,0,52.6,0.644,This_Month,53.7,2,2,0,1,0
TDMS01478,Critical,4.61,20,29.8,2,36.8,0.691,Immediate,70.7,4,4,0,1,0
TDMS01479,Critical,5.71,20,11.2,1,69.4,0.61,Immediate,81.8,4,4,0,1,0
TDMS01480,Critical,5.12,20,3.2,1,68.0,0.541,Immediate,77.3,4,4,0,1,0
TDMS01481,High,3.36,40,21.6,2,30.1,0.824,This_Month,57.8,3,2,0,1,0
TDMS01482,Critical,4.57,20,24.6,4,32.9,0.647,Immediate,72.2,4,4,0,1,0
TDMS01483,High,5.42,34,11.0,1,38.9,0.542,This_Month,57.2,3,2,0,1,0
TDMS01484,Critical,5.12,20,8.6,2,36.8,0.767,Immediate,73.8,4,4,0,1,0
TDMS01485,Medium,2.7,60,6.8,3,31.7,0.82,This_Month,55.3,2,2,0,1,0
TDMS01486,Critical,4.63,20,11.1,2,48.8,0.826,Immediate,80.5,4,4,0,1,0
TDMS01487,High,3.8,40,10.8,1,55.1,0.65,This_Month,56.1,3,2,0,1,0
TDMS01488,Critical,4.26,20,10.4,5,66.8,0.838,Immediate,86.3,4,4,0,1,0
TDMS01489,High,4.23,40,8.1,0,57.4,0.5,This_Week,61.8,3,3,0,1,0
TDMS01490,Medium,3.61,60,21.4,1,20.5,0.601,This_Month,54.3,2,2,0,1,0
TDMS01491,High,3.77,40,21.5,4,47.9,0.745,This_Week,70.0,3,3,0,1,0
TDMS01492,High,5.07,40,10.8,1,48.3,0.695,This_Week,62.1,3,3,0,1,0
TDMS01493,High,4.58,40,20.6,2,45.6,0.832,This_Week,61.4,3,3,0,1,0
TDMS01494,Medium,4.82,60,11.7,2,26.2,0.797,This_Month,46.7,2,2,0,1,0
TDMS01495,Medium,2.94,60,6.0,4,21.4,0.819,This_Month,53.6,2,2,0,1,0
TDMS01496,Critical,5.29,20,20.9,1,41.5,0.729,Immediate,81.5,4,4,0,1,0
TDMS01497,Medium,4.38,60,12.5,5,26.3,0.612,This_Month,56.9,2,2,0,1,0
TDMS01498,Critical,5.85,20,25.4,3,40.3,0.749,Immediate,75.0,4,4,0,1,0
TDMS01499,Critical,4.29,20,13.2,2,73.3,0.708,Immediate,72.3,4,4,0,1,0
TDMS01500,Medium,4.39,60,27.9,3,30.2,0.681,This_Month,53.7,2,2,0,1,0
TDMS01501,High,5.08,40,17.6,2,36.9,0.624,This_Month,59.1,3,2,0,1,0
TDMS01502,Medium,3.54,60,21.4,1,59.0,0.607,This_Month,54.7,2,2,0,1,0
TDMS01503,Medium,4.72,60,18.9,1,66.6,0.651,This_Month,56.2,2,2,0,1,0
TDMS01504,Medium,4.44,60,18.3,4,24.0,0.836,This_Month,52.9,2,2,0,1,0
TDMS01505,Critical,4.78,20,2.2,1,70.2,0.556,Immediate,77.4,4,4,0,1,0
TDMS01506,High,3.5,0,22.5,1,38.3,0.729,This_Month,51.3,3,2,0,1,0
TDMS01507,Critical,4.0,20,11.7,0,35.7,0.635,Immediate,81.5,4,4,0,1,0
TDMS01508,High,4.87,40,6.6,0,44.1,0.68,This_Month,56.5,3,2,0,1,0
TDMS01509,Medium,4.57,60,19.1,3,30.1,0.812,This_Month,49.1,2,2,0,1,0
TDMS01510,High,4.6,40,8.5,2,67.9,0.769,This_Week,66.9,3,3,0,1,0
TDMS01511,High,4.82,40,16.6,1,42.3,0.791,This_Month,58.2,3,2,0,1,0
TDMS01512,Medium,3.39,48,6.2,1,59.8,0.7,This_Month,45.1,2,2,0,1,0
TDMS01513,Critical,4.42,12,20.1,2,41.9,0.741,Immediate,77.3,4,4,0,1,0
TDMS01514,Medium,3.73,60,24.5,1,28.5,0.845,This_Month,52.9,2,2,0,1,0
TDMS01515,Critical,5.15,20,23.4,1,45.6,0.779,Immediate,81.5,4,4,0,1,0
TDMS01516,High,4.49,40,30.0,1,31.1,0.603,This_Week,67.6,3,3,0,1,0
TDMS01517,High,3.98,40,18.8,5,38.2,0.726,This_Month,58.1,3,2,0,1,0
TDMS01518,High,4.71,40,17.0,1,65.6,0.568,This_Week,68.6,3,3,0,1,0
TDMS01519,Medium,4.22,60,19.1,1,26.6,0.718,This_Month,42.3,2,2,0,1,0
TDMS01520,Medium,3.45,0,27.3,5,80.8,0.96,Programmed,32.1,2,1,0,1,0
TDMS01521,Medium,3.17,60,11.0,3,54.2,0.75,This_Month,47.9,2,2,0,1,0
TDMS01522,Critical,4.82,20,17.2,3,42.5,0.79,Immediate,82.7,4,4,0,1,0
TDMS01523,Medium,3.93,60,4.5,0,56.4,0.712,This_Month,49.3,2,2,0,1,0
TDMS01524,Critical,5.19,20,29.3,0,88.4,0.57,Immediate,73.8,4,4,0,1,0
TDMS01525,Critical,4.93,20,15.4,0,83.5,0.505,Immediate,76.9,4,4,0,1,0
TDMS01526,High,4.47,40,16.3,0,35.8,0.626,This_Week,65.8,3,3,0,1,0
TDMS01527,Critical,6.3,20,2.5,2,40.1,0.846,Immediate,71.1,4,4,0,1,0
TDMS01528,Critical,5.52,20,6.4,1,60.2,0.62,Immediate,87.4,4,4,0,1,0
TDMS01529,Medium,2.77,60,2.4,0,32.6,0.688,This_Month,57.4,2,2,0,1,0
TDMS01530,High,5.9,40,20.1,3,44.6,0.809,This_Week,71.2,3,3,0,1,0
TDMS01531,Medium,2.22,60,17.2,2,52.1,0.836,This_Month,45.9,2,2,0,1,0
TDMS01532,High,3.51,40,27.3,3,52.6,0.749,This_Week,70.6,3,3,0,1,0
TDMS01533,Critical,4.86,20,7.3,2,38.6,0.829,Immediate,78.9,4,4,0,1,0
TDMS01534,Critical,4.98,20,19.6,1,96.4,0.692,Immediate,80.3,4,4,0,1,0
TDMS01535,Medium,3.31,60,14.8,1,20.9,0.662,Programmed,38.5,2,1,0,1,0
TDMS01536,Critical,4.99,20,23.8,1,39.0,0.6,Immediate,71.1,4,4,0,1,0
TDMS01537,Medium,4.03,0,11.2,3,27.5,0.943,Programmed,25.0,2,1,0,1,0
TDMS01538,High,5.48,22,25.7,1,72.4,0.559,This_Week,61.3,3,3,0,1,0
TDMS01539,Medium,3.43,60,8.4,3,64.4,0.899,This_Month,52.8,2,2,0,1,0
TDMS01540,High,4.24,36,9.2,2,56.1,0.788,This_Week,61.5,3,3,0,1,0
TDMS01541,Critical,5.42,20,29.0,1,89.2,0.703,Immediate,69.1,4,4,0,1,0
TDMS01542,Medium,4.07,36,16.7,6,21.5,0.825,This_Month,50.5,2,2,0,1,0
TDMS01543,Critical,4.39,20,4.0,3,44.4,0.756,Immediate,75.8,4,4,0,1,0
TDMS01544,Critical,5.18,20,10.8,4,44.8,0.781,Immediate,80.7,4,4,0,1,0
TDMS01545,High,4.54,9,11.1,2,48.7,0.96,This_Month,57.2,3,2,0,1,0
TDMS01546,Medium,4.31,60,10.7,3,34.0,0.713,This_Month,53.3,2,2,0,1,0
TDMS01547,High,3.92,40,20.1,1,35.2,0.639,This_Week,61.2,3,3,0,1,0
TDMS01548,Medium,3.9,60,18.0,3,49.4,0.861,This_Month,52.3,2,2,0,1,0
TDMS01549,High,4.8,40,17.2,2,43.3,0.636,This_Week,62.5,3,3,0,1,0
TDMS01550,High,4.85,40,13.0,1,28.3,0.63,This_Week,66.6,3,3,0,1,0
TDMS01551,High,5.14,40,8.4,4,34.8,0.842,This_Week,70.9,3,3,0,1,0
TDMS01552,Medium,3.61,0,6.6,1,45.4,0.887,Programmed,29.0,2,1,0,1,0
TDMS01553,Critical,4.42,20,24.0,2,97.2,0.747,Immediate,69.0,4,4,0,1,0
TDMS01554,High,4.31,40,4.5,1,36.3,0.663,This_Month,58.4,3,2,0,1,0
TDMS01555,High,5.05,40,26.5,6,32.7,0.733,This_Week,70.7,3,3,0,1,0
TDMS01556,Critical,5.83,20,20.5,0,83.2,0.781,Immediate,76.3,4,4,0,1,0
TDMS01557,Medium,2.7,60,23.3,3,32.5,0.91,This_Month,47.7,2,2,0,1,0
TDMS01558,Medium,3.9,60,6.0,5,34.8,0.764,This_Month,51.3,2,2,0,1,0
TDMS01559,High,4.59,40,22.4,1,33.9,0.59,This_Week,70.4,3,3,0,1,0
TDMS01560,Critical,4.71,20,14.5,0,70.3,0.663,Immediate,73.5,4,4,0,1,0
TDMS01561,High,4.8,40,29.4,2,34.5,0.871,This_Week,72.6,3,3,0,1,0
TDMS01562,High,3.99,40,14.9,1,61.7,0.734,This_Week,70.4,3,3,0,1,0
TDMS01563,Medium,3.37,60,10.1,2,23.7,0.912,This_Month,45.0,2,2,0,1,0
TDMS01564,Medium,3.8,60,7.7,1,60.3,0.738,This_Month,48.5,2,2,0,1,0
TDMS01565,Medium,4.41,60,14.8,2,23.4,0.882,This_Month,47.4,2,2,0,1,0
TDMS01566,Medium,3.28,60,20.0,1,25.0,0.509,This_Week,60.4,2,3,0,1,0
TDMS01567,Medium,3.62,60,8.7,1,52.0,0.678,This_Month,53.0,2,2,0,1,0
TDMS01568,Critical,5.01,20,21.0,4,43.2,0.846,Immediate,72.9,4,4,0,1,0
TDMS01569,High,4.86,40,13.3,3,28.6,0.742,This_Week,60.5,3,3,0,1,0
TDMS01570,Medium,3.36,60,2.1,0,50.1,0.741,This_Month,43.7,2,2,0,1,0
TDMS01571,High,3.16,40,4.0,1,39.2,0.624,This_Week,66.1,3,3,0,1,0
TDMS01572,High,4.6,40,17.3,0,59.6,0.564,This_Month,58.6,3,2,0,1,0
TDMS01573,High,4.54,40,12.7,3,28.0,0.768,This_Week,71.7,3,3,0,1,0
TDMS01574,Medium,3.21,28,5.6,2,48.5,0.779,Programmed,31.6,2,1,0,1,0
TDMS01575,Medium,3.61,60,10.0,3,34.2,0.906,This_Month,48.8,2,2,0,1,0
TDMS01576,High,4.29,40,26.7,1,62.5,0.657,This_Month,53.7,3,2,0,1,0
TDMS01577,High,3.41,40,29.7,2,58.1,0.627,This_Week,62.4,3,3,0,1,0
TDMS01578,Medium,4.57,60,25.6,3,31.8,0.762,This_Month,54.5,2,2,0,1,0
TDMS01579,Critical,5.96,20,3.0,3,41.0,0.724,Immediate,78.5,4,4,0,1,0
TDMS01580,Medium,3.18,60,4.1,5,30.6,0.79,This_Month,52.9,2,2,0,1,0
TDMS01581,Medium,3.72,13,28.0,1,51.4,0.717,Programmed,36.4,2,1,0,1,0
TDMS01582,Critical,6.27,20,13.6,3,61.7,0.727,Immediate,81.4,4,4,0,1,0
TDMS01583,Critical,5.04,20,14.6,0,74.6,0.628,Immediate,76.8,4,4,0,1,0
TDMS01584,Medium,3.09,44,3.1,0,33.7,0.78,This_Month,43.0,2,2,0,1,0
TDMS01585,High,6.33,40,29.0,0,31.8,0.631,This_Month,57.7,3,2,0,1,0
TDMS01586,Critical,5.92,10,7.7,0,64.7,0.861,Immediate,68.7,4,4,0,1,0
TDMS01587,High,4.33,40,16.9,4,58.1,0.845,This_Month,59.0,3,2,0,1,0
TDMS01588,Medium,3.95,60,4.0,2,27.4,0.763,This_Month,56.0,2,2,0,1,0
TDMS01589,Medium,4.65,60,11.9,1,37.2,0.686,This_Month,46.3,2,2,0,1,0
TDMS01590,High,3.62,40,4.9,1,52.9,0.649,This_Month,59.9,3,2,0,1,0
TDMS01591,Critical,4.89,20,8.8,3,61.4,0.853,Immediate,83.2,4,4,0,1,0
TDMS01592,Medium,3.98,60,16.7,1,31.2,0.65,This_Month,51.8,2,2,0,1,0
TDMS01593,High,4.21,40,26.7,0,48.0,0.611,This_Week,62.9,3,3,0,1,0
TDMS01594,Critical,4.78,20,9.1,0,67.1,0.712,Immediate,79.0,4,4,0,1,0
TDMS01595,Medium,3.0,60,19.7,2,27.5,0.736,This_Month,47.9,2,2,0,1,0
TDMS01596,Critical,6.28,20,13.7,3,68.6,0.954,Immediate,82.3,4,4,0,1,0
TDMS01597,High,4.2,40,26.7,6,45.5,0.853,This_Week,61.9,3,3,0,1,0
TDMS01598,Critical,5.34,20,2.0,0,34.3,0.781,Immediate,66.2,4,4,0,1,0
TDMS01599,Medium,3.86,60,21.0,5,16.7,0.842,This_Month,53.9,2,2,0,1,0
TDMS01600,Medium,4.09,60,23.3,1,41.8,0.561,This_Month,50.3,2,2,0,1,0
TDMS01601,Critical,5.91,20,17.8,4,45.8,0.785,Immediate,68.4,4,4,0,1,0
TDMS01602,Medium,3.26,0,28.6,2,50.2,0.873,Programmed,25.0,2,1,0,1,0
TDMS01603,High,4.92,40,3.0,1,33.4,0.662,This_Week,68.2,3,3,0,1,0
TDMS01604,Medium,3.36,60,26.6,0,13.8,0.584,This_Month,48.7,2,2,0,1,0
TDMS01605,Critical,4.74,20,10.0,0,70.4,0.629,Immediate,78.9,4,4,0,1,0
TDMS01606,Medium,3.72,60,13.2,2,70.6,0.886,This_Month,48.5,2,2,0,1,0
TDMS01607,Critical,4.25,20,15.5,1,68.3,0.686,Immediate,84.5,4,4,0,1,0
TDMS01608,Critical,6.0,20,15.1,3,42.5,0.813,Immediate,77.8,4,4,0,1,0
TDMS01609,Critical,4.36,20,5.8,1,41.3,0.696,Immediate,79.7,4,4,0,1,0
TDMS01610,Medium,2.75,60,28.6,2,47.3,0.825,This_Month,46.0,2,2,0,1,0
TDMS01611,High,3.21,40,5.1,3,69.2,0.661,This_Week,63.8,3,3,0,1,0
TDMS01612,High,3.35,40,8.8,1,82.1,0.597,This_Month,59.2,3,2,0,1,0
TDMS01613,High,4.93,40,14.4,0,36.7,0.617,This_Week,60.7,3,3,0,1,0
TDMS01614,High,4.47,40,1.1,0,45.7,0.635,This_Month,59.3,3,2,0,1,0
TDMS01615,Medium,4.0,60,27.7,0,22.3,0.65,This_Month,46.4,2,2,0,1,0
TDMS01616,Medium,3.09,60,29.8,3,79.0,0.67,This_Month,56.5,2,2,0,1,0
TDMS01617,High,4.53,40,16.3,3,31.1,0.757,This_Week,64.5,3,3,0,1,0
TDMS01618,Medium,4.21,60,8.7,3,26.0,0.702,This_Month,52.7,2,2,0,1,0
TDMS01619,Critical,5.74,20,14.4,4,39.5,0.892,Immediate,66.4,4,4,0,1,0
TDMS01620,High,5.22,40,25.1,2,34.9,0.803,This_Week,63.2,3,3,0,1,0
TDMS01621,Medium,4.05,60,22.7,3,23.5,0.697,This_Month,50.6,2,2,0,1,0
TDMS01622,High,4.31,40,28.2,4,53.1,0.717,This_Week,63.8,3,3,0,1,0
TDMS01623,Medium,4.01,60,1.5,1,30.5,0.646,This_Month,48.0,2,2,0,1,0
TDMS01624,High,4.74,40,27.0,6,55.6,0.71,This_Month,59.8,3,2,0,1,0
TDMS01625,High,3.61,40,10.7,0,50.0,0.635,This_Week,65.9,3,3,0,1,0
TDMS01626,Critical,4.31,20,20.3,1,85.8,0.667,Immediate,77.3,4,4,0,1,0
TDMS01627,Medium,3.11,60,15.8,0,62.4,0.778,This_Month,49.2,2,2,0,1,0
TDMS01628,Critical,5.42,0,18.1,5,62.5,0.843,Immediate,72.7,4,4,0,1,0
TDMS01629,High,4.7,40,27.2,4,64.8,0.735,This_Week,69.0,3,3,0,1,0
TDMS01630,Critical,4.64,20,29.4,4,43.1,0.752,Immediate,78.6,4,4,0,1,0
TDMS01631,High,3.86,40,11.9,2,67.9,0.87,This_Week,65.3,3,3,0,1,0
TDMS01632,Medium,3.87,60,20.0,4,54.8,0.777,This_Month,54.0,2,2,0,1,0
TDMS01633,High,4.42,40,5.1,1,33.4,0.701,This_Week,69.2,3,3,0,1,0
TDMS01634,Medium,3.98,60,29.5,2,17.6,0.745,This_Month,40.2,2,2,0,1,0
TDMS01635,Medium,4.96,60,5.8,0,44.6,0.689,This_Month,45.8,2,2,0,1,0
TDMS01636,Critical,5.54,20,1.8,0,56.1,0.769,Immediate,75.4,4,4,0,1,0
TDMS01637,Critical,5.04,8,19.5,0,39.8,0.698,Immediate,74.8,4,4,0,1,0
TDMS01638,Critical,4.84,20,2.9,1,48.5,0.706,Immediate,78.3,4,4,0,1,0
TDMS01639,Medium,4.19,60,1.8,1,19.7,0.748,This_Month,48.5,2,2,0,1,0
TDMS01640,Critical,4.81,20,20.6,5,62.3,0.671,Immediate,73.4,4,4,0,1,0
TDMS01641,Critical,3.93,20,21.9,3,81.0,0.727,Immediate,76.1,4,4,0,1,0
TDMS01642,Critical,5.28,20,7.2,1,40.6,0.782,Immediate,82.8,4,4,0,1,0
TDMS01643,Critical,4.66,20,22.1,4,38.3,0.822,Immediate,84.7,4,4,0,1,0
TDMS01644,Medium,4.19,60,12.7,2,11.2,0.717,This_Month,45.8,2,2,0,1,0
TDMS01645,Critical,6.44,20,24.9,4,60.4,0.82,Immediate,79.4,4,4,0,1,0
TDMS01646,High,4.68,40,10.3,1,61.6,0.66,This_Week,64.6,3,3,0,1,0
TDMS01647,Critical,6.45,20,14.2,2,42.9,0.764,Immediate,75.5,4,4,0,1,0
TDMS01648,Medium,3.56,60,13.6,0,47.1,0.655,This_Month,53.2,2,2,0,1,0
TDMS01649,High,5.04,40,16.9,3,64.3,0.702,This_Week,67.7,3,3,0,1,0
TDMS01650,High,4.01,40,27.1,1,38.4,0.56,This_Week,63.4,3,3,0,1,0
TDMS01651,Medium,3.56,60,20.7,2,21.3,0.645,This_Month,58.3,2,2,0,1,0
TDMS01652,Medium,4.51,60,27.9,4,50.6,0.736,This_Month,48.7,2,2,0,1,0
TDMS01653,High,4.85,40,22.5,3,19.0,0.906,This_Week,66.0,3,3,0,1,0
TDMS01654,High,4.87,40,12.0,3,38.5,0.673,This_Week,66.3,3,3,0,1,0
TDMS01655,Critical,5.23,20,6.2,1,50.3,0.686,Immediate,81.1,4,4,0,1,0
TDMS01656,Critical,5.3,20,25.3,3,43.7,0.749,Immediate,79.9,4,4,0,1,0
TDMS01657,High,4.14,30,10.3,1,39.5,0.78,This_Month,57.2,3,2,0,1,0
TDMS01658,High,3.99,40,17.6,1,26.5,0.691,This_Week,63.6,3,3,0,1,0
TDMS01659,Critical,5.6,20,5.2,2,66.1,0.785,Immediate,74.0,4,4,0,1,0
TDMS01660,High,5.29,40,12.3,1,53.3,0.654,This_Week,66.8,3,3,0,1,0
TDMS01661,Critical,3.98,20,27.8,2,40.5,0.784,Immediate,75.7,4,4,0,1,0
TDMS01662,High,4.73,40,27.7,1,35.5,0.693,This_Month,59.2,3,2,0,1,0
TDMS01663,High,4.06,40,25.6,2,39.4,0.743,This_Week,66.0,3,3,0,1,0
TDMS01664,Critical,4.19,20,26.4,4,57.5,0.664,Immediate,83.1,4,4,0,1,0
TDMS01665,Medium,3.85,60,23.2,2,46.2,0.771,This_Month,51.1,2,2,0,1,0
TDMS01666,High,5.12,40,10.0,0,68.6,0.724,This_Week,65.2,3,3,0,1,0
TDMS01667,High,5.32,40,22.8,2,38.5,0.771,This_Week,62.5,3,3,0,1,0
TDMS01668,Medium,4.06,60,12.8,3,41.5,0.759,This_Month,52.7,2,2,0,1,0
TDMS01669,High,3.6,19,14.4,1,68.0,0.619,This_Month,57.1,3,2,0,1,0
TDMS01670,Medium,3.54,48,10.5,3,23.1,0.788,This_Month,49.5,2,2,0,1,0
TDMS01671,Medium,3.72,50,14.7,3,61.3,0.679,This_Month,44.4,2,2,0,1,0
TDMS01672,Medium,3.49,60,19.2,1,32.5,0.634,This_Month,42.4,2,2,0,1,0
TDMS01673,Medium,3.2,60,22.4,4,60.1,0.642,This_Month,55.0,2,2,0,1,0
TDMS01674,Critical,4.18,20,18.4,2,34.1,0.728,Immediate,78.8,4,4,0,1,0
TDMS01675,High,5.22,40,16.9,2,46.4,0.618,This_Week,68.1,3,3,0,1,0
TDMS01676,High,4.86,40,4.0,1,36.8,0.71,This_Week,68.4,3,3,0,1,0
TDMS01677,Critical,3.98,20,21.9,4,63.0,0.715,Immediate,80.7,4,4,0,1,0
TDMS01678,High,3.71,40,16.5,4,34.7,0.807,This_Month,59.8,3,2,0,1,0
TDMS01679,Medium,4.15,60,22.7,1,30.0,0.693,This_Month,59.8,2,2,0,1,0
TDMS01680,Critical,4.29,20,24.4,2,39.4,0.773,Immediate,76.5,4,4,0,1,0
TDMS01681,Medium,4.15,60,6.3,0,33.4,0.555,This_Month,47.9,2,2,0,1,0
TDMS01682,Critical,6.5,20,27.3,2,46.7,0.863,Immediate,80.8,4,4,0,1,0
TDMS01683,Critical,4.13,20,28.0,3,45.6,0.843,Immediate,79.3,4,4,0,1,0
TDMS01684,Critical,4.36,20,24.5,3,97.0,0.64,Immediate,74.3,4,4,0,1,0
TDMS01685,Medium,2.62,60,16.7,3,25.7,0.801,This_Month,56.8,2,2,0,1,0
TDMS01686,Critical,4.57,20,7.8,1,40.7,0.55,Immediate,77.9,4,4,0,1,0
TDMS01687,Critical,4.27,20,17.0,2,76.6,0.8,Immediate,75.9,4,4,0,1,0
TDMS01688,Medium,3.79,60,13.5,1,47.4,0.5,This_Month,54.0,2,2,0,1,0
TDMS01689,Critical,4.9,20,13.5,0,52.0,0.711,Immediate,75.6,4,4,0,1,0
TDMS01690,Medium,3.21,60,24.4,1,47.1,0.728,This_Month,49.9,2,2,0,1,0
TDMS01691,Medium,3.37,60,4.7,0,35.1,0.6,This_Month,40.2,2,2,0,1,0
TDMS01692,Medium,2.88,60,16.9,1,31.5,0.674,This_Month,51.3,2,2,0,1,0
TDMS01693,Critical,5.77,20,6.7,3,54.9,0.657,Immediate,80.4,4,4,0,1,0
TDMS01694,Medium,3.14,60,4.8,0,28.6,0.626,Programmed,36.7,2,1,0,1,0
TDMS01695,Medium,4.08,60,27.1,2,45.5,0.768,This_Month,45.6,2,2,0,1,0
TDMS01696,Critical,5.35,20,9.2,1,72.8,0.531,Immediate,73.7,4,4,0,1,0
TDMS01697,Critical,4.69,7,6.3,2,66.9,0.881,Immediate,79.0,4,4,0,1,0
TDMS01698,Medium,4.18,60,4.1,1,30.7,0.719,This_Month,51.0,2,2,0,1,0
TDMS01699,Medium,4.07,0,1.6,2,34.8,0.715,Programmed,25.0,2,1,0,1,0
TDMS01700,Critical,4.4,20,25.6,3,47.6,0.703,Immediate,77.5,4,4,0,1,0
TDMS01701,Critical,5.33,20,29.6,2,46.5,0.729,Immediate,79.2,4,4,0,1,0
TDMS01702,Medium,3.15,60,10.5,2,25.1,0.889,This_Month,52.7,2,2,0,1,0
TDMS01703,High,4.63,40,13.9,0,31.8,0.526,This_Month,58.6,3,2,0,1,0
TDMS01704,Critical,3.96,20,2.5,0,41.7,0.552,Immediate,81.4,4,4,0,1,0
TDMS01705,Critical,5.26,20,18.5,1,47.2,0.722,Immediate,81.6,4,4,0,1,0
TDMS01706,Critical,4.29,20,27.1,7,54.4,0.87,Immediate,72.2,4,4,0,1,0
TDMS01707,High,4.76,40,8.6,1,40.0,0.536,Immediate,75.5,3,4,0,1,0
TDMS01708,Medium,3.86,0,17.0,0,36.8,0.871,Programmed,27.6,2,1,0,1,0
TDMS01709,Medium,3.52,38,7.5,2,49.1,0.862,This_Month,45.7,2,2,0,1,0
TDMS01710,Critical,5.86,20,10.4,2,52.2,0.754,Immediate,74.5,4,4,0,1,0
TDMS01711,High,5.07,40,1.4,2,91.7,0.825,This_Month,59.3,3,2,0,1,0
TDMS01712,Critical,4.12,20,8.3,4,68.7,0.74,Immediate,70.8,4,4,0,1,0
TDMS01713,High,4.67,40,27.8,1,31.5,0.784,This_Week,62.9,3,3,0,1,0
TDMS01714,Critical,4.45,20,24.3,2,51.9,0.739,Immediate,71.4,4,4,0,1,0
TDMS01715,Critical,4.72,20,14.2,1,79.1,0.656,Immediate,68.4,4,4,0,1,0
TDMS01716,Critical,4.97,20,12.6,3,47.0,0.721,Immediate,66.3,4,4,0,1,0
TDMS01717,Critical,4.35,20,8.3,1,76.4,0.733,Immediate,76.2,4,4,0,1,0
TDMS01718,Medium,2.93,60,3.3,0,42.4,0.613,This_Month,52.8,2,2,0,1,0
TDMS01719,Critical,4.8,20,2.3,1,66.0,0.812,Immediate,79.4,4,4,0,1,0
TDMS01720,Critical,5.09,20,28.0,3,67.7,0.74,Immediate,75.6,4,4,0,1,0
TDMS01721,Critical,4.75,20,24.4,2,49.3,0.741,Immediate,73.6,4,4,0,1,0
TDMS01722,Medium,4.58,60,14.8,3,30.7,0.827,This_Month,49.2,2,2,0,1,0
TDMS01723,Medium,4.37,60,9.6,0,28.6,0.586,This_Month,51.7,2,2,0,1,0
TDMS01724,Medium,3.47,18,27.2,1,24.2,0.827,Programmed,33.0,2,1,0,1,0
TDMS01725,Medium,3.57,60,28.0,2,34.7,0.849,This_Month,48.5,2,2,0,1,0
TDMS01726,Critical,4.82,20,3.9,1,76.9,0.627,Immediate,64.2,4,4,0,1,0
TDMS01727,Critical,5.67,20,3.9,1,59.8,0.773,Immediate,81.7,4,4,0,1,0
TDMS01728,Critical,6.22,20,21.5,2,61.8,0.827,Immediate,72.1,4,4,0,1,0
TDMS01729,High,5.54,40,9.6,3,59.0,0.738,This_Month,59.3,3,2,0,1,0
TDMS01730,High,4.17,40,11.6,2,37.5,0.728,This_Week,63.6,3,3,0,1,0
TDMS01731,Critical,6.5,20,25.5,2,33.7,0.773,Immediate,75.3,4,4,0,1,0
TDMS01732,Critical,4.93,20,27.1,2,77.8,0.721,Immediate,81.4,4,4,0,1,0
TDMS01733,Critical,5.07,20,6.3,2,61.0,0.839,Immediate,79.0,4,4,0,1,0
TDMS01734,Critical,6.5,20,10.2,4,45.1,0.863,Immediate,71.7,4,4,0,1,0
TDMS01735,Critical,4.85,20,7.8,2,92.5,0.754,Immediate,74.6,4,4,0,1,0
TDMS01736,Critical,5.58,20,20.0,1,43.2,0.575,Immediate,68.8,4,4,0,1,0
TDMS01737,Critical,5.23,20,18.5,2,49.1,0.876,Immediate,84.5,4,4,0,1,0
TDMS01738,Medium,4.16,60,3.7,1,42.3,0.766,This_Month,50.8,2,2,0,1,0
TDMS01739,High,4.05,40,19.8,3,63.3,0.587,This_Month,56.3,3,2,0,1,0
TDMS01740,Medium,4.43,60,12.1,2,24.5,0.748,This_Month,51.1,2,2,0,1,0
TDMS01741,Critical,4.24,20,17.8,3,52.0,0.715,Immediate,79.9,4,4,0,1,0
TDMS01742,Critical,5.31,20,7.5,1,49.0,0.74,Immediate,70.6,4,4,0,1,0
TDMS01743,High,4.66,40,18.4,1,41.4,0.681,This_Week,61.9,3,3,0,1,0
TDMS01744,Medium,3.62,60,23.1,3,49.8,0.721,This_Month,45.1,2,2,0,1,0
TDMS01745,Medium,3.5,40,4.5,0,53.8,0.645,This_Month,42.2,2,2,0,1,0
TDMS01746,High,3.35,40,7.4,2,59.5,0.711,This_Month,57.8,3,2,0,1,0
TDMS01747,Critical,5.08,20,11.3,0,42.2,0.858,Immediate,73.2,4,4,0,1,0
TDMS01748,Medium,2.95,60,15.7,1,51.6,0.612,This_Month,44.7,2,2,0,1,0
TDMS01749,Medium,4.11,57,9.4,3,22.6,0.783,This_Month,48.8,2,2,0,1,0
TDMS01750,Medium,3.82,60,9.5,2,40.9,0.757,This_Month,50.1,2,2,0,1,0
TDMS01751,Medium,3.35,60,21.3,1,73.9,0.585,This_Month,51.7,2,2,0,1,0
TDMS01752,High,3.62,40,10.2,1,41.1,0.649,This_Week,66.4,3,3,0,1,0
TDMS01753,Medium,3.51,60,15.1,4,56.4,0.819,This_Month,58.8,2,2,0,1,0
TDMS01754,High,4.6,40,3.3,0,33.4,0.637,This_Month,58.0,3,2,0,1,0
TDMS01755,High,3.77,40,7.0,1,32.1,0.666,This_Week,62.9,3,3,0,1,0
TDMS01756,Critical,6.01,20,28.8,5,47.6,0.879,Immediate,72.5,4,4,0,1,0
TDMS01757,Medium,3.68,60,12.8,1,18.3,0.758,This_Month,51.9,2,2,0,1,0
TDMS01758,Medium,3.95,60,1.3,4,54.8,0.711,This_Month,54.9,2,2,0,1,0
TDMS01759,Medium,4.1,60,5.5,4,37.2,0.839,This_Month,56.1,2,2,0,1,0
TDMS01760,Medium,3.46,60,18.7,0,48.7,0.707,This_Month,49.0,2,2,0,1,0
TDMS01761,Medium,3.86,60,9.4,4,30.3,0.765,This_Month,57.1,2,2,0,1,0
TDMS01762,Critical,5.83,20,2.7,1,62.3,0.731,Immediate,85.1,4,4,0,1,0
TDMS01763,High,4.99,40,8.6,1,59.6,0.564,This_Week,63.8,3,3,0,1,0
TDMS01764,High,3.03,40,5.7,1,33.5,0.601,This_Week,67.6,3,3,0,1,0
TDMS01765,Medium,3.54,60,20.3,0,33.0,0.688,This_Month,54.9,2,2,0,1,0
TDMS01766,High,4.0,40,3.2,1,26.7,0.612,This_Week,62.9,3,3,0,1,0
TDMS01767,High,4.64,40,29.4,2,54.2,0.63,This_Week,74.1,3,3,0,1,0
TDMS01768,Medium,2.81,0,26.4,2,31.6,0.758,Programmed,35.6,2,1,0,1,0
TDMS01769,Critical,4.19,20,28.5,1,33.9,0.636,Immediate,69.7,4,4,0,1,0
TDMS01770,Medium,4.77,0,27.0,2,47.8,0.865,Programmed,25.0,2,1,0,1,0
TDMS01771,Medium,4.83,60,24.2,7,46.8,0.756,This_Month,48.8,2,2,0,1,0
TDMS01772,Critical,4.57,20,20.6,0,47.8,0.602,Immediate,73.4,4,4,0,1,0
TDMS01773,Critical,5.09,20,10.9,1,32.4,0.641,Immediate,74.9,4,4,0,1,0
TDMS01774,High,4.85,40,13.8,3,32.2,0.684,This_Week,63.8,3,3,0,1,0
TDMS01775,Critical,5.32,20,19.0,3,43.1,0.849,Immediate,81.3,4,4,0,1,0
TDMS01776,Critical,4.53,20,16.4,5,65.2,0.848,Immediate,83.7,4,4,0,1,0
TDMS01777,Medium,3.74,60,18.9,1,18.9,0.68,This_Month,48.0,2,2,0,1,0
TDMS01778,Critical,4.48,20,7.1,2,37.1,0.891,Immediate,77.5,4,4,0,1,0
TDMS01779,Medium,3.96,60,21.5,2,16.1,0.846,This_Month,49.8,2,2,0,1,0
TDMS01780,High,3.05,40,5.5,0,38.2,0.611,This_Week,64.0,3,3,0,1,0
TDMS01781,High,5.22,40,1.9,1,34.2,0.581,This_Week,65.8,3,3,0,1,0
TDMS01782,Critical,6.21,20,18.4,2,60.6,0.856,Immediate,76.8,4,4,0,1,0
TDMS01783,High,4.67,40,1.7,2,44.7,0.922,This_Week,64.1,3,3,0,1,0
TDMS01784,Medium,3.64,60,25.7,4,50.6,0.868,This_Month,42.9,2,2,0,1,0
TDMS01785,High,4.02,29,8.7,0,29.5,0.785,This_Month,56.8,3,2,0,1,0
TDMS01786,Critical,5.17,20,28.5,5,49.6,0.839,Immediate,71.6,4,4,0,1,0
TDMS01787,High,4.05,40,23.0,3,37.9,0.639,This_Week,65.0,3,3,0,1,0
TDMS01788,Critical,5.84,20,18.6,6,62.8,0.935,Immediate,85.0,4,4,0,1,0
TDMS01789,Critical,4.13,20,20.0,2,33.2,0.914,Immediate,75.6,4,4,0,1,0
TDMS01790,Medium,3.88,60,4.6,1,29.2,0.53,This_Month,53.1,2,2,0,1,0
TDMS01791,Critical,4.74,20,26.0,2,42.2,0.774,Immediate,75.9,4,4,0,1,0
TDMS01792,Medium,2.97,0,29.5,3,28.5,0.951,Programmed,25.0,2,1,0,1,0
TDMS01793,Medium,4.06,60,23.7,3,60.3,0.861,This_Month,51.6,2,2,0,1,0
TDMS01794,Medium,3.03,60,25.3,3,80.2,0.777,This_Month,48.0,2,2,0,1,0
TDMS01795,Medium,3.75,60,18.1,0,27.9,0.827,This_Month,55.4,2,2,0,1,0
TDMS01796,Medium,3.31,60,7.1,1,29.6,0.797,This_Month,55.2,2,2,0,1,0
TDMS01797,Medium,3.62,60,28.5,2,69.9,0.753,This_Month,49.9,2,2,0,1,0
TDMS01798,Critical,4.56,20,15.0,4,46.3,0.691,Immediate,74.5,4,4,0,1,0
TDMS01799,Critical,4.32,20,10.4,2,60.4,0.765,Immediate,87.3,4,4,0,1,0
TDMS01800,High,4.46,40,22.4,1,36.3,0.716,This_Week,66.1,3,3,0,1,0
TDMS01801,High,5.12,40,10.7,1,53.8,0.607,This_Week,60.4,3,3,0,1,0
TDMS01802,Medium,3.47,60,12.3,1,41.9,0.642,This_Month,41.2,2,2,0,1,0
TDMS01803,Critical,4.08,20,3.4,1,100.0,0.739,Immediate,78.4,4,4,0,1,0
TDMS01804,Critical,6.5,20,7.3,1,54.8,0.539,Immediate,76.8,4,4,0,1,0
TDMS01805,Medium,3.74,60,15.3,1,51.8,0.593,This_Month,47.8,2,2,0,1,0
TDMS01806,High,5.51,40,1.6,1,81.9,0.621,This_Week,63.3,3,3,0,1,0
TDMS01807,Critical,4.88,20,12.7,1,47.8,0.706,Immediate,83.6,4,4,0,1,0
TDMS01808,Critical,5.87,20,10.2,2,66.8,0.75,Immediate,82.7,4,4,0,1,0
TDMS01809,Medium,2.89,60,19.2,1,60.8,0.534,This_Month,57.9,2,2,0,1,0
TDMS01810,High,4.54,40,8.1,2,40.0,0.744,This_Week,66.1,3,3,0,1,0
TDMS01811,High,4.54,40,13.2,1,25.1,0.732,This_Week,71.0,3,3,0,1,0
TDMS01812,Medium,3.57,60,9.3,0,27.8,0.53,This_Month,51.0,2,2,0,1,0
TDMS01813,Medium,2.61,60,9.2,2,21.4,0.682,This_Month,49.6,2,2,0,1,0
TDMS01814,Medium,2.87,60,16.4,1,24.7,0.666,This_Month,43.5,2,2,0,1,0
TDMS01815,High,4.28,40,15.1,1,50.2,0.622,This_Month,59.6,3,2,0,1,0
TDMS01816,Medium,3.6,60,22.5,4,37.8,0.721,This_Month,56.1,2,2,0,1,0
TDMS01817,Critical,4.72,20,3.0,2,49.9,0.712,Immediate,70.8,4,4,0,1,0
TDMS01818,Medium,4.31,60,2.0,0,53.0,0.64,This_Month,46.9,2,2,0,1,0
TDMS01819,High,5.32,40,25.5,2,82.4,0.682,This_Week,64.3,3,3,0,1,0
TDMS01820,Medium,3.24,60,18.1,0,33.8,0.64,This_Month,53.1,2,2,0,1,0
TDMS01821,Medium,4.4,0,8.5,1,43.4,0.876,Programmed,27.8,2,1,0,1,0
TDMS01822,High,3.61,40,2.3,1,33.9,0.769,This_Week,62.2,3,3,0,1,0
TDMS01823,Critical,4.34,20,7.2,2,36.8,0.818,Immediate,80.9,4,4,0,1,0
TDMS01824,High,4.54,40,29.3,1,80.2,0.781,This_Week,65.4,3,3,0,1,0
TDMS01825,High,5.77,40,1.2,0,49.8,0.72,This_Week,64.0,3,3,0,1,0
TDMS01826,Medium,3.41,60,19.1,8,28.0,0.867,This_Month,59.3,2,2,0,1,0
TDMS01827,Medium,3.79,60,24.9,0,41.8,0.767,This_Month,53.5,2,2,0,1,0
TDMS01828,Critical,5.34,20,17.6,0,47.6,0.782,Immediate,78.2,4,4,0,1,0
TDMS01829,High,4.55,40,25.4,4,35.9,0.936,This_Week,73.0,3,3,0,1,0
TDMS01830,Medium,3.16,41,11.1,1,57.6,0.767,This_Month,46.2,2,2,0,1,0
TDMS01831,Critical,4.14,20,18.4,3,47.6,0.718,Immediate,80.1,4,4,0,1,0
TDMS01832,High,3.79,40,28.3,5,86.8,0.775,This_Month,58.3,3,2,0,1,0
TDMS01833,High,5.05,40,8.2,2,25.3,0.741,This_Week,63.2,3,3,0,1,0
TDMS01834,Medium,3.67,60,10.0,2,31.9,0.703,This_Month,58.3,2,2,0,1,0
TDMS01835,High,4.36,40,2.1,2,34.2,0.859,This_Month,59.8,3,2,0,1,0
TDMS01836,Medium,3.55,60,12.4,4,53.4,0.845,This_Month,47.0,2,2,0,1,0
TDMS01837,Medium,3.41,49,6.6,1,48.4,0.642,This_Month,44.5,2,2,0,1,0
TDMS01838,Critical,5.62,20,27.8,3,48.3,0.666,Immediate,75.9,4,4,0,1,0
TDMS01839,Medium,3.0,60,14.8,5,34.6,0.885,This_Month,45.9,2,2,0,1,0
TDMS01840,High,4.35,40,17.7,2,56.4,0.763,This_Week,65.3,3,3,0,1,0
TDMS01841,High,5.47,40,15.1,2,69.8,0.821,This_Week,64.0,3,3,0,1,0
TDMS01842,High,4.81,40,20.7,4,38.5,0.814,This_Week,63.2,3,3,0,1,0
TDMS01843,High,5.24,40,6.0,2,38.2,0.771,This_Week,70.5,3,3,0,1,0
TDMS01844,Medium,3.39,60,12.8,0,48.4,0.763,This_Month,48.9,2,2,0,1,0
TDMS01845,Medium,3.56,60,6.0,1,32.1,0.586,This_Month,46.2,2,2,0,1,0
TDMS01846,Critical,5.17,20,6.8,1,47.0,0.582,Immediate,84.1,4,4,0,1,0
TDMS01847,Medium,3.97,34,12.1,2,21.4,0.758,Programmed,38.2,2,1,0,1,0
TDMS01848,Medium,3.18,19,15.1,0,39.9,0.83,Programmed,37.2,2,1,0,1,0
TDMS01849,Critical,4.09,20,29.2,5,75.5,0.856,Immediate,73.9,4,4,0,1,0
TDMS01850,High,4.6,40,6.7,2,27.8,0.853,Immediate,75.4,3,4,0,1,0
TDMS01851,Medium,3.02,60,4.2,1,24.4,0.765,This_Month,43.5,2,2,0,1,0
TDMS01852,Critical,5.72,20,22.7,3,40.6,0.773,Immediate,75.4,4,4,0,1,0
TDMS01853,Medium,4.41,47,21.2,1,36.5,0.668,This_Month,53.0,2,2,0,1,0
TDMS01854,Critical,4.65,20,23.2,3,50.3,0.769,Immediate,84.8,4,4,0,1,0
TDMS01855,High,3.82,23,17.3,2,69.1,0.761,This_Month,54.0,3,2,0,1,0
TDMS01856,Critical,3.96,20,27.7,2,51.3,0.808,Immediate,76.6,4,4,0,1,0
TDMS01857,Critical,5.56,20,11.2,1,36.9,0.733,Immediate,79.0,4,4,0,1,0
TDMS01858,Critical,5.82,20,2.6,0,51.4,0.709,Immediate,71.6,4,4,0,1,0
TDMS01859,High,4.49,40,7.1,3,30.6,0.751,This_Week,68.2,3,3,0,1,0
TDMS01860,Critical,4.43,20,22.9,5,65.0,0.713,Immediate,81.3,4,4,0,1,0
TDMS01861,High,3.1,40,28.0,7,65.8,0.618,This_Week,65.1,3,3,0,1,0
TDMS01862,Critical,5.75,20,17.7,0,49.1,0.764,Immediate,79.9,4,4,0,1,0
TDMS01863,Medium,3.76,60,1.4,1,53.4,0.646,This_Month,50.5,2,2,0,1,0
TDMS01864,Critical,4.26,20,25.0,3,44.4,0.758,Immediate,79.2,4,4,0,1,0
TDMS01865,Critical,4.32,9,14.4,4,69.6,0.95,Immediate,79.7,4,4,0,1,0
TDMS01866,Medium,2.98,60,16.0,1,32.4,0.645,This_Month,53.9,2,2,0,1,0
TDMS01867,Medium,3.43,60,10.4,0,41.0,0.707,This_Month,43.1,2,2,0,1,0
TDMS01868,Medium,4.0,60,17.7,0,29.7,0.692,This_Month,49.9,2,2,0,1,0
TDMS01869,High,4.1,40,3.5,1,37.3,0.664,This_Month,57.8,3,2,0,1,0
TDMS01870,Critical,5.49,20,11.2,2,33.2,0.742,Immediate,80.3,4,4,0,1,0
TDMS01871,Critical,6.16,20,20.4,3,36.3,0.705,Immediate,80.5,4,4,0,1,0
TDMS01872,Critical,5.69,20,13.0,3,71.9,0.685,Immediate,76.1,4,4,0,1,0
TDMS01873,Medium,3.8,57,22.2,1,62.9,0.71,This_Month,49.6,2,2,0,1,0
TDMS01874,Medium,3.89,60,24.0,0,18.1,0.676,This_Month,40.4,2,2,0,1,0
TDMS01875,High,3.93,40,13.8,5,73.3,0.752,This_Week,62.8,3,3,0,1,0
TDMS01876,High,4.65,40,4.5,3,36.2,0.827,This_Month,58.1,3,2,0,1,0
TDMS01877,High,4.33,40,2.6,1,26.4,0.646,This_Week,61.5,3,3,0,1,0
TDMS01878,Critical,4.74,20,11.9,5,77.7,0.895,Immediate,74.5,4,4,0,1,0
TDMS01879,Medium,3.49,60,12.9,0,49.2,0.782,This_Month,56.0,2,2,0,1,0
TDMS01880,Critical,4.63,20,4.2,2,48.9,0.71,Immediate,73.3,4,4,0,1,0
TDMS01881,High,5.29,40,5.7,1,61.2,0.754,This_Week,66.8,3,3,0,1,0
TDMS01882,Medium,3.45,35,22.4,3,34.7,0.692,This_Month,40.3,2,2,0,1,0
TDMS01883,Medium,4.02,46,6.9,3,27.8,0.678,This_Month,47.3,2,2,0,1,0
TDMS01884,High,3.47,40,18.8,3,88.6,0.858,This_Week,68.8,3,3,0,1,0
TDMS01885,High,5.12,40,10.3,1,67.6,0.625,This_Week,62.5,3,3,0,1,0
TDMS01886,Critical,4.71,20,9.5,1,68.9,0.801,Immediate,81.9,4,4,0,1,0
TDMS01887,Medium,4.7,60,24.2,2,44.7,0.655,This_Month,50.9,2,2,0,1,0
TDMS01888,Critical,4.61,20,7.8,0,69.8,0.685,Immediate,70.9,4,4,0,1,0
TDMS01889,Medium,3.04,60,19.9,3,28.2,0.731,This_Month,46.5,2,2,0,1,0
TDMS01890,Critical,4.84,20,23.6,0,43.8,0.8,Immediate,67.3,4,4,0,1,0
TDMS01891,Medium,3.49,60,5.9,0,52.3,0.555,This_Month,47.3,2,2,0,1,0
TDMS01892,High,4.7,40,25.7,1,31.4,0.567,This_Month,58.5,3,2,0,1,0
TDMS01893,Critical,4.22,20,14.6,1,62.8,0.533,Immediate,77.0,4,4,0,1,0
TDMS01894,High,4.74,40,21.4,1,71.5,0.541,This_Week,63.2,3,3,0,1,0
TDMS01895,Critical,6.07,20,15.5,0,70.3,0.728,Immediate,81.6,4,4,0,1,0
TDMS01896,High,4.27,40,27.3,2,49.2,0.701,This_Week,62.6,3,3,0,1,0
TDMS01897,Medium,3.31,60,26.6,3,27.7,0.656,This_Month,54.6,2,2,0,1,0
TDMS01898,Medium,4.59,60,1.4,1,43.9,0.597,This_Month,56.7,2,2,0,1,0
TDMS01899,High,4.57,40,12.2,3,32.0,0.74,This_Week,73.1,3,3,0,1,0
TDMS01900,Critical,5.2,0,14.6,1,39.2,0.734,Immediate,72.7,4,4,0,1,0
TDMS01901,Medium,3.43,13,11.5,1,12.3,0.689,Programmed,25.0,2,1,0,1,0
TDMS01902,Critical,5.08,20,16.1,1,38.1,0.571,Immediate,72.2,4,4,0,1,0
TDMS01903,Medium,3.62,60,1.0,1,19.8,0.631,This_Month,48.6,2,2,0,1,0
TDMS01904,Critical,5.3,20,12.4,2,79.4,0.631,Immediate,69.9,4,4,0,1,0
TDMS01905,Medium,3.05,60,12.5,2,50.7,0.741,This_Month,58.7,2,2,0,1,0
TDMS01906,High,5.05,40,27.3,4,40.8,0.777,This_Week,61.1,3,3,0,1,0
TDMS01907,Medium,3.65,5,17.5,0,66.4,0.702,Programmed,30.0,2,1,0,1,0
TDMS01908,Medium,3.57,60,5.5,2,33.9,0.745,This_Month,49.0,2,2,0,1,0
TDMS01909,Medium,3.23,27,16.6,1,30.4,0.726,Programmed,30.3,2,1,0,1,0
TDMS01910,High,4.21,40,22.4,2,35.9,0.694,This_Week,63.2,3,3,0,1,0
TDMS01911,Medium,3.4,30,19.8,4,29.5,0.837,This_Month,42.3,2,2,0,1,0
TDMS01912,High,3.51,38,16.4,0,41.0,0.711,This_Week,68.1,3,3,0,1,0
TDMS01913,Critical,6.04,3,7.7,1,41.0,0.772,Immediate,63.4,4,4,0,1,0
TDMS01914,High,3.87,40,3.9,1,34.6,0.56,This_Week,60.6,3,3,0,1,0
TDMS01915,Medium,3.96,60,21.3,1,25.6,0.66,This_Month,53.6,2,2,0,1,0
TDMS01916,Critical,4.34,20,26.6,3,67.2,0.832,Immediate,79.0,4,4,0,1,0
TDMS01917,Critical,5.08,20,12.3,7,54.3,0.873,Immediate,80.9,4,4,0,1,0
TDMS01918,High,4.02,40,18.2,0,37.5,0.638,This_Week,68.6,3,3,0,1,0
TDMS01919,Critical,5.04,20,7.3,0,42.8,0.765,Immediate,76.0,4,4,0,1,0
TDMS01920,Critical,3.64,20,22.9,2,45.2,0.818,Immediate,74.6,4,4,0,1,0
TDMS01921,Critical,4.72,20,19.4,4,41.7,0.778,Immediate,78.1,4,4,0,1,0
TDMS01922,High,4.73,40,29.0,3,35.2,0.715,This_Week,69.0,3,3,0,1,0
TDMS01923,High,3.27,40,23.9,3,63.7,0.746,This_Week,65.1,3,3,0,1,0
TDMS01924,Critical,6.05,20,25.1,6,48.1,0.767,Immediate,73.2,4,4,0,1,0
TDMS01925,Critical,4.58,20,11.8,1,45.5,0.648,Immediate,70.5,4,4,0,1,0
TDMS01926,High,5.57,40,3.1,4,60.6,0.726,This_Week,64.9,3,3,0,1,0
TDMS01927,Medium,3.37,60,2.2,1,50.3,0.61,This_Month,47.3,2,2,0,1,0
TDMS01928,Critical,4.94,20,3.5,2,46.6,0.719,Immediate,76.0,4,4,0,1,0
TDMS01929,Medium,3.17,60,10.9,0,54.7,0.785,This_Month,53.2,2,2,0,1,0
TDMS01930,Medium,4.22,60,11.2,3,48.1,0.888,This_Month,57.1,2,2,0,1,0
TDMS01931,Critical,5.91,20,11.1,3,49.9,0.774,Immediate,75.5,4,4,0,1,0
TDMS01932,High,4.48,40,28.9,0,50.2,0.634,This_Week,60.9,3,3,0,1,0
TDMS01933,Critical,5.19,20,20.1,0,39.9,0.754,Immediate,75.9,4,4,0,1,0
TDMS01934,Medium,3.87,60,4.2,1,53.4,0.633,This_Month,54.3,2,2,0,1,0
TDMS01935,Critical,5.11,20,12.5,3,46.3,0.607,Immediate,78.4,4,4,0,1,0
TDMS01936,Critical,5.56,20,3.7,1,41.6,0.564,Immediate,75.7,4,4,0,1,0
TDMS01937,High,4.65,40,6.4,0,50.6,0.71,This_Week,67.8,3,3,0,1,0
TDMS01938,High,5.62,40,11.3,0,62.2,0.653,This_Month,53.3,3,2,0,1,0
TDMS01939,Critical,3.99,20,19.1,1,40.5,0.734,Immediate,75.9,4,4,0,1,0
TDMS01940,Medium,4.29,49,2.1,1,30.4,0.694,This_Month,43.4,2,2,0,1,0
TDMS01941,Medium,3.82,60,18.1,3,20.1,0.709,This_Month,55.9,2,2,0,1,0
TDMS01942,Critical,5.0,20,22.9,4,51.4,0.723,Immediate,77.5,4,4,0,1,0
TDMS01943,Critical,5.05,20,29.2,0,67.8,0.749,Immediate,78.5,4,4,0,1,0
TDMS01944,High,4.54,40,23.4,2,37.6,0.791,This_Week,63.5,3,3,0,1,0
TDMS01945,Medium,4.49,60,27.0,2,69.5,0.856,This_Month,46.6,2,2,0,1,0
TDMS01946,High,3.87,40,24.8,2,38.0,0.838,This_Week,67.4,3,3,0,1,0
TDMS01947,Critical,3.95,20,29.8,2,46.2,0.743,Immediate,73.1,4,4,0,1,0
TDMS01948,Medium,3.92,60,12.1,1,27.4,0.66,Programmed,39.6,2,1,0,1,0
TDMS01949,High,4.12,40,10.3,2,60.4,0.895,This_Week,67.2,3,3,0,1,0
TDMS01950,Critical,5.11,20,5.3,2,42.0,0.858,Immediate,82.6,4,4,0,1,0
TDMS01951,Critical,6.2,20,26.4,4,50.7,0.837,Immediate,78.5,4,4,0,1,0
TDMS01952,High,4.82,3,17.3,1,84.6,0.664,This_Month,46.7,3,2,0,1,0
TDMS01953,Medium,4.25,60,20.5,4,23.9,0.607,This_Month,53.7,2,2,0,1,0
TDMS01954,Medium,2.67,21,8.1,0,29.1,0.644,Programmed,32.8,2,1,0,1,0
TDMS01955,Medium,4.38,60,29.4,3,54.9,0.853,This_Month,58.2,2,2,0,1,0
TDMS01956,Medium,3.5,60,21.6,2,25.8,0.852,This_Month,45.2,2,2,0,1,0
TDMS01957,Medium,3.18,60,17.5,5,29.5,0.74,This_Month,52.4,2,2,0,1,0
TDMS01958,High,4.13,40,9.1,2,29.6,0.806,This_Week,60.6,3,3,0,1,0
TDMS01959,Medium,3.64,60,28.8,2,48.3,0.905,This_Month,55.0,2,2,0,1,0
TDMS01960,Critical,5.38,20,25.4,1,95.4,0.741,Immediate,70.4,4,4,0,1,0
TDMS01961,High,4.0,40,19.0,2,32.5,0.782,This_Month,57.1,3,2,0,1,0
TDMS01962,Critical,5.33,20,7.6,0,38.2,0.577,Immediate,71.5,4,4,0,1,0
TDMS01963,High,4.77,40,5.5,1,71.1,0.563,This_Month,59.9,3,2,0,1,0
TDMS01964,Critical,4.73,20,2.9,3,48.5,0.858,Immediate,68.9,4,4,0,1,0
TDMS01965,Medium,3.47,60,13.9,2,40.7,0.754,This_Month,56.6,2,2,0,1,0
TDMS01966,Critical,5.65,20,3.6,0,82.0,0.797,Immediate,77.4,4,4,0,1,0
TDMS01967,Medium,3.43,60,14.6,2,24.0,0.756,This_Month,45.0,2,2,0,1,0
TDMS01968,Medium,3.66,60,17.1,0,47.0,0.738,This_Month,48.9,2,2,0,1,0
TDMS01969,Critical,4.53,20,16.2,2,34.4,0.75,Immediate,73.5,4,4,0,1,0
TDMS01970,Medium,3.92,60,3.2,1,28.3,0.748,This_Month,47.1,2,2,0,1,0
TDMS01971,Critical,5.64,20,26.9,6,68.4,0.849,Immediate,76.1,4,4,0,1,0
TDMS01972,High,4.63,40,21.5,2,62.4,0.755,This_Week,60.4,3,3,0,1,0
TDMS01973,High,3.63,40,23.5,5,57.3,0.876,This_Week,70.8,3,3,0,1,0
TDMS01974,Medium,2.57,26,20.0,1,56.9,0.723,Programmed,39.3,2,1,0,1,0
TDMS01975,Medium,3.84,60,27.3,4,80.9,0.793,This_Month,49.0,2,2,0,1,0
TDMS01976,Medium,4.34,43,27.5,2,38.0,0.768,This_Month,43.8,2,2,0,1,0
TDMS01977,Medium,3.99,32,2.3,0,29.7,0.751,Programmed,28.8,2,1,0,1,0
TDMS01978,High,4.93,40,27.2,1,63.8,0.802,This_Week,74.4,3,3,0,1,0
TDMS01979,High,4.27,40,19.8,4,64.6,0.75,This_Month,59.6,3,2,0,1,0
TDMS01980,Medium,3.72,60,4.3,0,21.3,0.647,This_Month,45.1,2,2,0,1,0
TDMS01981,Critical,4.39,20,21.3,1,70.3,0.608,Immediate,74.4,4,4,0,1,0
TDMS01982,High,4.34,40,15.5,0,36.4,0.647,This_Week,61.5,3,3,0,1,0
TDMS01983,High,4.12,40,13.5,4,69.9,0.863,This_Week,65.6,3,3,0,1,0
TDMS01984,Critical,5.06,20,24.5,0,42.6,0.745,Immediate,77.0,4,4,0,1,0
TDMS01985,Medium,4.31,60,27.2,0,51.4,0.636,This_Month,43.0,2,2,0,1,0
TDMS01986,Medium,3.91,36,19.2,3,50.8,0.859,Programmed,37.8,2,1,0,1,0
TDMS01987,Critical,4.44,20,22.5,5,45.5,0.767,Immediate,78.9,4,4,0,1,0
TDMS01988,High,5.09,40,9.2,3,37.4,0.754,This_Month,56.6,3,2,0,1,0
TDMS01989,Medium,3.96,60,23.4,2,69.8,0.8,This_Month,42.7,2,2,0,1,0
TDMS01990,Medium,4.5,28,5.1,1,52.8,0.595,Programmed,32.1,2,1,0,1,0
TDMS01991,Critical,4.3,20,4.0,0,38.4,0.651,Immediate,74.7,4,4,0,1,0
TDMS01992,Medium,3.42,0,19.0,1,45.9,0.856,Programmed,29.9,2,1,0,1,0
TDMS01993,Medium,3.69,60,17.7,1,49.1,0.768,This_Month,51.6,2,2,0,1,0
TDMS01994,Medium,2.92,60,24.6,2,76.8,0.771,This_Month,52.6,2,2,0,1,0
TDMS01995,High,5.27,40,8.9,1,52.2,0.741,This_Week,62.4,3,3,0,1,0
TDMS01996,Medium,3.05,60,27.5,2,23.4,0.678,This_Month,57.1,2,2,0,1,0
TDMS01997,High,3.73,19,26.1,3,27.3,0.748,This_Week,61.5,3,3,0,1,0
TDMS01998,Critical,5.64,2,23.7,2,74.3,0.834,Immediate,67.6,4,4,0,1,0
TDMS01999,Critical,5.01,20,20.8,0,67.8,0.784,Immediate,80.6,4,4,0,1,0
TDMS02000,Medium,3.69,60,17.4,2,51.0,0.746,This_Month,47.3,2,2,0,1,0
TDMS02001,High,3.76,40,14.2,3,68.7,0.834,This_Week,64.7,3,3,0,1,0
TDMS02002,High,4.68,0,2.5,0,64.1,0.748,This_Month,42.2,3,2,0,1,0
TDMS02003,Critical,4.18,20,18.5,3,42.1,0.737,Immediate,77.1,4,4,0,1,0
TDMS02004,Medium,3.69,60,12.4,1,55.1,0.654,This_Month,47.8,2,2,0,1,0
TDMS02005,High,4.33,40,4.7,2,27.2,0.714,This_Week,61.0,3,3,0,1,0
TDMS02006,Critical,4.69,0,21.1,4,48.0,0.874,Immediate,78.1,4,4,0,1,0
TDMS02007,Medium,3.54,60,28.3,2,33.7,0.702,This_Month,47.8,2,2,0,1,0
TDMS02008,High,4.52,40,21.7,2,33.8,0.814,This_Week,68.9,3,3,0,1,0
TDMS02009,Critical,5.67,20,8.6,2,59.1,0.788,Immediate,78.8,4,4,0,1,0
TDMS02010,Critical,4.29,8,10.0,1,44.6,0.733,Immediate,69.6,4,4,0,1,0
TDMS02011,High,3.74,40,24.8,0,57.3,0.752,This_Week,60.0,3,3,0,1,0
TDMS02012,Medium,3.06,60,19.1,1,46.0,0.7,This_Month,53.1,2,2,0,1,0
TDMS02013,Medium,3.99,60,7.6,4,76.2,0.782,This_Month,54.9,2,2,0,1,0
TDMS02014,High,4.7,40,29.2,4,72.2,0.783,This_Week,60.8,3,3,0,1,0
TDMS02015,Medium,3.19,60,28.5,1,29.6,0.632,This_Month,56.0,2,2,0,1,0
TDMS02016,Medium,4.16,60,2.0,0,68.2,0.648,This_Month,48.2,2,2,0,1,0
TDMS02017,Critical,4.22,20,19.7,0,73.2,0.699,Immediate,74.1,4,4,0,1,0
TDMS02018,Medium,2.68,58,18.6,2,31.0,0.611,This_Month,48.1,2,2,0,1,0
TDMS02019,Medium,4.1,60,17.9,3,21.7,0.791,This_Month,55.6,2,2,0,1,0
TDMS02020,Medium,3.65,60,24.5,2,32.2,0.741,This_Month,42.2,2,2,0,1,0
TDMS02021,High,4.65,40,7.2,2,28.6,0.663,This_Month,54.9,3,2,0,1,0
TDMS02022,High,4.61,40,6.8,2,28.0,0.891,This_Month,57.8,3,2,0,1,0
TDMS02023,Critical,5.38,20,4.6,1,76.9,0.661,Immediate,76.3,4,4,0,1,0
TDMS02024,High,4.03,40,9.3,0,26.6,0.651,This_Week,62.2,3,3,0,1,0
TDMS02025,High,3.99,40,11.6,0,38.3,0.648,This_Week,72.2,3,3,0,1,0
TDMS02026,Medium,3.82,60,29.0,4,67.4,0.65,This_Month,52.9,2,2,0,1,0
TDMS02027,Critical,4.83,1,13.4,3,43.8,0.798,Immediate,73.1,4,4,0,1,0
TDMS02028,High,4.41,40,20.8,0,38.2,0.749,This_Week,67.2,3,3,0,1,0
TDMS02029,High,5.35,40,25.3,2,80.6,0.778,This_Week,68.9,3,3,0,1,0
TDMS02030,High,5.29,40,26.3,1,50.3,0.676,This_Month,58.0,3,2,0,1,0
TDMS02031,Critical,5.56,20,8.0,1,60.4,0.576,Immediate,75.5,4,4,0,1,0
TDMS02032,Medium,4.28,60,11.6,2,26.5,0.725,This_Month,46.8,2,2,0,1,0
TDMS02033,High,4.81,40,12.5,3,67.7,0.846,This_Week,62.0,3,3,0,1,0
TDMS02034,Medium,3.22,60,13.9,1,29.8,0.66,This_Month,51.5,2,2,0,1,0
TDMS02035,High,4.28,0,9.7,0,33.6,0.678,This_Month,47.2,3,2,0,1,0
TDMS02036,Medium,3.74,39,11.9,2,50.0,0.633,Programmed,37.0,2,1,0,1,0
TDMS02037,Critical,4.4,20,29.8,5,71.4,0.706,Immediate,81.4,4,4,0,1,0
TDMS02038,Critical,4.29,20,15.1,2,48.5,0.77,Immediate,70.8,4,4,0,1,0
TDMS02039,Critical,5.91,16,24.6,3,80.8,0.838,Immediate,79.0,4,4,0,1,0
TDMS02040,High,4.19,40,27.4,2,42.2,0.636,This_Month,54.8,3,2,0,1,0
TDMS02041,Medium,4.18,60,24.3,2,28.3,0.766,This_Month,50.5,2,2,0,1,0
TDMS02042,Critical,5.17,20,24.5,8,46.1,0.658,Immediate,82.0,4,4,0,1,0
TDMS02043,Medium,3.26,60,4.4,1,27.1,0.748,This_Month,51.6,2,2,0,1,0
TDMS02044,Medium,3.89,60,17.5,1,17.8,0.688,This_Month,49.0,2,2,0,1,0
TDMS02045,Medium,3.71,60,2.6,1,24.6,0.732,This_Month,56.3,2,2,0,1,0
TDMS02046,Critical,5.61,20,22.1,3,51.3,0.742,Immediate,66.2,4,4,0,1,0
TDMS02047,Medium,3.65,60,28.4,2,51.2,0.861,This_Month,48.5,2,2,0,1,0
TDMS02048,High,4.02,40,23.8,4,45.4,0.691,This_Week,69.0,3,3,0,1,0
TDMS02049,High,4.57,5,6.2,0,33.4,0.833,This_Month,51.0,3,2,0,1,0
TDMS02050,Medium,3.05,40,24.3,5,29.9,0.692,This_Month,53.1,2,2,0,1,0
TDMS02051,Critical,4.88,20,18.0,0,72.2,0.738,Immediate,87.1,4,4,0,1,0
TDMS02052,Critical,4.87,20,16.7,2,48.2,0.865,Immediate,79.7,4,4,0,1,0
TDMS02053,High,3.86,40,9.4,2,35.5,0.793,This_Week,62.0,3,3,0,1,0
TDMS02054,Medium,4.02,60,20.5,6,20.8,0.735,This_Month,55.4,2,2,0,1,0
TDMS02055,Medium,2.88,60,21.1,6,40.4,0.774,This_Week,64.1,2,3,0,1,0
TDMS02056,Medium,5.24,60,14.8,2,37.2,0.704,This_Week,60.2,2,3,0,1,0
TDMS02057,Medium,3.22,60,22.5,1,20.3,0.815,This_Month,52.0,2,2,0,1,0
TDMS02058,High,3.16,40,3.1,2,45.0,0.809,This_Week,63.2,3,3,0,1,0
TDMS02059,High,4.27,40,8.5,3,26.0,0.79,This_Week,67.3,3,3,0,1,0
TDMS02060,Medium,4.11,60,17.2,0,70.6,0.611,This_Month,47.0,2,2,0,1,0
TDMS02061,Medium,3.26,32,17.2,1,56.6,0.666,Programmed,35.7,2,1,0,1,0
TDMS02062,Critical,5.18,20,14.5,2,47.4,0.812,Immediate,77.0,4,4,0,1,0
TDMS02063,Medium,3.57,60,12.8,1,13.7,0.66,This_Month,54.9,2,2,0,1,0
TDMS02064,High,4.48,40,7.0,2,54.5,0.733,This_Week,69.2,3,3,0,1,0
TDMS02065,Critical,5.3,20,18.0,3,69.2,0.822,Immediate,82.6,4,4,0,1,0
TDMS02066,Medium,3.6,60,26.3,3,60.2,0.84,This_Month,45.3,2,2,0,1,0
TDMS02067,Critical,4.98,20,9.3,0,64.0,0.747,Immediate,70.1,4,4,0,1,0
TDMS02068,High,4.61,40,3.8,1,64.5,0.563,This_Week,60.3,3,3,0,1,0
TDMS02069,High,4.18,40,10.9,2,40.3,0.772,This_Week,62.9,3,3,0,1,0
TDMS02070,Critical,4.8,20,14.4,0,51.7,0.629,Immediate,72.4,4,4,0,1,0
TDMS02071,Medium,2.76,60,24.1,3,41.1,0.674,This_Month,57.0,2,2,0,1,0
TDMS02072,Critical,6.5,20,23.8,1,40.0,0.721,Immediate,69.8,4,4,0,1,0
TDMS02073,Medium,3.54,60,12.7,3,20.3,0.73,This_Month,43.4,2,2,0,1,0
TDMS02074,High,4.4,0,24.9,4,63.8,0.824,This_Month,51.4,3,2,0,1,0
TDMS02075,Medium,2.86,60,18.4,3,21.0,0.73,This_Month,51.6,2,2,0,1,0
TDMS02076,High,4.61,40,3.1,2,40.3,0.813,This_Week,68.7,3,3,0,1,0
TDMS02077,Critical,4.21,20,2.3,2,64.6,0.887,Immediate,81.5,4,4,0,1,0
TDMS02078,Medium,3.72,47,18.3,2,24.8,0.868,This_Month,45.4,2,2,0,1,0
TDMS02079,High,5.25,40,16.3,2,33.9,0.768,This_Week,66.4,3,3,0,1,0
TDMS02080,Medium,3.69,60,20.9,2,46.6,0.781,This_Month,51.1,2,2,0,1,0
TDMS02081,High,4.58,40,12.5,2,30.1,0.813,This_Week,60.1,3,3,0,1,0
TDMS02082,Medium,4.88,54,3.9,0,48.3,0.75,This_Month,42.9,2,2,0,1,0
TDMS02083,High,5.71,40,13.0,2,74.1,0.846,This_Week,63.5,3,3,0,1,0
TDMS02084,High,4.48,40,24.1,1,31.9,0.681,This_Week,68.1,3,3,0,1,0
TDMS02085,Medium,2.47,60,17.2,1,20.5,0.772,This_Month,42.2,2,2,0,1,0
TDMS02086,High,4.59,40,5.5,0,41.3,0.741,This_Week,60.6,3,3,0,1,0
TDMS02087,High,3.42,11,8.8,1,34.3,0.752,This_Month,52.7,3,2,0,1,0
TDMS02088,Medium,3.78,60,16.7,3,51.6,0.767,This_Month,55.3,2,2,0,1,0
TDMS02089,Medium,3.7,60,26.4,5,26.3,0.857,This_Month,47.6,2,2,0,1,0
TDMS02090,Medium,2.73,45,9.7,6,26.8,0.777,This_Month,53.2,2,2,0,1,0
TDMS02091,Medium,3.54,60,16.0,5,29.1,0.637,This_Month,55.6,2,2,0,1,0
TDMS02092,Medium,3.72,41,10.1,1,58.4,0.765,This_Month,45.5,2,2,0,1,0
TDMS02093,Critical,4.15,20,17.7,6,69.0,0.943,Immediate,85.8,4,4,0,1,0
TDMS02094,High,3.62,0,20.5,2,31.6,0.845,This_Month,47.1,3,2,0,1,0
TDMS02095,High,5.04,40,23.6,2,38.2,0.731,This_Month,55.6,3,2,0,1,0
TDMS02096,High,4.28,40,29.6,2,50.7,0.849,This_Week,61.0,3,3,0,1,0
TDMS02097,High,4.46,40,3.3,3,37.3,0.674,This_Week,60.3,3,3,0,1,0
TDMS02098,Critical,6.5,20,24.0,5,94.5,0.765,Immediate,75.5,4,4,0,1,0
TDMS02099,High,4.41,40,23.1,1,38.8,0.803,This_Week,63.4,3,3,0,1,0
TDMS02100,High,3.77,23,11.4,0,51.4,0.581,This_Month,55.8,3,2,0,1,0
TDMS02101,Medium,3.59,60,16.8,3,46.9,0.642,This_Month,51.0,2,2,0,1,0
TDMS02102,High,4.55,40,1.1,2,40.9,0.853,This_Week,60.8,3,3,0,1,0
TDMS02103,High,5.94,40,20.4,3,38.6,0.846,This_Week,62.4,3,3,0,1,0
TDMS02104,Critical,5.14,20,11.4,0,72.1,0.56,Immediate,71.9,4,4,0,1,0
TDMS02105,High,4.52,40,1.2,0,70.1,0.696,This_Month,56.3,3,2,0,1,0
TDMS02106,Medium,4.5,60,17.7,3,16.7,0.92,This_Month,58.9,2,2,0,1,0
TDMS02107,Critical,4.92,20,28.9,3,63.0,0.839,Immediate,73.1,4,4,0,1,0
TDMS02108,Medium,3.64,60,27.2,3,15.9,0.813,This_Month,55.7,2,2,0,1,0
TDMS02109,High,4.07,40,20.4,3,68.8,0.829,This_Week,67.5,3,3,0,1,0
TDMS02110,High,4.31,40,8.9,1,40.6,0.66,This_Month,54.6,3,2,0,1,0
TDMS02111,Medium,4.33,60,26.3,0,53.3,0.533,This_Month,49.6,2,2,0,1,0
TDMS02112,Medium,2.29,60,21.4,2,53.0,0.727,This_Month,40.7,2,2,0,1,0
TDMS02113,Critical,5.54,20,10.6,0,49.4,0.592,Immediate,75.1,4,4,0,1,0
TDMS02114,High,4.86,40,28.2,1,81.7,0.515,This_Month,58.1,3,2,0,1,0
TDMS02115,High,3.77,40,28.8,5,89.1,0.845,This_Week,69.3,3,3,0,1,0
TDMS02116,Medium,3.66,60,2.3,4,32.4,0.674,This_Month,52.9,2,2,0,1,0
TDMS02117,Critical,5.19,20,26.4,5,39.2,0.868,Immediate,82.0,4,4,0,1,0
TDMS02118,Critical,5.81,20,3.0,1,49.9,0.661,Immediate,72.5,4,4,0,1,0
TDMS02119,Critical,4.31,20,12.2,2,91.4,0.857,Immediate,80.3,4,4,0,1,0
TDMS02120,Medium,4.77,60,14.7,1,40.0,0.569,This_Month,53.3,2,2,0,1,0
TDMS02121,Medium,3.75,60,21.4,2,54.8,0.793,This_Month,49.1,2,2,0,1,0
TDMS02122,Medium,4.2,0,18.2,2,32.7,0.928,Programmed,26.1,2,1,0,1,0
TDMS02123,High,4.82,40,9.1,2,53.1,0.89,This_Week,66.6,3,3,0,1,0
TDMS02124,Medium,3.51,60,29.7,1,49.9,0.715,This_Month,52.9,2,2,0,1,0
TDMS02125,High,4.3,40,20.3,4,35.4,0.705,This_Week,60.6,3,3,0,1,0
TDMS02126,High,3.98,40,19.1,2,60.8,0.664,This_Week,70.3,3,3,0,1,0
TDMS02127,High,4.21,40,14.2,4,61.8,0.607,This_Week,64.9,3,3,0,1,0
TDMS02128,Medium,3.66,60,12.0,3,56.2,0.755,This_Month,51.6,2,2,0,1,0
TDMS02129,Critical,4.14,20,14.9,3,45.4,0.878,Immediate,81.1,4,4,0,1,0
TDMS02130,Medium,3.89,60,11.9,1,42.6,0.59,This_Month,49.4,2,2,0,1,0
TDMS02131,Critical,5.19,0,28.3,4,31.2,0.774,Immediate,66.2,4,4,0,1,0
TDMS02132,High,3.85,40,5.9,0,66.1,0.724,This_Month,56.7,3,2,0,1,0
TDMS02133,High,3.57,15,5.6,3,33.3,0.807,This_Month,51.2,3,2,0,1,0
TDMS02134,Critical,4.49,20,16.9,5,74.5,0.689,Immediate,69.4,4,4,0,1,0
TDMS02135,High,4.29,40,25.6,2,28.7,0.625,This_Week,69.7,3,3,0,1,0
TDMS02136,High,4.93,40,19.3,3,60.8,0.842,This_Week,64.9,3,3,0,1,0
TDMS02137,High,4.31,40,4.3,1,28.6,0.646,This_Week,63.3,3,3,0,1,0
TDMS02138,Critical,4.41,20,4.4,1,34.7,0.77,Immediate,75.8,4,4,0,1,0
TDMS02139,Medium,3.46,60,29.9,1,42.5,0.696,This_Month,56.0,2,2,0,1,0
TDMS02140,Critical,4.14,20,13.2,4,50.4,0.805,Immediate,76.0,4,4,0,1,0
TDMS02141,High,4.73,40,23.3,4,76.0,0.768,This_Week,69.3,3,3,0,1,0
TDMS02142,Critical,5.22,20,14.2,2,51.1,0.844,Immediate,73.6,4,4,0,1,0
TDMS02143,Medium,4.04,60,3.2,1,37.1,0.807,This_Month,48.1,2,2,0,1,0
TDMS02144,High,4.72,40,11.9,1,43.7,0.657,This_Week,74.3,3,3,0,1,0
TDMS02145,High,4.72,40,29.3,2,65.6,0.68,This_Month,56.3,3,2,0,1,0
TDMS02146,Medium,3.17,60,25.7,1,54.9,0.618,This_Month,51.0,2,2,0,1,0
TDMS02147,High,3.87,40,1.6,1,33.5,0.774,This_Week,65.9,3,3,0,1,0
TDMS02148,Critical,5.53,20,11.7,5,44.5,0.94,Immediate,83.4,4,4,0,1,0
TDMS02149,High,4.35,40,8.7,1,32.6,0.671,This_Week,62.4,3,3,0,1,0
TDMS02150,Medium,4.47,60,14.2,2,32.1,0.849,This_Month,57.9,2,2,0,1,0
TDMS02151,Medium,3.22,60,19.4,1,74.0,0.692,This_Month,48.0,2,2,0,1,0
TDMS02152,Critical,5.96,20,18.8,1,89.1,0.69,Immediate,75.4,4,4,0,1,0
TDMS02153,Medium,3.09,60,12.7,4,52.1,0.71,This_Month,49.8,2,2,0,1,0
TDMS02154,Critical,4.94,20,16.5,3,54.9,0.856,Immediate,79.2,4,4,0,1,0
TDMS02155,Critical,5.1,20,24.1,5,47.4,0.794,Immediate,73.2,4,4,0,1,0
TDMS02156,Medium,2.89,60,27.1,4,21.9,0.916,This_Month,59.0,2,2,0,1,0
TDMS02157,High,3.85,40,9.8,1,30.6,0.674,This_Week,72.0,3,3,0,1,0
TDMS02158,Medium,4.17,60,22.5,4,34.8,0.85,This_Week,60.0,2,3,0,1,0
TDMS02159,High,4.41,40,28.1,3,51.4,0.829,This_Week,60.9,3,3,0,1,0
TDMS02160,High,4.22,40,25.6,2,54.1,0.888,This_Week,60.3,3,3,0,1,0
TDMS02161,Medium,3.5,60,4.1,0,22.5,0.575,Programmed,38.0,2,1,0,1,0
TDMS02162,Medium,3.51,38,24.9,3,26.0,0.736,This_Month,42.5,2,2,0,1,0
TDMS02163,Medium,3.6,60,9.1,0,67.0,0.722,This_Month,52.4,2,2,0,1,0
TDMS02164,High,3.49,40,17.5,5,54.4,0.734,This_Week,63.9,3,3,0,1,0
TDMS02165,Medium,4.51,60,26.8,1,31.3,0.689,This_Month,40.6,2,2,0,1,0
TDMS02166,Critical,4.23,20,29.5,4,43.8,0.81,Immediate,71.1,4,4,0,1,0
TDMS02167,Medium,4.06,60,28.1,3,71.8,0.847,This_Month,51.6,2,2,0,1,0
TDMS02168,Critical,5.21,20,20.0,5,59.0,0.893,Immediate,77.3,4,4,0,1,0
TDMS02169,High,3.47,40,2.0,1,49.1,0.627,This_Week,62.5,3,3,0,1,0
TDMS02170,Critical,5.71,20,22.9,4,51.8,0.932,Immediate,83.5,4,4,0,1,0
TDMS02171,Critical,5.77,20,6.1,2,37.8,0.872,Immediate,66.3,4,4,0,1,0
TDMS02172,Critical,4.88,20,17.6,2,66.4,0.93,Immediate,71.7,4,4,0,1,0
TDMS02173,Medium,3.62,60,20.3,3,37.3,0.757,This_Month,48.6,2,2,0,1,0
TDMS02174,Medium,3.52,60,18.2,1,50.1,0.611,This_Month,49.2,2,2,0,1,0
TDMS02175,High,4.48,40,1.7,0,35.0,0.694,This_Week,65.2,3,3,0,1,0
TDMS02176,High,5.7,40,17.6,3,88.9,0.668,This_Week,67.3,3,3,0,1,0
TDMS02177,Medium,4.73,60,23.2,5,45.9,0.66,This_Month,55.0,2,2,0,1,0
TDMS02178,High,5.19,40,19.8,5,37.0,0.778,This_Week,71.7,3,3,0,1,0
TDMS02179,Critical,6.12,20,12.5,1,39.3,0.57,Immediate,78.2,4,4,0,1,0
TDMS02180,High,3.51,40,10.0,0,49.7,0.573,This_Month,59.3,3,2,0,1,0
TDMS02181,High,4.37,40,20.8,3,69.8,0.694,This_Month,51.3,3,2,0,1,0
TDMS02182,High,4.82,40,11.5,1,33.4,0.713,This_Week,65.2,3,3,0,1,0
TDMS02183,High,4.72,24,17.3,3,61.5,0.708,This_Week,62.0,3,3,0,1,0
TDMS02184,High,3.44,40,23.8,3,23.9,0.822,This_Week,68.1,3,3,0,1,0
TDMS02185,Medium,3.78,60,26.2,2,50.1,0.747,This_Month,54.2,2,2,0,1,0
TDMS02186,Medium,4.86,60,3.3,2,23.9,0.773,This_Month,42.7,2,2,0,1,0
TDMS02187,Critical,4.24,20,18.8,3,44.1,0.705,Immediate,79.9,4,4,0,1,0
TDMS02188,High,4.16,13,29.3,1,49.6,0.797,This_Week,62.5,3,3,0,1,0
TDMS02189,High,5.1,40,8.3,1,37.9,0.604,This_Month,55.4,3,2,0,1,0
TDMS02190,High,3.44,40,17.2,2,58.9,0.874,This_Week,67.3,3,3,0,1,0
TDMS02191,High,3.78,40,22.0,1,35.2,0.718,This_Week,67.3,3,3,0,1,0
TDMS02192,Medium,3.29,60,27.5,5,48.4,0.748,This_Month,40.3,2,2,0,1,0
TDMS02193,High,4.36,40,21.2,3,30.3,0.829,This_Month,58.6,3,2,0,1,0
TDMS02194,Medium,3.47,60,1.2,2,43.3,0.63,This_Month,52.1,2,2,0,1,0
TDMS02195,Medium,3.62,44,23.5,3,21.5,0.765,This_Month,44.3,2,2,0,1,0
TDMS02196,Medium,3.84,60,20.4,2,33.3,0.701,This_Month,50.0,2,2,0,1,0
TDMS02197,High,4.43,40,26.0,2,44.3,0.839,This_Week,60.4,3,3,0,1,0
TDMS02198,Medium,3.68,60,4.1,1,23.9,0.601,This_Month,48.1,2,2,0,1,0
TDMS02199,Critical,5.69,20,18.7,1,69.5,0.778,Immediate,78.9,4,4,0,1,0
TDMS02200,Medium,4.14,60,20.5,3,57.0,0.885,This_Month,41.8,2,2,0,1,0
TDMS02201,High,3.18,40,14.0,3,78.7,0.785,This_Week,63.3,3,3,0,1,0
TDMS02202,Critical,5.35,20,7.5,1,83.5,0.653,Immediate,79.8,4,4,0,1,0
TDMS02203,Medium,4.71,60,21.6,1,37.6,0.608,This_Month,52.6,2,2,0,1,0
TDMS02204,High,3.88,40,23.1,2,29.8,0.857,This_Month,55.7,3,2,0,1,0
TDMS02205,Critical,4.42,20,9.3,2,55.7,0.798,Immediate,71.9,4,4,0,1,0
TDMS02206,Medium,3.28,60,3.2,2,52.0,0.752,This_Month,55.6,2,2,0,1,0
TDMS02207,High,3.83,40,28.8,8,41.3,0.733,This_Month,59.3,3,2,0,1,0
TDMS02208,High,3.97,40,15.6,1,63.8,0.772,This_Week,72.7,3,3,0,1,0
TDMS02209,Critical,4.33,20,28.6,1,49.2,0.612,Immediate,81.0,4,4,0,1,0
TDMS02210,Critical,5.09,20,17.9,0,42.3,0.775,Immediate,76.2,4,4,0,1,0
TDMS02211,Medium,3.66,42,26.6,2,30.8,0.608,This_Month,50.8,2,2,0,1,0
TDMS02212,Medium,3.07,60,2.4,3,45.5,0.768,This_Month,55.4,2,2,0,1,0
TDMS02213,High,4.85,40,24.5,4,23.9,0.72,This_Week,65.8,3,3,0,1,0
TDMS02214,Critical,3.37,20,21.6,1,73.2,0.774,Immediate,79.9,4,4,0,1,0
TDMS02215,Medium,3.81,60,9.7,1,44.5,0.537,This_Month,54.7,2,2,0,1,0
TDMS02216,High,4.91,40,16.0,3,34.3,0.597,This_Week,63.9,3,3,0,1,0
TDMS02217,Medium,4.01,60,5.1,0,49.0,0.771,This_Month,53.3,2,2,0,1,0
TDMS02218,Critical,5.04,20,25.0,2,69.1,0.716,Immediate,78.5,4,4,0,1,0
TDMS02219,High,4.61,40,19.4,4,58.5,0.775,Immediate,75.5,3,4,0,1,0
TDMS02220,Medium,2.78,60,29.5,3,44.9,0.747,This_Month,40.9,2,2,0,1,0
TDMS02221,High,4.3,40,18.0,3,38.7,0.817,This_Week,62.0,3,3,0,1,0
TDMS02222,Critical,4.44,20,6.5,4,47.6,0.758,Immediate,77.0,4,4,0,1,0
TDMS02223,High,4.81,40,24.1,3,83.3,0.764,This_Week,72.6,3,3,0,1,0
TDMS02224,Critical,4.83,20,13.2,2,78.1,0.784,Immediate,69.0,4,4,0,1,0
TDMS02225,High,3.92,40,29.8,3,33.6,0.813,This_Week,60.6,3,3,0,1,0
TDMS02226,High,4.54,32,1.7,3,68.3,0.731,This_Week,63.2,3,3,0,1,0
TDMS02227,Critical,5.09,20,14.8,2,52.3,0.681,Immediate,71.3,4,4,0,1,0
TDMS02228,Medium,3.26,60,5.7,0,58.6,0.7,This_Month,44.7,2,2,0,1,0
TDMS02229,Medium,3.7,60,28.3,3,27.0,0.791,This_Month,50.1,2,2,0,1,0
TDMS02230,High,4.61,40,15.0,0,27.6,0.661,This_Week,68.6,3,3,0,1,0
TDMS02231,Critical,3.68,20,3.4,1,47.4,0.757,Immediate,75.8,4,4,0,1,0
TDMS02232,Medium,3.45,60,27.0,2,50.3,0.793,This_Month,50.0,2,2,0,1,0
TDMS02233,Medium,2.99,60,21.6,0,32.6,0.769,This_Month,55.5,2,2,0,1,0
TDMS02234,Medium,3.38,60,1.9,2,25.9,0.713,This_Month,47.9,2,2,0,1,0
TDMS02235,Critical,4.9,20,24.2,0,70.1,0.751,Immediate,66.8,4,4,0,1,0
TDMS02236,High,3.45,40,10.5,1,56.5,0.679,This_Week,66.9,3,3,0,1,0
TDMS02237,High,4.81,40,20.6,1,39.3,0.757,This_Week,65.1,3,3,0,1,0
TDMS02238,Critical,4.86,20,18.3,2,41.6,0.852,Immediate,81.3,4,4,0,1,0
TDMS02239,Critical,4.65,13,3.1,4,60.6,0.81,Immediate,65.0,4,4,0,1,0
TDMS02240,High,5.26,40,8.3,0,53.8,0.724,This_Week,67.8,3,3,0,1,0
TDMS02241,Critical,4.88,20,2.9,1,43.8,0.756,Immediate,75.9,4,4,0,1,0
TDMS02242,High,4.51,40,16.4,0,41.0,0.784,This_Week,70.1,3,3,0,1,0
TDMS02243,Medium,3.45,60,23.0,2,28.1,0.848,This_Month,51.5,2,2,0,1,0
TDMS02244,High,4.61,40,16.5,1,25.1,0.629,This_Month,59.3,3,2,0,1,0
TDMS02245,Critical,4.93,20,7.4,0,56.7,0.751,Immediate,67.7,4,4,0,1,0
TDMS02246,Critical,4.64,20,24.6,1,49.0,0.577,Immediate,76.1,4,4,0,1,0
TDMS02247,High,4.09,40,5.5,1,40.3,0.61,This_Week,73.5,3,3,0,1,0
TDMS02248,High,3.68,40,23.1,5,34.4,0.876,This_Week,65.3,3,3,0,1,0
TDMS02249,Medium,2.47,60,4.9,1,57.4,0.76,This_Month,56.1,2,2,0,1,0
TDMS02250,High,4.45,40,7.9,1,70.5,0.794,This_Week,65.7,3,3,0,1,0
TDMS02251,Critical,5.09,18,23.8,3,41.3,0.784,Immediate,78.3,4,4,0,1,0
TDMS02252,High,3.71,40,11.5,2,33.0,0.747,This_Week,65.7,3,3,0,1,0
TDMS02253,Medium,3.22,60,21.5,3,26.4,0.66,This_Month,49.3,2,2,0,1,0
TDMS02254,High,4.17,40,6.1,2,41.0,0.838,This_Week,64.9,3,3,0,1,0
TDMS02255,High,4.93,40,9.2,3,49.5,0.75,This_Week,64.0,3,3,0,1,0
TDMS02256,Critical,4.32,20,17.4,0,48.5,0.716,Immediate,76.7,4,4,0,1,0
TDMS02257,High,4.46,40,1.5,0,42.8,0.733,This_Week,60.0,3,3,0,1,0
TDMS02258,Critical,5.58,20,17.0,4,48.3,0.844,Immediate,79.7,4,4,0,1,0
TDMS02259,Critical,4.46,20,4.4,2,38.3,0.847,Immediate,71.4,4,4,0,1,0
TDMS02260,Medium,4.33,60,7.4,1,29.2,0.775,This_Month,55.1,2,2,0,1,0
TDMS02261,Medium,3.9,60,16.5,2,59.1,0.766,This_Month,54.2,2,2,0,1,0
TDMS02262,Medium,4.55,60,2.2,4,28.2,0.857,This_Month,51.5,2,2,0,1,0
TDMS02263,High,3.71,40,21.9,3,61.4,0.789,This_Week,65.0,3,3,0,1,0
TDMS02264,Medium,2.59,40,24.5,3,38.1,0.744,This_Month,53.3,2,2,0,1,0
TDMS02265,High,4.68,40,7.0,2,57.8,0.745,This_Week,67.3,3,3,0,1,0
TDMS02266,High,3.63,40,13.0,2,50.9,0.786,This_Week,69.0,3,3,0,1,0
TDMS02267,Medium,3.21,60,4.3,0,33.3,0.643,This_Month,51.0,2,2,0,1,0
TDMS02268,Critical,5.53,20,18.1,3,40.2,0.792,Immediate,78.1,4,4,0,1,0
TDMS02269,High,4.03,40,10.6,5,25.6,0.8,This_Week,69.5,3,3,0,1,0
TDMS02270,High,4.08,4,23.7,1,59.3,0.766,This_Month,47.2,3,2,0,1,0
TDMS02271,Medium,3.53,60,17.0,5,23.6,0.876,This_Month,53.7,2,2,0,1,0
TDMS02272,Medium,3.48,60,5.5,1,26.3,0.799,This_Month,50.9,2,2,0,1,0
TDMS02273,Medium,3.59,60,22.9,4,28.9,0.84,This_Month,51.8,2,2,0,1,0
TDMS02274,Critical,4.94,20,10.1,2,49.8,0.708,Immediate,74.6,4,4,0,1,0
TDMS02275,Medium,4.0,60,9.6,3,21.8,0.736,This_Month,50.9,2,2,0,1,0
TDMS02276,Critical,5.16,20,25.6,3,52.4,0.896,Immediate,81.0,4,4,0,1,0
TDMS02277,Medium,4.29,31,4.4,1,47.2,0.5,Programmed,39.8,2,1,0,1,0
TDMS02278,High,3.29,40,26.2,4,29.3,0.742,This_Week,67.6,3,3,0,1,0
TDMS02279,High,4.76,40,15.3,4,31.8,0.808,This_Month,55.6,3,2,0,1,0
TDMS02280,High,3.96,40,29.0,3,65.4,0.72,This_Week,67.6,3,3,0,1,0
TDMS02281,Critical,5.12,20,14.0,4,68.0,0.73,Immediate,78.8,4,4,0,1,0
TDMS02282,High,4.44,25,20.8,1,34.2,0.653,This_Month,51.3,3,2,0,1,0
TDMS02283,Critical,4.87,20,18.4,2,42.4,0.797,Immediate,79.9,4,4,0,1,0
TDMS02284,Critical,4.75,20,18.8,4,66.4,0.755,Immediate,85.8,4,4,0,1,0
TDMS02285,High,4.89,40,24.1,3,41.4,0.743,This_Month,58.9,3,2,0,1,0
TDMS02286,Critical,4.44,20,13.2,1,50.5,0.811,Immediate,60.8,4,4,0,1,0
TDMS02287,High,2.88,40,2.9,5,31.8,0.788,This_Week,61.2,3,3,0,1,0
TDMS02288,High,3.71,40,22.1,2,71.9,0.774,This_Week,62.4,3,3,0,1,0
TDMS02289,High,4.32,40,5.2,0,30.3,0.632,This_Month,57.6,3,2,0,1,0
TDMS02290,Medium,3.96,60,8.4,1,38.8,0.767,This_Month,49.8,2,2,0,1,0
TDMS02291,Critical,5.44,20,17.4,4,66.8,0.591,Immediate,82.7,4,4,0,1,0
TDMS02292,Medium,3.81,60,5.2,0,25.6,0.549,This_Month,48.3,2,2,0,1,0
TDMS02293,High,4.28,33,13.6,0,57.0,0.651,This_Month,54.2,3,2,0,1,0
TDMS02294,High,4.06,40,12.3,3,38.0,0.865,This_Week,65.8,3,3,0,1,0
TDMS02295,Medium,2.48,60,7.7,2,29.0,0.76,This_Month,54.4,2,2,0,1,0
TDMS02296,Medium,4.17,60,19.5,0,25.2,0.655,This_Month,42.1,2,2,0,1,0
TDMS02297,Medium,3.59,60,25.9,3,41.0,0.884,This_Month,54.2,2,2,0,1,0
TDMS02298,Critical,5.76,20,6.4,0,34.7,0.714,Immediate,75.1,4,4,0,1,0
TDMS02299,Critical,5.43,20,29.2,2,38.9,0.879,Immediate,73.2,4,4,0,1,0
TDMS02300,Medium,3.95,60,14.6,1,30.0,0.688,This_Month,50.7,2,2,0,1,0
TDMS02301,Critical,4.77,20,24.4,2,31.8,0.663,Immediate,79.4,4,4,0,1,0
TDMS02302,Medium,3.39,33,20.6,3,25.7,0.816,This_Month,41.0,2,2,0,1,0
TDMS02303,High,4.47,40,12.7,1,65.9,0.524,This_Week,60.0,3,3,0,1,0
TDMS02304,High,3.89,40,17.3,1,25.8,0.581,This_Week,65.5,3,3,0,1,0
TDMS02305,Medium,3.78,60,23.0,0,62.4,0.655,This_Month,46.4,2,2,0,1,0
TDMS02306,High,5.66,40,1.8,2,49.5,0.613,This_Week,61.8,3,3,0,1,0
TDMS02307,Critical,5.74,20,8.8,1,46.3,0.665,Immediate,76.7,4,4,0,1,0
TDMS02308,Medium,3.6,1,11.9,1,53.4,0.732,Programmed,29.4,2,1,0,1,0
TDMS02309,Medium,3.1,60,5.7,0,26.8,0.624,This_Month,53.0,2,2,0,1,0
TDMS02310,Medium,2.34,60,27.1,2,33.6,0.848,This_Month,51.1,2,2,0,1,0
TDMS02311,Medium,3.39,60,3.7,1,46.4,0.592,This_Month,57.1,2,2,0,1,0
TDMS02312,Critical,5.31,20,13.4,2,68.5,0.815,Immediate,86.2,4,4,0,1,0
TDMS02313,Critical,5.09,20,2.7,0,36.1,0.641,Immediate,78.4,4,4,0,1,0
TDMS02314,High,3.64,40,24.3,1,68.0,0.523,This_Week,66.1,3,3,0,1,0
TDMS02315,Medium,3.02,60,20.5,2,42.5,0.759,This_Month,47.9,2,2,0,1,0
TDMS02316,High,5.17,40,27.9,1,37.2,0.601,This_Week,61.0,3,3,0,1,0
TDMS02317,Medium,4.65,60,17.8,2,29.5,0.723,This_Month,55.7,2,2,0,1,0
TDMS02318,High,4.71,40,20.9,1,29.1,0.641,This_Week,61.1,3,3,0,1,0
TDMS02319,Medium,4.1,60,27.3,3,22.7,0.904,This_Month,51.1,2,2,0,1,0
TDMS02320,High,2.85,40,12.6,3,35.5,0.748,This_Month,55.4,3,2,0,1,0
TDMS02321,Critical,5.2,20,23.4,5,40.9,0.611,Immediate,75.5,4,4,0,1,0
TDMS02322,Medium,3.23,47,22.8,2,20.9,0.819,This_Month,49.9,2,2,0,1,0
TDMS02323,Critical,4.81,20,13.2,1,65.6,0.682,Immediate,75.9,4,4,0,1,0
TDMS02324,Critical,5.63,20,4.5,2,77.7,0.695,Immediate,74.5,4,4,0,1,0
TDMS02325,Critical,3.72,20,15.0,3,42.7,0.743,Immediate,72.8,4,4,0,1,0
TDMS02326,Critical,4.87,20,27.5,3,73.5,0.762,Immediate,86.0,4,4,0,1,0
TDMS02327,High,4.9,40,5.6,0,55.8,0.708,This_Week,68.5,3,3,0,1,0
TDMS02328,Medium,3.67,60,29.9,3,40.3,0.896,This_Month,52.1,2,2,0,1,0
TDMS02329,High,5.01,40,26.6,1,53.9,0.81,This_Week,68.9,3,3,0,1,0
TDMS02330,High,4.05,40,11.9,4,30.5,0.708,This_Week,68.1,3,3,0,1,0
TDMS02331,Medium,5.93,60,28.0,3,22.9,0.61,This_Month,44.7,2,2,0,1,0
TDMS02332,High,4.16,40,19.9,2,35.9,0.893,This_Week,62.4,3,3,0,1,0
TDMS02333,Critical,5.16,20,6.3,4,41.7,0.757,Immediate,70.2,4,4,0,1,0
TDMS02334,High,3.57,40,23.9,1,60.1,0.557,This_Week,61.8,3,3,0,1,0
TDMS02335,Medium,4.98,60,20.1,1,21.8,0.534,This_Month,50.2,2,2,0,1,0
TDMS02336,High,5.06,40,27.2,4,66.8,0.757,This_Week,62.8,3,3,0,1,0
TDMS02337,Medium,3.14,60,24.8,3,36.4,0.89,This_Month,52.7,2,2,0,1,0
TDMS02338,Critical,4.73,20,15.6,2,37.4,0.862,Immediate,87.2,4,4,0,1,0
TDMS02339,Medium,4.2,60,28.2,5,19.6,0.683,This_Month,42.7,2,2,0,1,0
TDMS02340,Medium,4.12,60,25.4,5,48.0,0.892,This_Month,46.7,2,2,0,1,0
TDMS02341,Critical,4.31,20,8.7,1,67.5,0.689,Immediate,78.7,4,4,0,1,0
TDMS02342,Medium,4.34,60,12.8,2,29.9,0.71,This_Month,52.2,2,2,0,1,0
TDMS02343,Medium,5.02,60,7.3,2,27.9,0.695,This_Month,50.1,2,2,0,1,0
TDMS02344,Medium,3.36,60,21.0,2,21.5,0.778,This_Month,46.1,2,2,0,1,0
TDMS02345,Medium,3.62,60,19.9,2,31.6,0.725,This_Month,43.6,2,2,0,1,0
TDMS02346,High,4.89,8,4.4,2,63.1,0.878,This_Month,48.9,3,2,0,1,0
TDMS02347,Critical,5.1,20,10.1,3,42.5,0.742,Immediate,73.0,4,4,0,1,0
TDMS02348,High,4.18,40,9.7,2,49.5,0.571,This_Week,68.4,3,3,0,1,0
TDMS02349,Critical,5.17,20,29.7,5,69.6,0.762,Immediate,84.4,4,4,0,1,0
TDMS02350,Medium,3.03,34,26.2,1,31.0,0.703,This_Month,43.0,2,2,0,1,0
TDMS02351,Medium,3.62,60,25.0,2,73.3,0.89,This_Month,49.5,2,2,0,1,0
TDMS02352,Critical,4.7,20,4.7,1,43.3,0.622,Immediate,70.4,4,4,0,1,0
TDMS02353,High,3.71,40,16.8,2,74.2,0.934,This_Week,64.7,3,3,0,1,0
TDMS02354,High,3.76,40,23.3,2,32.3,0.811,This_Week,63.3,3,3,0,1,0
TDMS02355,High,4.69,40,4.7,1,57.5,0.755,This_Week,60.9,3,3,0,1,0
TDMS02356,Medium,4.48,60,24.7,2,32.7,0.773,Programmed,38.5,2,1,0,1,0
TDMS02357,Critical,5.31,20,17.3,6,68.4,0.675,Immediate,71.4,4,4,0,1,0
TDMS02358,Critical,4.8,20,8.4,3,33.7,0.842,Immediate,63.7,4,4,0,1,0
TDMS02359,Medium,3.51,60,16.7,3,38.0,0.871,This_Month,51.0,2,2,0,1,0
TDMS02360,Critical,3.37,20,11.2,3,42.1,0.664,Immediate,74.2,4,4,0,1,0
TDMS02361,Medium,3.9,57,16.5,3,43.8,0.8,This_Month,47.8,2,2,0,1,0
TDMS02362,Medium,3.08,60,11.3,3,73.6,0.808,This_Month,54.7,2,2,0,1,0
TDMS02363,High,5.86,40,25.3,3,31.1,0.812,This_Week,66.5,3,3,0,1,0
TDMS02364,Medium,4.22,60,23.4,1,23.0,0.672,This_Month,43.3,2,2,0,1,0
TDMS02365,High,5.46,40,13.5,2,76.1,0.648,This_Week,66.3,3,3,0,1,0
TDMS02366,Medium,2.74,60,19.4,1,10.2,0.667,This_Month,53.8,2,2,0,1,0
TDMS02367,Critical,5.14,20,9.1,2,53.6,0.742,Immediate,73.9,4,4,0,1,0
TDMS02368,Medium,3.46,60,12.2,1,36.1,0.788,This_Month,54.0,2,2,0,1,0
TDMS02369,Medium,3.33,60,9.4,1,48.0,0.686,This_Month,42.2,2,2,0,1,0
TDMS02370,High,4.88,40,7.9,2,36.3,0.878,This_Week,65.8,3,3,0,1,0
TDMS02371,High,3.44,40,4.5,1,29.0,0.709,This_Week,67.7,3,3,0,1,0
TDMS02372,High,5.09,40,19.7,1,50.7,0.752,This_Week,61.5,3,3,0,1,0
TDMS02373,Medium,3.09,60,10.6,2,54.0,0.805,This_Month,50.0,2,2,0,1,0
TDMS02374,High,4.44,40,20.9,2,35.5,0.724,This_Month,55.4,3,2,0,1,0
TDMS02375,High,4.77,40,17.1,3,65.4,0.741,This_Week,65.1,3,3,0,1,0
TDMS02376,Critical,4.84,20,8.3,0,42.5,0.712,Immediate,83.2,4,4,0,1,0
TDMS02377,Critical,5.0,20,25.7,1,46.3,0.687,Immediate,77.7,4,4,0,1,0
TDMS02378,Critical,5.49,20,25.7,0,57.2,0.67,Immediate,77.2,4,4,0,1,0
TDMS02379,Critical,5.26,20,28.3,3,48.8,0.696,Immediate,74.3,4,4,0,1,0
TDMS02380,Medium,4.19,60,4.5,0,25.5,0.762,This_Month,49.2,2,2,0,1,0
TDMS02381,High,4.36,40,28.1,3,51.4,0.791,This_Week,67.3,3,3,0,1,0
TDMS02382,Medium,3.89,60,28.7,1,40.0,0.552,This_Month,53.3,2,2,0,1,0
TDMS02383,Critical,4.88,20,6.8,3,44.8,0.757,Immediate,81.2,4,4,0,1,0
TDMS02384,Medium,4.66,60,7.5,0,28.5,0.746,This_Month,54.2,2,2,0,1,0
TDMS02385,Medium,3.85,60,23.4,1,22.7,0.629,This_Month,44.0,2,2,0,1,0
TDMS02386,High,4.9,40,20.9,3,44.3,0.804,This_Week,61.4,3,3,0,1,0
TDMS02387,Medium,3.94,60,7.5,4,29.9,0.875,This_Month,51.4,2,2,0,1,0
TDMS02388,High,4.42,16,22.9,6,48.3,0.786,This_Week,65.5,3,3,0,1,0
TDMS02389,High,4.07,40,6.1,2,31.9,0.765,This_Week,63.7,3,3,0,1,0
TDMS02390,High,4.85,40,18.3,1,49.9,0.554,This_Week,68.1,3,3,0,1,0
TDMS02391,High,4.13,40,22.0,3,70.1,0.803,This_Week,63.6,3,3,0,1,0
TDMS02392,High,6.11,40,13.9,0,54.0,0.813,This_Week,65.2,3,3,0,1,0
TDMS02393,Medium,3.28,60,13.8,4,50.2,0.741,This_Month,56.1,2,2,0,1,0
TDMS02394,Medium,3.82,60,8.5,1,17.8,0.743,This_Month,49.6,2,2,0,1,0
TDMS02395,Medium,3.95,57,28.1,1,47.9,0.68,This_Month,56.2,2,2,0,1,0
TDMS02396,Critical,5.03,20,24.5,1,40.5,0.641,Immediate,79.8,4,4,0,1,0
TDMS02397,Medium,3.31,60,15.2,1,27.5,0.621,This_Month,54.2,2,2,0,1,0
TDMS02398,High,4.33,40,4.8,2,26.7,0.73,This_Week,61.5,3,3,0,1,0
TDMS02399,Medium,3.79,60,27.9,2,46.3,0.865,This_Month,50.3,2,2,0,1,0
TDMS02400,Medium,3.64,60,13.9,0,40.6,0.754,This_Month,47.2,2,2,0,1,0
TDMS02401,Critical,4.71,20,13.3,1,32.8,0.703,Immediate,67.8,4,4,0,1,0
TDMS02402,High,5.04,40,24.8,5,35.5,0.855,This_Week,61.3,3,3,0,1,0
TDMS02403,Medium,3.75,0,15.8,1,35.7,0.663,Programmed,25.0,2,1,0,1,0
TDMS02404,High,4.64,40,7.0,1,38.9,0.748,This_Week,62.2,3,3,0,1,0
TDMS02405,Medium,3.61,60,20.2,4,29.5,0.662,This_Month,48.8,2,2,0,1,0
TDMS02406,High,5.46,40,6.1,2,38.6,0.841,This_Week,68.3,3,3,0,1,0
TDMS02407,Medium,3.73,55,14.9,2,35.1,0.773,This_Month,57.1,2,2,0,1,0
TDMS02408,Critical,3.96,20,16.9,2,41.5,0.752,Immediate,72.7,4,4,0,1,0
TDMS02409,High,3.46,40,14.8,6,36.3,0.701,This_Week,61.6,3,3,0,1,0
TDMS02410,High,4.26,40,5.8,1,52.2,0.719,This_Week,62.5,3,3,0,1,0
TDMS02411,High,4.02,40,17.7,2,40.9,0.843,This_Week,73.4,3,3,0,1,0
TDMS02412,Medium,3.51,9,8.5,2,42.1,0.959,Programmed,25.1,2,1,0,1,0
TDMS02413,High,3.76,40,12.6,1,54.1,0.645,This_Week,64.6,3,3,0,1,0
TDMS02414,Medium,3.54,60,13.1,0,36.4,0.64,This_Month,48.1,2,2,0,1,0
TDMS02415,Medium,3.43,60,22.7,0,25.8,0.662,This_Month,53.3,2,2,0,1,0
TDMS02416,Medium,3.86,60,28.0,3,34.9,0.619,This_Month,53.6,2,2,0,1,0
TDMS02417,Medium,4.74,60,26.8,1,28.0,0.605,This_Month,51.5,2,2,0,1,0
TDMS02418,High,3.89,40,24.3,6,70.8,0.765,This_Month,59.2,3,2,0,1,0
TDMS02419,Medium,3.44,60,6.1,1,44.6,0.749,This_Month,57.1,2,2,0,1,0
TDMS02420,Medium,4.7,60,16.5,2,28.2,0.901,Programmed,38.8,2,1,0,1,0
TDMS02421,Medium,3.92,28,12.2,1,26.8,0.548,Programmed,38.5,2,1,0,1,0
TDMS02422,High,3.53,40,29.2,2,24.3,0.737,This_Week,62.6,3,3,0,1,0
TDMS02423,Critical,4.75,20,2.1,1,67.6,0.646,Immediate,74.4,4,4,0,1,0
TDMS02424,Critical,5.16,20,25.4,1,50.4,0.719,Immediate,67.1,4,4,0,1,0
TDMS02425,Critical,5.84,20,5.3,3,60.8,0.89,Immediate,80.6,4,4,0,1,0
TDMS02426,Critical,4.75,20,7.7,3,72.3,0.821,Immediate,75.5,4,4,0,1,0
TDMS02427,Medium,3.75,60,1.2,2,70.6,0.868,This_Month,47.7,2,2,0,1,0
TDMS02428,High,4.65,40,28.9,5,35.6,0.808,This_Week,64.5,3,3,0,1,0
TDMS02429,High,4.6,40,3.6,1,36.4,0.746,This_Week,65.6,3,3,0,1,0
TDMS02430,Critical,6.1,20,30.0,5,50.7,0.821,Immediate,79.0,4,4,0,1,0
TDMS02431,Medium,2.71,60,2.6,1,40.1,0.663,This_Month,51.7,2,2,0,1,0
TDMS02432,Critical,5.57,4,13.6,0,46.8,0.906,Immediate,73.4,4,4,0,1,0
TDMS02433,Critical,4.71,20,25.3,1,60.0,0.793,Immediate,67.3,4,4,0,1,0
TDMS02434,Medium,3.96,2,8.2,1,31.2,0.813,Programmed,25.0,2,1,0,1,0
TDMS02435,High,2.82,40,12.6,2,40.9,0.772,This_Week,65.4,3,3,0,1,0
TDMS02436,Medium,4.31,60,20.1,2,49.3,0.761,This_Month,49.0,2,2,0,1,0
TDMS02437,Critical,5.02,20,26.2,4,40.9,0.722,Immediate,74.5,4,4,0,1,0
TDMS02438,High,3.43,40,25.0,0,34.1,0.748,This_Month,55.3,3,2,0,1,0
TDMS02439,High,3.81,40,22.9,1,33.4,0.614,This_Week,64.9,3,3,0,1,0
TDMS02440,High,4.32,40,5.8,3,47.2,0.84,This_Month,53.5,3,2,0,1,0
TDMS02441,Critical,5.83,20,16.4,2,57.2,0.712,Immediate,73.1,4,4,0,1,0
TDMS02442,Medium,3.82,60,3.9,3,53.0,0.734,This_Month,54.3,2,2,0,1,0
TDMS02443,Medium,3.82,23,28.4,2,46.9,0.693,Programmed,25.0,2,1,0,1,0
TDMS02444,Critical,4.62,20,7.1,3,71.4,0.909,Immediate,76.7,4,4,0,1,0
TDMS02445,Medium,3.84,60,1.2,0,60.8,0.651,This_Month,44.8,2,2,0,1,0
TDMS02446,Critical,6.08,20,2.8,2,85.0,0.83,Immediate,75.0,4,4,0,1,0
TDMS02447,High,5.4,40,18.1,0,58.8,0.747,This_Week,63.7,3,3,0,1,0
TDMS02448,Medium,3.55,60,3.7,3,51.7,0.663,This_Month,49.6,2,2,0,1,0
TDMS02449,Medium,3.13,0,20.1,1,46.7,0.74,Programmed,38.5,2,1,0,1,0
TDMS02450,Medium,4.11,60,11.5,3,66.4,0.879,This_Month,54.1,2,2,0,1,0
TDMS02451,Medium,3.69,60,17.5,0,42.9,0.708,This_Month,40.7,2,2,0,1,0
TDMS02452,Critical,4.68,20,20.5,3,38.8,0.938,Immediate,80.4,4,4,0,1,0
TDMS02453,Critical,5.34,20,12.2,0,44.3,0.811,Immediate,74.4,4,4,0,1,0
TDMS02454,Medium,3.65,0,28.8,2,26.1,0.774,Programmed,25.0,2,1,0,1,0
TDMS02455,Medium,3.18,60,19.0,1,22.9,0.675,This_Month,56.0,2,2,0,1,0
TDMS02456,Medium,3.55,60,28.4,3,20.0,0.769,This_Month,42.4,2,2,0,1,0
TDMS02457,High,3.53,40,1.4,2,43.8,0.849,This_Week,72.4,3,3,0,1,0
TDMS02458,Medium,4.75,60,16.9,3,62.7,0.868,This_Month,54.5,2,2,0,1,0
TDMS02459,High,4.12,40,22.4,3,40.2,0.826,This_Week,60.9,3,3,0,1,0
TDMS02460,Critical,5.26,16,27.9,1,48.9,0.794,Immediate,77.8,4,4,0,1,0
TDMS02461,Medium,2.78,60,21.5,1,32.1,0.629,This_Month,47.6,2,2,0,1,0
TDMS02462,High,5.91,40,8.6,3,37.5,0.784,This_Week,71.3,3,3,0,1,0
TDMS02463,High,3.66,40,17.0,4,39.3,0.62,This_Week,70.5,3,3,0,1,0
TDMS02464,Critical,5.04,20,8.3,2,37.3,0.802,Immediate,72.6,4,4,0,1,0
TDMS02465,High,4.01,40,12.4,1,77.3,0.76,This_Week,71.6,3,3,0,1,0
TDMS02466,Critical,4.02,20,15.6,1,46.0,0.782,Immediate,77.7,4,4,0,1,0
TDMS02467,Medium,3.75,60,10.3,1,21.2,0.537,This_Month,44.9,2,2,0,1,0
TDMS02468,Critical,5.24,20,15.0,5,91.9,0.776,Immediate,82.6,4,4,0,1,0
TDMS02469,High,5.57,32,16.6,1,37.5,0.67,This_Week,62.7,3,3,0,1,0
TDMS02470,Critical,4.58,20,22.3,5,61.9,0.607,Immediate,82.8,4,4,0,1,0
TDMS02471,High,4.66,40,15.9,3,26.3,0.702,This_Month,57.8,3,2,0,1,0
TDMS02472,Critical,5.71,20,24.7,3,84.4,0.904,Immediate,70.6,4,4,0,1,0
TDMS02473,Critical,5.34,20,19.3,4,58.6,0.722,Immediate,71.3,4,4,0,1,0
TDMS02474,High,4.32,40,3.6,1,35.0,0.762,This_Week,63.9,3,3,0,1,0
TDMS02475,High,5.02,40,1.2,1,54.8,0.578,This_Week,63.7,3,3,0,1,0
TDMS02476,High,4.69,40,10.4,0,25.2,0.803,This_Week,60.5,3,3,0,1,0
TDMS02477,Medium,4.39,60,14.8,0,32.8,0.608,This_Month,54.3,2,2,0,1,0
TDMS02478,Critical,3.79,20,19.5,3,41.0,0.661,Immediate,78.1,4,4,0,1,0
TDMS02479,Medium,3.98,60,10.9,1,23.6,0.65,This_Month,50.1,2,2,0,1,0
TDMS02480,High,4.74,40,7.0,3,56.6,0.755,This_Week,70.9,3,3,0,1,0
TDMS02481,Medium,3.3,60,13.0,2,48.7,0.728,This_Month,57.0,2,2,0,1,0
TDMS02482,Critical,6.23,20,6.7,0,33.6,0.651,Immediate,74.6,4,4,0,1,0
TDMS02483,Critical,4.85,20,21.8,2,49.9,0.846,Immediate,80.3,4,4,0,1,0
TDMS02484,High,4.26,40,28.9,3,30.8,0.697,This_Week,67.8,3,3,0,1,0
TDMS02485,High,4.24,40,7.0,3,35.4,0.678,This_Week,66.5,3,3,0,1,0
TDMS02486,Medium,3.44,0,10.8,4,29.1,0.89,Programmed,31.1,2,1,0,1,0
TDMS02487,High,4.31,40,24.5,2,53.3,0.69,This_Week,61.3,3,3,0,1,0
TDMS02488,Medium,3.58,60,24.8,2,47.8,0.823,This_Month,50.5,2,2,0,1,0
TDMS02489,Critical,4.1,20,9.4,1,46.2,0.572,Immediate,72.8,4,4,0,1,0
TDMS02490,High,4.34,40,5.1,0,27.5,0.636,This_Week,65.2,3,3,0,1,0
TDMS02491,High,3.81,15,24.0,3,42.9,0.923,This_Month,57.9,3,2,0,1,0
TDMS02492,Critical,3.7,20,25.1,6,90.4,0.76,Immediate,81.8,4,4,0,1,0
TDMS02493,Medium,3.8,60,15.4,2,55.6,0.746,This_Month,52.3,2,2,0,1,0
TDMS02494,Medium,3.91,60,14.4,1,36.7,0.655,This_Month,51.3,2,2,0,1,0
TDMS02495,High,3.78,40,19.9,1,36.9,0.656,This_Week,61.9,3,3,0,1,0
TDMS02496,Medium,3.71,46,2.3,3,40.3,0.855,This_Month,54.1,2,2,0,1,0
TDMS02497,High,3.61,40,28.5,0,55.0,0.699,This_Month,57.4,3,2,0,1,0
TDMS02498,Critical,5.03,20,17.7,3,38.9,0.807,Immediate,80.0,4,4,0,1,0
TDMS02499,Critical,4.17,20,23.6,6,42.3,0.856,Immediate,80.6,4,4,0,1,0
TDMS02500,Medium,3.31,60,22.3,2,36.8,0.742,This_Month,54.6,2,2,0,1,0
TDMS02501,Medium,4.12,60,15.1,1,76.1,0.665,This_Month,54.8,2,2,0,1,0
TDMS02502,Critical,5.47,20,14.2,0,62.9,0.77,Immediate,70.4,4,4,0,1,0
TDMS02503,Critical,4.65,20,14.7,1,70.6,0.767,Immediate,69.6,4,4,0,1,0
TDMS02504,Critical,5.96,20,25.0,1,48.4,0.645,Immediate,81.1,4,4,0,1,0
TDMS02505,Critical,5.18,20,15.0,3,78.3,0.796,Immediate,72.2,4,4,0,1,0
TDMS02506,Medium,3.22,60,3.7,2,68.7,0.715,This_Month,49.5,2,2,0,1,0
TDMS02507,Critical,6.26,20,14.7,0,62.2,0.645,Immediate,79.3,4,4,0,1,0
TDMS02508,Critical,5.87,20,6.5,2,40.7,0.778,Immediate,75.7,4,4,0,1,0
TDMS02509,High,3.85,40,26.9,4,71.0,0.779,This_Month,59.1,3,2,0,1,0
TDMS02510,Medium,4.31,60,3.8,0,25.9,0.568,This_Month,54.0,2,2,0,1,0
TDMS02511,Medium,3.53,60,26.8,2,46.1,0.776,This_Month,49.3,2,2,0,1,0
TDMS02512,Critical,5.66,20,4.7,0,45.4,0.52,Immediate,71.6,4,4,0,1,0
TDMS02513,Medium,2.93,60,12.7,1,64.9,0.652,This_Month,50.3,2,2,0,1,0
TDMS02514,Critical,3.92,20,25.0,6,63.4,0.799,Immediate,86.6,4,4,0,1,0
TDMS02515,Critical,5.14,20,10.4,0,69.9,0.696,Immediate,77.7,4,4,0,1,0
TDMS02516,Critical,4.12,0,15.3,0,48.4,0.839,Immediate,68.4,4,4,0,1,0
TDMS02517,Critical,5.44,20,18.2,2,69.2,0.886,Immediate,84.1,4,4,0,1,0
TDMS02518,Medium,3.4,60,22.5,1,61.5,0.709,This_Month,46.1,2,2,0,1,0
TDMS02519,High,3.7,40,1.6,0,30.2,0.735,This_Week,60.1,3,3,0,1,0
TDMS02520,Medium,2.94,60,8.4,1,46.4,0.696,This_Month,45.5,2,2,0,1,0
TDMS02521,High,4.59,40,29.0,2,27.6,0.848,This_Week,61.4,3,3,0,1,0
TDMS02522,High,3.6,0,12.0,0,39.0,0.74,This_Month,46.5,3,2,0,1,0
TDMS02523,High,4.94,40,28.1,2,39.5,0.805,This_Week,64.1,3,3,0,1,0
TDMS02524,Medium,2.74,31,14.5,3,27.6,0.783,Programmed,38.7,2,1,0,1,0
TDMS02525,Critical,4.89,20,26.1,2,93.3,0.771,Immediate,80.3,4,4,0,1,0
TDMS02526,Medium,3.24,60,5.3,1,49.8,0.611,This_Month,48.3,2,2,0,1,0
TDMS02527,Critical,4.43,20,19.3,6,58.3,0.829,Immediate,80.3,4,4,0,1,0
TDMS02528,Critical,5.0,20,13.7,5,87.4,0.75,Immediate,76.8,4,4,0,1,0
TDMS02529,High,4.72,40,18.0,1,37.7,0.719,This_Week,69.1,3,3,0,1,0
TDMS02530,Medium,3.96,60,9.7,3,32.8,0.696,This_Month,56.0,2,2,0,1,0
TDMS02531,Critical,5.12,20,23.0,1,54.0,0.509,Immediate,77.3,4,4,0,1,0
TDMS02532,High,4.94,40,11.2,4,35.0,0.814,This_Week,71.1,3,3,0,1,0
TDMS02533,Medium,4.1,0,4.1,1,28.4,0.69,Programmed,27.3,2,1,0,1,0
TDMS02534,Medium,4.13,60,13.4,2,31.3,0.776,This_Month,48.3,2,2,0,1,0
TDMS02535,Medium,3.64,60,4.1,1,30.4,0.658,This_Week,61.7,2,3,0,1,0
TDMS02536,High,3.57,40,18.6,2,54.8,0.864,This_Month,55.1,3,2,0,1,0
TDMS02537,High,4.49,40,7.9,1,49.5,0.542,This_Week,65.9,3,3,0,1,0
TDMS02538,High,4.83,0,27.9,3,67.6,0.82,This_Month,48.9,3,2,0,1,0
TDMS02539,Medium,4.06,60,7.2,1,22.2,0.696,This_Month,58.1,2,2,0,1,0
TDMS02540,Medium,4.4,60,12.9,3,16.5,0.676,This_Month,52.9,2,2,0,1,0
TDMS02541,High,3.46,40,18.9,5,33.5,0.611,This_Week,64.1,3,3,0,1,0
TDMS02542,Medium,3.5,57,21.1,2,29.3,0.714,This_Month,58.3,2,2,0,1,0
TDMS02543,High,3.46,40,25.0,2,39.6,0.845,This_Week,61.7,3,3,0,1,0
TDMS02544,Critical,5.11,20,15.2,1,46.2,0.77,Immediate,86.4,4,4,0,1,0
TDMS02545,Critical,5.58,9,26.6,6,51.1,0.912,Immediate,67.4,4,4,0,1,0
TDMS02546,High,3.21,40,28.3,3,34.2,0.719,This_Month,58.9,3,2,0,1,0
TDMS02547,Medium,3.96,60,25.4,1,31.8,0.602,This_Month,48.6,2,2,0,1,0
TDMS02548,Critical,4.31,20,6.4,2,41.6,0.634,Immediate,83.4,4,4,0,1,0
TDMS02549,Critical,4.6,20,11.2,1,89.7,0.642,Immediate,73.7,4,4,0,1,0
TDMS02550,Critical,5.38,20,24.0,2,66.6,0.878,Immediate,75.7,4,4,0,1,0
TDMS02551,Critical,5.6,20,7.9,2,69.3,0.675,Immediate,81.6,4,4,0,1,0
TDMS02552,Medium,3.2,60,8.3,1,32.8,0.777,This_Month,54.1,2,2,0,1,0
TDMS02553,Critical,3.78,20,15.1,1,48.0,0.682,Immediate,76.8,4,4,0,1,0
TDMS02554,Medium,3.81,60,28.9,3,24.3,0.741,This_Month,46.7,2,2,0,1,0
TDMS02555,Medium,4.57,60,26.9,2,59.7,0.824,This_Month,49.6,2,2,0,1,0
TDMS02556,Medium,3.77,60,17.2,1,55.4,0.54,This_Month,51.4,2,2,0,1,0
TDMS02557,High,3.22,40,13.3,1,47.4,0.714,This_Week,69.3,3,3,0,1,0
TDMS02558,High,4.54,40,20.5,1,36.5,0.5,This_Week,62.0,3,3,0,1,0
TDMS02559,Critical,3.97,20,12.5,4,49.9,0.751,Immediate,82.1,4,4,0,1,0
TDMS02560,High,4.77,10,13.5,2,32.8,0.843,This_Month,56.6,3,2,0,1,0
TDMS02561,Medium,4.26,60,24.0,4,37.3,0.819,This_Month,54.3,2,2,0,1,0
TDMS02562,Medium,2.91,60,26.5,5,22.0,0.709,This_Month,53.3,2,2,0,1,0
TDMS02563,Medium,3.36,60,18.9,3,29.9,0.722,This_Month,57.6,2,2,0,1,0
TDMS02564,Critical,6.3,20,21.1,1,64.1,0.65,Immediate,74.0,4,4,0,1,0
TDMS02565,Medium,1.87,60,20.4,4,46.2,0.805,This_Month,56.6,2,2,0,1,0
TDMS02566,High,4.6,40,16.2,4,37.3,0.869,This_Week,65.9,3,3,0,1,0
TDMS02567,Medium,3.46,60,4.2,2,25.1,0.668,This_Month,58.3,2,2,0,1,0
TDMS02568,High,6.07,40,29.3,1,44.2,0.795,This_Week,68.4,3,3,0,1,0
TDMS02569,High,4.15,40,22.0,3,38.0,0.661,This_Month,58.3,3,2,0,1,0
TDMS02570,High,4.5,40,12.2,6,32.4,0.809,This_Week,65.2,3,3,0,1,0
TDMS02571,Medium,2.99,49,8.3,1,21.3,0.641,This_Month,47.7,2,2,0,1,0
TDMS02572,Critical,5.22,20,28.3,6,94.6,0.909,Immediate,84.7,4,4,0,1,0
TDMS02573,Medium,3.05,37,24.0,3,31.8,0.813,This_Month,43.6,2,2,0,1,0
TDMS02574,Medium,4.63,60,21.5,2,36.8,0.811,This_Month,51.6,2,2,0,1,0
TDMS02575,High,3.48,40,8.5,2,59.9,0.773,This_Week,70.8,3,3,0,1,0
TDMS02576,Critical,5.18,20,21.0,1,84.7,0.577,Immediate,72.3,4,4,0,1,0
TDMS02577,Critical,4.78,20,9.0,2,45.2,0.709,Immediate,81.3,4,4,0,1,0
TDMS02578,Critical,4.27,20,27.3,3,55.6,0.595,Immediate,83.2,4,4,0,1,0
TDMS02579,Critical,5.29,20,5.3,1,42.9,0.689,Immediate,82.8,4,4,0,1,0
TDMS02580,Critical,5.09,20,7.9,1,43.4,0.754,Immediate,80.1,4,4,0,1,0
TDMS02581,Critical,5.0,17,29.8,3,76.4,0.854,Immediate,75.7,4,4,0,1,0
TDMS02582,High,4.54,40,4.2,1,64.9,0.728,This_Month,53.6,3,2,0,1,0
TDMS02583,Critical,4.5,20,17.4,3,44.8,0.884,Immediate,78.1,4,4,0,1,0
TDMS02584,Medium,3.55,60,3.3,1,41.7,0.641,This_Month,52.7,2,2,0,1,0
TDMS02585,High,5.52,40,22.7,1,40.8,0.677,This_Week,60.1,3,3,0,1,0
TDMS02586,Medium,3.15,60,5.4,1,45.4,0.66,This_Month,52.0,2,2,0,1,0
TDMS02587,High,4.01,40,19.1,2,74.4,0.724,This_Month,56.4,3,2,0,1,0
TDMS02588,High,4.94,40,25.9,3,57.2,0.611,This_Week,62.6,3,3,0,1,0
TDMS02589,Medium,3.52,60,24.4,1,18.8,0.718,This_Month,45.9,2,2,0,1,0
TDMS02590,Medium,3.86,60,28.3,3,53.0,0.759,This_Month,52.5,2,2,0,1,0
TDMS02591,Medium,2.93,60,17.4,2,38.9,0.717,This_Month,58.3,2,2,0,1,0
TDMS02592,High,5.26,40,20.2,1,32.5,0.616,This_Week,68.5,3,3,0,1,0
TDMS02593,Medium,3.92,1,14.8,4,24.4,0.96,Programmed,28.7,2,1,0,1,0
TDMS02594,High,4.71,40,27.3,4,42.4,0.754,This_Month,54.3,3,2,0,1,0
TDMS02595,Critical,5.73,20,4.7,1,72.6,0.717,Immediate,76.1,4,4,0,1,0
TDMS02596,Medium,3.42,60,7.6,1,48.1,0.669,This_Month,46.2,2,2,0,1,0
TDMS02597,High,3.75,40,7.1,3,41.4,0.715,This_Month,58.4,3,2,0,1,0
TDMS02598,High,3.39,40,18.8,1,44.3,0.761,This_Week,61.1,3,3,0,1,0
TDMS02599,Medium,3.42,60,20.6,3,28.4,0.885,This_Month,47.3,2,2,0,1,0
TDMS02600,Medium,3.92,60,26.4,5,36.7,0.662,This_Month,48.4,2,2,0,1,0
TDMS02601,Medium,2.84,60,17.1,1,58.2,0.784,This_Month,41.2,2,2,0,1,0
TDMS02602,Critical,4.46,20,15.2,1,70.9,0.649,Immediate,69.8,4,4,0,1,0
TDMS02603,High,5.26,19,4.6,2,68.3,0.842,This_Month,46.0,3,2,0,1,0
TDMS02604,Medium,3.49,60,2.8,0,55.8,0.744,Programmed,37.3,2,1,0,1,0
TDMS02605,High,4.72,40,18.3,0,67.5,0.704,This_Week,63.1,3,3,0,1,0
TDMS02606,High,4.59,0,9.9,1,20.1,0.703,This_Month,45.4,3,2,0,1,0
TDMS02607,High,3.79,40,12.0,3,63.0,0.844,This_Week,64.7,3,3,0,1,0
TDMS02608,Critical,4.71,20,16.9,1,42.6,0.658,Immediate,68.3,4,4,0,1,0
TDMS02609,Medium,3.66,60,9.2,4,52.0,0.789,This_Month,52.3,2,2,0,1,0
TDMS02610,Medium,3.9,54,20.4,6,52.1,0.823,This_Month,49.0,2,2,0,1,0
TDMS02611,High,4.43,40,28.6,1,33.2,0.627,This_Week,66.2,3,3,0,1,0
TDMS02612,Critical,4.85,0,27.5,3,63.0,0.915,Immediate,62.6,4,4,0,1,0
TDMS02613,High,3.53,40,18.0,4,34.8,0.829,This_Week,61.2,3,3,0,1,0
TDMS02614,Critical,5.25,20,6.2,1,33.9,0.801,Immediate,83.0,4,4,0,1,0
TDMS02615,Medium,4.34,2,7.5,1,28.5,0.808,Programmed,25.0,2,1,0,1,0
TDMS02616,Critical,4.33,20,4.4,2,65.4,0.878,Immediate,69.3,4,4,0,1,0
TDMS02617,Critical,4.57,20,4.8,1,40.7,0.637,Immediate,74.0,4,4,0,1,0
TDMS02618,High,3.68,40,10.1,0,33.3,0.705,This_Week,63.0,3,3,0,1,0
TDMS02619,Critical,5.05,20,14.5,0,85.3,0.657,Immediate,74.1,4,4,0,1,0
TDMS02620,High,3.52,40,12.8,3,60.6,0.844,This_Month,56.3,3,2,0,1,0
TDMS02621,High,4.73,11,16.0,0,48.2,0.734,This_Month,55.4,3,2,0,1,0
TDMS02622,Critical,4.82,20,21.5,2,63.4,0.848,Immediate,77.0,4,4,0,1,0
TDMS02623,Medium,3.95,60,4.9,2,32.0,0.801,This_Month,53.0,2,2,0,1,0
TDMS02624,High,3.77,40,13.6,3,27.4,0.692,This_Week,62.7,3,3,0,1,0
TDMS02625,Medium,3.64,60,25.6,2,29.0,0.913,This_Month,55.3,2,2,0,1,0
TDMS02626,Critical,5.45,20,1.7,1,43.2,0.534,Immediate,68.7,4,4,0,1,0
TDMS02627,High,4.09,40,11.6,4,43.1,0.731,This_Week,70.3,3,3,0,1,0
TDMS02628,Critical,3.45,20,8.8,1,67.0,0.599,Immediate,73.4,4,4,0,1,0
TDMS02629,Medium,3.7,60,1.4,0,30.9,0.636,This_Month,56.8,2,2,0,1,0
TDMS02630,Critical,4.34,20,15.9,2,84.4,0.873,Immediate,65.6,4,4,0,1,0
TDMS02631,Medium,3.33,60,25.5,2,52.0,0.767,This_Month,49.2,2,2,0,1,0
TDMS02632,High,3.82,40,26.5,1,45.3,0.672,This_Month,58.4,3,2,0,1,0
TDMS02633,Medium,3.47,60,22.0,2,19.8,0.828,This_Month,50.3,2,2,0,1,0
TDMS02634,High,4.64,0,21.0,3,60.2,0.798,This_Month,52.9,3,2,0,1,0
TDMS02635,High,4.89,40,13.7,4,32.7,0.839,This_Week,65.9,3,3,0,1,0
TDMS02636,High,4.9,40,4.7,1,58.5,0.723,This_Week,60.4,3,3,0,1,0
TDMS02637,Critical,5.05,20,1.4,3,67.7,0.671,Immediate,74.7,4,4,0,1,0
TDMS02638,Medium,4.75,60,27.3,2,31.1,0.666,This_Month,56.9,2,2,0,1,0
TDMS02639,Critical,5.67,20,19.8,2,70.9,0.661,Immediate,73.2,4,4,0,1,0
TDMS02640,Medium,3.16,60,8.1,1,34.3,0.767,This_Month,51.0,2,2,0,1,0
TDMS02641,Critical,5.05,20,29.9,3,46.1,0.88,Immediate,73.0,4,4,0,1,0
TDMS02642,Medium,3.98,60,5.3,0,35.8,0.695,This_Month,52.3,2,2,0,1,0
TDMS02643,Critical,3.91,20,12.1,3,43.2,0.837,Immediate,82.2,4,4,0,1,0
TDMS02644,High,5.28,40,24.3,1,38.8,0.702,This_Week,65.8,3,3,0,1,0
TDMS02645,Medium,3.94,60,25.7,3,34.8,0.912,This_Month,49.1,2,2,0,1,0
TDMS02646,Critical,4.51,20,4.3,3,45.5,0.617,Immediate,83.6,4,4,0,1,0
TDMS02647,High,4.35,40,15.5,2,30.0,0.837,This_Month,55.9,3,2,0,1,0
TDMS02648,Critical,5.89,20,2.3,1,29.9,0.73,Immediate,68.6,4,4,0,1,0
TDMS02649,Critical,5.38,20,14.0,2,39.3,0.74,Immediate,76.2,4,4,0,1,0
TDMS02650,Medium,3.05,60,27.4,2,23.5,0.699,This_Month,54.8,2,2,0,1,0
TDMS02651,Critical,4.64,20,19.3,2,41.1,0.891,Immediate,82.3,4,4,0,1,0
TDMS02652,Critical,5.8,20,24.2,3,45.3,0.744,Immediate,78.1,4,4,0,1,0
TDMS02653,Medium,2.68,60,16.1,2,42.3,0.745,This_Month,46.7,2,2,0,1,0
TDMS02654,Medium,4.41,60,7.5,1,34.1,0.626,This_Month,55.1,2,2,0,1,0
TDMS02655,Critical,5.87,20,1.0,1,41.3,0.521,Immediate,77.2,4,4,0,1,0
TDMS02656,Critical,4.41,20,15.1,2,71.3,0.74,Immediate,72.1,4,4,0,1,0
TDMS02657,Medium,3.96,60,5.3,0,29.2,0.621,This_Month,44.1,2,2,0,1,0
TDMS02658,Medium,2.95,60,20.9,1,47.5,0.695,This_Month,41.3,2,2,0,1,0
TDMS02659,Medium,4.12,60,16.7,2,30.0,0.854,This_Month,47.6,2,2,0,1,0
TDMS02660,Medium,4.19,60,6.4,0,35.9,0.675,This_Month,41.0,2,2,0,1,0
TDMS02661,High,4.57,40,6.2,0,51.5,0.771,This_Week,60.7,3,3,0,1,0
TDMS02662,Medium,3.53,60,8.7,3,43.8,0.766,This_Month,45.6,2,2,0,1,0
TDMS02663,Critical,4.92,13,7.9,0,42.8,0.848,Immediate,72.9,4,4,0,1,0
TDMS02664,Critical,4.34,20,10.6,4,71.8,0.829,Immediate,79.3,4,4,0,1,0
TDMS02665,High,4.58,40,10.9,1,36.4,0.548,This_Week,67.6,3,3,0,1,0
TDMS02666,Critical,5.31,20,3.2,2,88.3,0.845,Immediate,82.1,4,4,0,1,0
TDMS02667,Critical,4.92,20,10.5,2,92.4,0.748,Immediate,78.8,4,4,0,1,0
TDMS02668,High,5.49,40,15.0,2,32.1,0.793,This_Week,61.9,3,3,0,1,0
TDMS02669,High,4.85,40,16.6,2,31.3,0.722,This_Week,62.8,3,3,0,1,0
TDMS02670,High,5.19,40,26.2,3,51.5,0.633,This_Week,60.1,3,3,0,1,0
TDMS02671,High,4.23,40,17.8,0,41.2,0.593,This_Month,58.6,3,2,0,1,0
TDMS02672,High,4.61,40,9.9,2,39.9,0.579,This_Week,64.5,3,3,0,1,0
TDMS02673,Medium,4.52,60,26.0,1,44.1,0.719,This_Month,48.7,2,2,0,1,0
TDMS02674,High,3.46,40,28.6,2,62.2,0.761,This_Week,68.1,3,3,0,1,0
TDMS02675,Medium,3.37,60,17.5,1,39.0,0.655,This_Month,42.6,2,2,0,1,0
TDMS02676,Critical,6.5,20,10.8,0,40.4,0.649,Immediate,79.0,4,4,0,1,0
TDMS02677,Critical,4.77,20,10.2,0,72.7,0.668,Immediate,69.1,4,4,0,1,0
TDMS02678,High,4.29,40,7.1,2,59.4,0.856,This_Week,64.9,3,3,0,1,0
TDMS02679,Critical,5.19,20,12.9,3,49.5,0.833,Immediate,73.7,4,4,0,1,0
TDMS02680,Medium,4.13,60,29.2,2,12.8,0.58,This_Month,54.0,2,2,0,1,0
TDMS02681,Medium,2.63,60,25.1,1,44.8,0.752,This_Month,49.6,2,2,0,1,0
TDMS02682,Critical,6.08,20,7.3,3,51.8,0.805,Immediate,79.1,4,4,0,1,0
TDMS02683,High,3.52,40,19.7,0,41.4,0.702,This_Week,71.8,3,3,0,1,0
TDMS02684,Medium,3.28,60,12.4,2,16.6,0.823,This_Month,52.7,2,2,0,1,0
TDMS02685,Medium,4.45,60,5.3,2,25.5,0.723,This_Month,49.1,2,2,0,1,0
TDMS02686,Medium,3.48,60,26.6,2,48.7,0.825,This_Month,53.9,2,2,0,1,0
TDMS02687,Critical,4.91,20,7.9,1,37.5,0.612,Immediate,71.5,4,4,0,1,0
TDMS02688,Medium,3.19,60,11.6,2,51.2,0.841,This_Month,50.0,2,2,0,1,0
TDMS02689,Medium,3.31,60,12.8,2,24.6,0.779,This_Month,45.6,2,2,0,1,0
TDMS02690,Medium,4.37,60,29.9,2,71.9,0.855,This_Month,50.6,2,2,0,1,0
TDMS02691,Critical,6.35,20,29.8,2,42.2,0.722,Immediate,80.8,4,4,0,1,0
TDMS02692,Critical,5.17,20,16.9,1,46.5,0.564,Immediate,81.4,4,4,0,1,0
TDMS02693,Critical,4.73,20,15.4,2,34.9,0.7,Immediate,71.6,4,4,0,1,0
TDMS02694,Critical,4.57,20,4.4,2,63.9,0.798,Immediate,82.1,4,4,0,1,0
TDMS02695,Critical,5.61,20,21.8,3,30.6,0.809,Immediate,68.5,4,4,0,1,0
TDMS02696,Medium,2.81,60,30.0,7,30.3,0.902,This_Month,49.2,2,2,0,1,0
TDMS02697,High,4.81,40,24.4,2,28.6,0.821,This_Week,72.4,3,3,0,1,0
TDMS02698,High,3.25,40,10.6,1,35.0,0.749,This_Week,71.4,3,3,0,1,0
TDMS02699,High,4.15,40,11.4,2,70.8,0.777,This_Week,63.3,3,3,0,1,0
TDMS02700,Critical,5.3,20,27.5,4,49.4,0.873,Immediate,83.3,4,4,0,1,0
TDMS02701,Medium,3.82,60,1.4,1,50.4,0.523,This_Month,51.3,2,2,0,1,0
TDMS02702,High,3.73,40,21.5,1,46.8,0.81,This_Week,60.0,3,3,0,1,0
TDMS02703,Medium,3.96,60,21.5,4,50.9,0.753,This_Month,50.6,2,2,0,1,0
TDMS02704,Critical,4.11,20,4.6,4,39.0,0.877,Immediate,83.8,4,4,0,1,0
TDMS02705,Critical,6.35,20,21.5,4,76.2,0.722,Immediate,78.4,4,4,0,1,0
TDMS02706,Critical,6.5,20,4.0,2,60.2,0.841,Immediate,76.1,4,4,0,1,0
TDMS02707,Critical,5.46,20,15.6,1,39.8,0.553,Immediate,87.2,4,4,0,1,0
TDMS02708,Medium,3.55,60,13.9,4,64.8,0.761,This_Month,49.2,2,2,0,1,0
TDMS02709,High,3.49,40,25.4,0,29.8,0.786,This_Week,68.9,3,3,0,1,0
TDMS02710,High,4.11,40,13.0,1,35.1,0.668,This_Week,68.7,3,3,0,1,0
TDMS02711,High,4.45,40,18.0,1,56.3,0.61,This_Week,63.5,3,3,0,1,0
TDMS02712,High,4.59,40,29.2,0,52.4,0.761,This_Week,70.4,3,3,0,1,0
TDMS02713,Critical,5.07,20,1.7,1,35.0,0.669,Immediate,77.4,4,4,0,1,0
TDMS02714,High,4.15,40,15.2,2,28.1,0.623,This_Week,66.2,3,3,0,1,0
TDMS02715,Medium,3.24,60,9.2,2,22.9,0.68,This_Month,57.7,2,2,0,1,0
TDMS02716,Critical,4.74,20,19.1,0,77.3,0.653,Immediate,73.3,4,4,0,1,0
TDMS02717,High,4.58,40,13.6,2,59.6,0.698,This_Week,62.4,3,3,0,1,0
TDMS02718,High,4.83,0,24.1,2,58.9,0.736,This_Month,45.9,3,2,0,1,0
TDMS02719,Medium,3.63,60,9.3,3,22.5,0.741,This_Month,53.2,2,2,0,1,0
TDMS02720,High,5.4,40,11.2,1,33.3,0.731,This_Week,63.8,3,3,0,1,0
TDMS02721,Medium,3.39,60,7.1,3,44.3,0.768,This_Month,50.6,2,2,0,1,0
TDMS02722,Critical,5.04,20,16.7,6,73.4,0.746,Immediate,73.9,4,4,0,1,0
TDMS02723,High,4.3,40,1.8,2,59.4,0.708,This_Week,68.5,3,3,0,1,0
TDMS02724,Medium,3.71,0,22.2,4,21.2,0.833,Programmed,33.4,2,1,0,1,0
TDMS02725,Medium,4.43,60,16.2,2,75.0,0.709,This_Month,51.7,2,2,0,1,0
TDMS02726,High,3.88,5,2.6,1,33.5,0.764,This_Month,48.8,3,2,0,1,0
TDMS02727,High,4.17,40,19.9,6,62.0,0.887,This_Week,70.4,3,3,0,1,0
TDMS02728,Critical,5.13,20,8.4,3,91.6,0.837,Immediate,81.9,4,4,0,1,0
TDMS02729,Medium,3.5,60,1.9,0,37.9,0.654,This_Month,49.0,2,2,0,1,0
TDMS02730,Medium,4.05,8,29.7,1,41.5,0.786,Programmed,34.5,2,1,0,1,0
TDMS02731,Medium,3.1,60,16.2,3,48.9,0.647,This_Month,43.3,2,2,0,1,0
TDMS02732,Critical,4.41,20,22.8,1,62.9,0.694,Immediate,83.4,4,4,0,1,0
TDMS02733,Medium,2.99,60,9.8,0,48.3,0.602,This_Month,44.9,2,2,0,1,0
TDMS02734,High,4.59,40,6.1,2,32.7,0.794,This_Week,63.3,3,3,0,1,0
TDMS02735,Medium,3.84,60,19.6,0,28.9,0.5,This_Month,47.7,2,2,0,1,0
TDMS02736,Medium,2.76,2,4.3,2,24.8,0.889,Programmed,34.0,2,1,0,1,0
TDMS02737,Critical,4.59,20,12.6,3,37.9,0.738,Immediate,79.4,4,4,0,1,0
TDMS02738,Medium,4.74,60,6.4,1,30.4,0.653,This_Month,45.7,2,2,0,1,0
TDMS02739,Medium,2.8,60,16.6,2,27.5,0.822,This_Month,51.6,2,2,0,1,0
TDMS02740,High,3.77,40,10.0,2,55.2,0.679,This_Week,67.5,3,3,0,1,0
TDMS02741,High,4.55,40,1.0,0,59.0,0.671,This_Week,60.6,3,3,0,1,0
TDMS02742,Medium,3.44,5,25.3,5,31.9,0.695,Programmed,36.7,2,1,0,1,0
TDMS02743,Critical,6.34,20,26.1,4,48.3,0.757,Immediate,88.5,4,4,0,1,0
TDMS02744,High,4.69,40,1.6,1,32.0,0.688,This_Week,72.1,3,3,0,1,0
TDMS02745,High,3.78,40,13.0,2,38.6,0.849,This_Week,63.1,3,3,0,1,0
TDMS02746,Medium,3.46,60,29.0,2,27.1,0.626,This_Month,48.5,2,2,0,1,0
TDMS02747,Critical,4.71,20,23.1,4,59.9,0.733,Immediate,79.5,4,4,0,1,0
TDMS02748,Critical,5.35,20,24.6,4,37.8,0.926,Immediate,68.8,4,4,0,1,0
TDMS02749,High,4.84,40,14.9,2,38.3,0.692,This_Week,66.5,3,3,0,1,0
TDMS02750,Critical,5.53,20,24.2,2,62.0,0.639,Immediate,74.0,4,4,0,1,0
TDMS02751,Critical,4.42,20,24.0,3,27.9,0.748,Immediate,71.8,4,4,0,1,0
TDMS02752,Medium,4.02,60,6.4,1,54.7,0.616,This_Month,50.1,2,2,0,1,0
TDMS02753,Critical,5.13,16,17.5,1,48.9,0.898,Immediate,72.3,4,4,0,1,0
TDMS02754,Critical,3.74,20,29.9,1,65.4,0.614,Immediate,83.4,4,4,0,1,0
TDMS02755,Critical,5.37,20,12.9,4,40.4,0.698,Immediate,78.2,4,4,0,1,0
TDMS02756,Medium,3.29,60,27.9,3,45.7,0.751,This_Month,49.0,2,2,0,1,0
TDMS02757,Critical,4.7,3,4.3,0,46.1,0.934,Immediate,71.5,4,4,0,1,0
TDMS02758,Medium,3.35,60,18.4,2,66.8,0.76,This_Month,54.9,2,2,0,1,0
TDMS02759,High,4.77,39,28.2,1,41.2,0.716,This_Week,63.2,3,3,0,1,0
TDMS02760,Critical,6.2,1,19.6,5,98.0,0.918,Immediate,72.1,4,4,0,1,0
TDMS02761,High,4.35,40,3.9,0,68.4,0.59,This_Week,73.3,3,3,0,1,0
TDMS02762,Medium,3.51,60,6.8,2,24.8,0.775,This_Month,53.5,2,2,0,1,0
TDMS02763,Critical,5.49,5,8.7,1,80.1,0.927,Immediate,73.7,4,4,0,1,0
TDMS02764,Medium,3.7,9,26.7,5,21.7,0.858,Programmed,31.7,2,1,0,1,0
TDMS02765,Critical,4.88,20,26.4,2,37.8,0.651,Immediate,89.0,4,4,0,1,0
TDMS02766,Medium,3.45,60,17.7,3,23.5,0.725,This_Month,58.5,2,2,0,1,0
TDMS02767,High,4.25,40,3.8,1,62.9,0.61,This_Week,63.5,3,3,0,1,0
TDMS02768,High,4.36,40,2.9,0,33.0,0.686,This_Month,54.7,3,2,0,1,0
TDMS02769,High,4.35,20,3.8,1,45.5,0.767,This_Month,45.8,3,2,0,1,0
TDMS02770,Medium,3.22,26,26.0,0,52.2,0.715,This_Month,45.4,2,2,0,1,0
TDMS02771,Critical,4.31,20,26.7,3,65.2,0.849,Immediate,77.5,4,4,0,1,0
TDMS02772,Critical,5.71,20,16.3,3,45.9,0.831,Immediate,76.9,4,4,0,1,0
TDMS02773,Critical,5.27,20,15.8,0,62.5,0.748,Immediate,72.4,4,4,0,1,0
TDMS02774,Medium,4.65,60,12.9,2,48.7,0.891,This_Month,45.0,2,2,0,1,0
TDMS02775,Critical,6.36,20,12.5,2,57.5,0.75,Immediate,73.8,4,4,0,1,0
TDMS02776,High,4.96,40,18.6,0,36.7,0.593,This_Week,65.3,3,3,0,1,0
TDMS02777,Medium,4.19,60,15.2,1,48.1,0.754,This_Month,43.2,2,2,0,1,0
TDMS02778,Critical,4.84,20,19.2,1,42.4,0.611,Immediate,72.2,4,4,0,1,0
TDMS02779,Medium,3.17,60,18.2,1,24.7,0.792,This_Month,45.1,2,2,0,1,0
TDMS02780,Critical,5.52,5,9.7,3,51.7,0.816,Immediate,67.9,4,4,0,1,0
TDMS02781,Medium,3.47,60,27.4,2,58.0,0.702,This_Month,55.6,2,2,0,1,0
TDMS02782,Medium,3.57,60,12.8,1,40.8,0.612,This_Month,51.0,2,2,0,1,0
TDMS02783,High,3.44,40,17.6,2,61.5,0.812,This_Week,65.7,3,3,0,1,0
TDMS02784,Medium,3.51,60,7.5,2,46.2,0.886,This_Month,52.9,2,2,0,1,0
TDMS02785,Medium,3.91,0,26.4,3,26.1,0.743,Programmed,36.1,2,1,0,1,0
TDMS02786,High,5.24,15,24.0,2,48.7,0.806,This_Month,48.0,3,2,0,1,0
TDMS02787,Critical,5.12,20,3.6,1,88.7,0.5,Immediate,73.8,4,4,0,1,0
TDMS02788,Medium,3.5,60,4.5,0,56.2,0.795,This_Month,42.2,2,2,0,1,0
TDMS02789,Medium,3.38,60,14.4,2,58.2,0.649,This_Month,50.2,2,2,0,1,0
TDMS02790,High,3.85,5,3.1,3,64.0,0.847,This_Month,57.4,3,2,0,1,0
TDMS02791,High,4.88,40,14.1,0,68.4,0.675,This_Week,61.6,3,3,0,1,0
TDMS02792,High,4.95,40,12.7,2,29.6,0.749,This_Week,63.0,3,3,0,1,0
TDMS02793,Critical,4.66,20,25.9,3,55.7,0.916,Immediate,75.3,4,4,0,1,0
TDMS02794,Critical,4.85,20,7.9,4,93.2,0.772,Immediate,75.1,4,4,0,1,0
TDMS02795,Medium,3.89,60,4.2,1,30.4,0.671,This_Month,47.6,2,2,0,1,0
TDMS02796,Medium,3.17,60,23.2,3,23.0,0.783,This_Month,45.5,2,2,0,1,0
TDMS02797,Medium,4.01,60,26.2,1,70.2,0.623,This_Month,50.7,2,2,0,1,0
TDMS02798,High,4.5,40,26.0,6,43.9,0.863,This_Week,63.7,3,3,0,1,0
TDMS02799,Medium,3.53,60,9.0,2,55.4,0.861,This_Month,53.8,2,2,0,1,0
TDMS02800,High,5.35,40,21.2,1,31.1,0.751,This_Week,64.4,3,3,0,1,0
TDMS02801,Critical,4.07,20,14.2,0,38.0,0.695,Immediate,80.1,4,4,0,1,0
TDMS02802,Critical,4.56,20,13.8,2,69.2,0.758,Immediate,71.0,4,4,0,1,0
TDMS02803,Medium,3.35,60,3.1,2,42.8,0.734,This_Month,51.9,2,2,0,1,0
TDMS02804,Critical,4.19,20,26.4,2,57.7,0.899,Immediate,75.0,4,4,0,1,0
TDMS02805,Medium,2.79,60,4.5,1,24.4,0.643,This_Month,44.0,2,2,0,1,0
TDMS02806,High,3.48,40,7.0,0,64.5,0.683,This_Week,67.6,3,3,0,1,0
TDMS02807,Medium,3.35,0,15.7,3,33.7,0.943,Programmed,26.8,2,1,0,1,0
TDMS02808,Medium,3.48,60,26.9,0,47.9,0.52,This_Month,43.2,2,2,0,1,0
TDMS02809,High,4.58,40,20.2,1,29.6,0.748,This_Month,57.0,3,2,0,1,0
TDMS02810,Critical,4.26,20,2.3,1,44.7,0.685,Immediate,66.4,4,4,0,1,0
TDMS02811,Medium,4.37,60,16.5,2,79.8,0.679,This_Month,42.2,2,2,0,1,0
TDMS02812,High,4.17,3,28.0,3,42.7,0.888,This_Month,53.0,3,2,0,1,0
TDMS02813,Medium,3.53,60,3.0,1,72.4,0.553,This_Month,52.8,2,2,0,1,0
TDMS02814,Critical,5.14,20,12.1,1,65.8,0.725,Immediate,72.9,4,4,0,1,0
TDMS02815,Critical,4.32,20,24.7,2,43.1,0.687,Immediate,71.6,4,4,0,1,0
TDMS02816,High,4.97,40,2.3,2,55.7,0.828,This_Week,64.6,3,3,0,1,0
TDMS02817,Medium,4.33,60,4.9,1,31.3,0.731,This_Month,42.6,2,2,0,1,0
TDMS02818,High,4.5,40,12.0,3,55.0,0.735,This_Month,58.8,3,2,0,1,0
TDMS02819,High,4.62,40,1.4,0,30.1,0.645,This_Week,64.5,3,3,0,1,0
TDMS02820,Medium,4.27,60,5.5,2,27.7,0.768,This_Month,50.6,2,2,0,1,0
TDMS02821,High,4.2,40,1.4,1,70.6,0.805,This_Week,68.3,3,3,0,1,0
TDMS02822,Medium,3.68,60,29.2,1,26.4,0.637,This_Month,42.6,2,2,0,1,0
TDMS02823,Medium,3.81,60,24.6,4,70.6,0.786,This_Month,41.3,2,2,0,1,0
TDMS02824,Critical,5.7,20,19.2,3,74.5,0.764,Immediate,73.0,4,4,0,1,0
TDMS02825,Medium,3.27,34,21.7,2,25.5,0.777,This_Month,43.4,2,2,0,1,0
TDMS02826,Critical,6.11,20,1.5,3,36.3,0.771,Immediate,75.8,4,4,0,1,0
TDMS02827,Critical,5.65,20,20.4,2,62.4,0.804,Immediate,73.3,4,4,0,1,0
TDMS02828,High,4.65,35,25.4,0,34.7,0.625,This_Month,54.3,3,2,0,1,0
TDMS02829,Critical,5.93,20,6.1,2,76.6,0.947,Immediate,68.9,4,4,0,1,0
TDMS02830,Critical,4.29,20,17.0,3,62.8,0.757,Immediate,82.1,4,4,0,1,0
TDMS02831,Medium,4.37,60,4.4,1,32.8,0.673,This_Month,55.2,2,2,0,1,0
TDMS02832,Medium,3.61,60,10.6,0,39.8,0.654,This_Month,53.1,2,2,0,1,0
TDMS02833,Critical,5.11,20,22.1,2,56.1,0.773,Immediate,72.9,4,4,0,1,0
TDMS02834,Medium,2.76,60,15.3,2,42.2,0.783,This_Month,47.3,2,2,0,1,0
TDMS02835,Critical,4.39,20,12.2,3,37.2,0.765,Immediate,73.2,4,4,0,1,0
TDMS02836,Medium,4.9,59,21.7,4,41.9,0.732,This_Month,52.6,2,2,0,1,0
TDMS02837,Medium,3.88,60,22.5,3,28.5,0.858,This_Month,50.5,2,2,0,1,0
TDMS02838,High,4.93,40,6.6,1,48.3,0.603,This_Week,62.3,3,3,0,1,0
TDMS02839,Medium,3.44,60,26.7,0,26.2,0.661,This_Month,56.2,2,2,0,1,0
TDMS02840,Critical,5.9,20,28.1,1,60.2,0.674,Immediate,81.5,4,4,0,1,0
TDMS02841,High,4.74,40,14.5,4,64.7,0.824,This_Week,60.5,3,3,0,1,0
TDMS02842,Critical,5.03,0,5.9,0,85.6,0.65,Immediate,72.0,4,4,0,1,0
TDMS02843,High,4.34,40,27.4,5,47.8,0.74,This_Week,63.0,3,3,0,1,0
TDMS02844,Critical,4.18,20,12.1,2,53.7,0.822,Immediate,73.2,4,4,0,1,0
TDMS02845,Medium,3.46,60,27.9,5,24.8,0.683,This_Month,58.1,2,2,0,1,0
TDMS02846,High,4.11,40,29.1,2,68.8,0.713,This_Week,66.0,3,3,0,1,0
TDMS02847,High,4.61,40,27.0,5,31.1,0.837,This_Week,66.0,3,3,0,1,0
TDMS02848,High,4.52,37,12.3,0,46.5,0.712,This_Month,56.7,3,2,0,1,0
TDMS02849,Critical,5.53,20,23.3,0,65.4,0.577,Immediate,76.3,4,4,0,1,0
TDMS02850,Medium,4.42,60,10.7,3,54.2,0.82,This_Month,58.4,2,2,0,1,0
TDMS02851,Critical,4.98,20,9.7,3,88.1,0.754,Immediate,85.2,4,4,0,1,0
TDMS02852,Medium,4.07,60,13.9,2,38.8,0.711,This_Month,56.0,2,2,0,1,0
TDMS02853,Medium,3.54,60,19.8,1,23.5,0.694,This_Month,55.7,2,2,0,1,0
TDMS02854,Medium,3.72,60,1.1,2,60.2,0.857,This_Month,44.9,2,2,0,1,0
TDMS02855,Medium,3.62,60,14.2,2,29.6,0.687,This_Month,50.2,2,2,0,1,0
TDMS02856,Medium,4.64,28,10.1,4,46.0,0.884,This_Month,40.8,2,2,0,1,0
TDMS02857,Critical,5.41,20,11.2,0,36.8,0.668,Immediate,73.3,4,4,0,1,0
TDMS02858,Medium,4.63,60,1.8,2,24.9,0.912,This_Month,57.0,2,2,0,1,0
TDMS02859,Critical,3.79,20,17.9,2,24.2,0.75,Immediate,72.3,4,4,0,1,0
TDMS02860,High,5.41,25,23.4,4,88.1,0.743,This_Month,59.0,3,2,0,1,0
TDMS02861,Medium,3.0,60,24.5,5,31.7,0.817,This_Month,50.8,2,2,0,1,0
TDMS02862,High,5.61,40,6.3,2,65.2,0.792,This_Month,52.9,3,2,0,1,0
TDMS02863,High,5.2,40,29.6,4,49.5,0.866,Immediate,75.2,3,4,0,1,0
TDMS02864,Medium,3.63,0,18.6,7,36.2,0.921,Programmed,32.7,2,1,0,1,0
TDMS02865,Medium,3.24,60,1.5,2,74.1,0.871,This_Month,57.1,2,2,0,1,0
TDMS02866,Medium,2.97,60,1.7,1,51.7,0.723,This_Month,52.4,2,2,0,1,0
TDMS02867,Medium,5.12,60,6.2,4,46.2,0.903,This_Month,54.8,2,2,0,1,0
TDMS02868,Medium,3.57,60,25.3,4,28.0,0.737,This_Month,50.4,2,2,0,1,0
TDMS02869,High,4.72,40,23.5,1,75.4,0.687,This_Week,60.0,3,3,0,1,0
TDMS02870,Critical,4.57,20,16.6,2,37.7,0.705,Immediate,78.4,4,4,0,1,0
TDMS02871,Medium,3.15,4,29.4,3,41.2,0.817,Programmed,30.5,2,1,0,1,0
TDMS02872,Critical,4.27,20,15.4,3,53.9,0.782,Immediate,73.8,4,4,0,1,0
TDMS02873,Critical,4.92,20,24.4,4,44.3,0.919,Immediate,82.2,4,4,0,1,0
TDMS02874,Medium,3.53,0,24.3,4,24.1,0.9,Programmed,26.1,2,1,0,1,0
TDMS02875,Medium,3.96,60,8.9,2,33.7,0.767,This_Month,47.0,2,2,0,1,0
TDMS02876,Medium,2.78,32,23.1,5,55.4,0.769,This_Month,47.3,2,2,0,1,0
TDMS02877,Medium,3.87,60,21.1,6,26.7,0.792,This_Month,51.7,2,2,0,1,0
TDMS02878,Medium,3.75,60,5.2,1,56.0,0.795,This_Month,55.2,2,2,0,1,0
TDMS02879,Medium,4.07,60,24.4,0,17.2,0.769,This_Month,45.8,2,2,0,1,0
TDMS02880,Medium,3.42,60,19.7,4,41.3,0.89,This_Month,51.4,2,2,0,1,0
TDMS02881,Medium,3.63,55,4.6,2,16.2,0.849,This_Month,52.5,2,2,0,1,0
TDMS02882,Critical,5.48,20,24.0,4,82.7,0.804,Immediate,69.4,4,4,0,1,0
TDMS02883,Critical,4.55,20,15.8,1,64.7,0.54,Immediate,79.8,4,4,0,1,0
TDMS02884,High,3.62,40,27.1,5,47.1,0.738,This_Week,68.2,3,3,0,1,0
TDMS02885,Critical,5.59,20,17.2,2,68.3,0.814,Immediate,78.9,4,4,0,1,0
TDMS02886,Critical,5.4,20,23.4,2,61.8,0.845,Immediate,82.1,4,4,0,1,0
TDMS02887,Medium,2.91,60,3.3,3,29.9,0.641,This_Month,57.2,2,2,0,1,0
TDMS02888,Medium,3.71,60,10.4,1,15.1,0.72,This_Month,53.4,2,2,0,1,0
TDMS02889,Medium,3.73,60,6.2,1,81.4,0.732,This_Month,50.0,2,2,0,1,0
TDMS02890,High,4.44,40,9.0,4,58.9,0.789,This_Week,66.6,3,3,0,1,0
TDMS02891,Critical,5.04,20,3.8,1,50.5,0.645,Immediate,77.4,4,4,0,1,0
TDMS02892,Critical,5.28,20,29.3,9,72.5,0.73,Immediate,79.9,4,4,0,1,0
TDMS02893,Medium,4.1,0,6.8,1,53.0,0.715,Programmed,25.5,2,1,0,1,0
TDMS02894,Critical,3.84,20,25.7,4,39.6,0.847,Immediate,74.8,4,4,0,1,0
TDMS02895,High,4.53,22,25.5,1,43.3,0.622,This_Month,59.4,3,2,0,1,0
TDMS02896,High,4.86,40,29.2,3,33.8,0.77,This_Week,61.5,3,3,0,1,0
TDMS02897,High,3.4,40,21.9,2,55.4,0.788,This_Week,63.9,3,3,0,1,0
TDMS02898,Medium,4.0,60,23.9,8,38.2,0.751,This_Month,59.1,2,2,0,1,0
TDMS02899,Critical,5.13,20,8.5,0,52.5,0.649,Immediate,69.2,4,4,0,1,0
TDMS02900,High,4.84,40,5.3,1,35.4,0.739,This_Week,62.9,3,3,0,1,0
TDMS02901,High,4.1,35,15.2,1,33.4,0.679,This_Week,63.6,3,3,0,1,0
TDMS02902,Medium,2.39,60,5.2,1,59.0,0.628,This_Month,54.7,2,2,0,1,0
TDMS02903,Medium,3.77,60,15.7,0,21.6,0.747,This_Month,50.9,2,2,0,1,0
TDMS02904,High,4.05,40,8.4,0,57.3,0.718,This_Week,72.6,3,3,0,1,0
TDMS02905,Critical,4.77,12,20.3,3,46.1,0.96,Immediate,80.2,4,4,0,1,0
TDMS02906,Medium,4.28,60,5.6,1,30.1,0.609,This_Month,53.6,2,2,0,1,0
TDMS02907,Critical,6.33,20,14.5,0,46.9,0.59,Immediate,84.7,4,4,0,1,0
TDMS02908,Critical,4.62,20,28.9,1,46.9,0.848,Immediate,78.2,4,4,0,1,0
TDMS02909,Critical,5.0,20,3.4,2,56.3,0.793,Immediate,71.5,4,4,0,1,0
TDMS02910,Critical,5.48,4,3.9,1,50.3,0.731,Immediate,67.5,4,4,0,1,0
TDMS02911,Critical,6.16,20,20.7,0,90.8,0.622,Immediate,85.0,4,4,0,1,0
TDMS02912,Critical,3.72,20,7.6,0,50.7,0.654,Immediate,79.1,4,4,0,1,0
TDMS02913,Medium,3.0,60,2.4,3,55.8,0.856,This_Month,47.7,2,2,0,1,0
TDMS02914,Critical,6.29,20,11.6,3,50.7,0.626,Immediate,77.9,4,4,0,1,0
TDMS02915,Critical,4.61,20,6.9,3,44.4,0.887,Immediate,78.5,4,4,0,1,0
TDMS02916,High,4.39,35,29.0,1,30.0,0.72,This_Week,62.8,3,3,0,1,0
TDMS02917,Medium,3.54,60,19.2,2,57.0,0.679,This_Month,57.2,2,2,0,1,0
TDMS02918,Medium,2.9,0,24.8,6,47.1,0.859,Programmed,29.3,2,1,0,1,0
TDMS02919,Critical,5.72,20,11.3,4,46.8,0.768,Immediate,80.7,4,4,0,1,0
TDMS02920,High,5.36,40,22.9,5,50.6,0.81,This_Week,60.1,3,3,0,1,0
TDMS02921,Critical,5.6,20,22.1,4,36.1,0.665,Immediate,73.5,4,4,0,1,0
TDMS02922,High,4.75,40,11.6,3,54.6,0.74,This_Week,66.4,3,3,0,1,0
TDMS02923,High,4.28,40,7.6,2,33.3,0.729,This_Week,68.6,3,3,0,1,0
TDMS02924,Medium,3.98,14,28.9,1,28.4,0.607,Programmed,32.6,2,1,0,1,0
TDMS02925,Critical,6.2,20,19.9,4,44.9,0.797,Immediate,79.0,4,4,0,1,0
TDMS02926,Critical,5.18,0,12.0,1,43.7,0.739,Immediate,67.8,4,4,0,1,0
TDMS02927,Critical,5.33,20,9.5,0,57.9,0.787,Immediate,80.2,4,4,0,1,0
TDMS02928,Medium,3.06,60,2.0,1,33.5,0.756,This_Month,51.8,2,2,0,1,0
TDMS02929,High,3.14,40,13.0,4,59.8,0.639,This_Month,55.2,3,2,0,1,0
TDMS02930,High,4.92,40,24.7,1,61.9,0.805,This_Week,62.9,3,3,0,1,0
TDMS02931,Medium,2.61,60,7.4,1,50.0,0.552,This_Month,53.9,2,2,0,1,0
TDMS02932,Critical,4.78,20,1.5,1,35.9,0.762,Immediate,73.3,4,4,0,1,0
TDMS02933,Critical,5.8,20,1.9,3,66.5,0.748,Immediate,81.2,4,4,0,1,0
TDMS02934,Medium,4.37,60,6.7,3,23.3,0.634,This_Month,57.5,2,2,0,1,0
TDMS02935,Critical,4.17,20,25.6,2,62.7,0.88,Immediate,78.1,4,4,0,1,0
TDMS02936,High,4.45,40,10.0,1,55.6,0.628,This_Week,63.2,3,3,0,1,0
TDMS02937,Critical,5.04,20,22.2,1,40.8,0.639,Immediate,81.0,4,4,0,1,0
TDMS02938,High,3.76,40,8.2,1,25.0,0.558,This_Week,69.0,3,3,0,1,0
TDMS02939,Medium,3.26,60,12.1,2,19.1,0.715,This_Month,53.6,2,2,0,1,0
TDMS02940,Medium,3.31,60,10.8,0,34.9,0.629,This_Month,50.8,2,2,0,1,0
TDMS02941,High,4.37,40,22.0,3,72.4,0.73,This_Week,65.4,3,3,0,1,0
TDMS02942,Medium,3.68,60,20.4,2,14.5,0.863,This_Month,52.1,2,2,0,1,0
TDMS02943,Critical,5.15,20,8.6,0,43.4,0.581,Immediate,83.2,4,4,0,1,0
TDMS02944,Medium,4.14,7,11.3,0,59.6,0.84,Programmed,29.9,2,1,0,1,0
TDMS02945,Critical,3.98,20,23.8,2,98.6,0.76,Immediate,80.4,4,4,0,1,0
TDMS02946,High,4.47,40,13.0,3,66.8,0.686,This_Week,72.9,3,3,0,1,0
TDMS02947,High,4.77,40,15.1,1,74.9,0.653,This_Week,63.0,3,3,0,1,0
TDMS02948,Medium,3.02,60,23.2,4,27.4,0.787,This_Month,55.9,2,2,0,1,0
TDMS02949,Critical,5.73,20,12.3,1,45.8,0.729,Immediate,71.2,4,4,0,1,0
TDMS02950,Medium,3.04,0,24.6,0,29.3,0.722,Programmed,25.0,2,1,0,1,0
TDMS02951,Medium,3.18,60,13.2,1,34.0,0.747,This_Month,48.2,2,2,0,1,0
TDMS02952,High,3.9,40,21.5,4,32.1,0.83,This_Week,63.9,3,3,0,1,0
TDMS02953,Medium,4.77,50,23.6,2,18.0,0.835,This_Month,45.2,2,2,0,1,0
TDMS02954,High,4.64,40,18.6,2,48.4,0.758,This_Week,63.6,3,3,0,1,0
TDMS02955,Medium,3.78,60,18.7,2,56.9,0.776,This_Month,50.6,2,2,0,1,0
TDMS02956,High,3.19,40,1.0,3,46.4,0.784,This_Week,61.1,3,3,0,1,0
TDMS02957,Critical,4.08,20,20.9,2,48.7,0.747,Immediate,70.8,4,4,0,1,0
TDMS02958,Medium,3.7,0,26.1,0,25.2,0.767,Programmed,25.0,2,1,0,1,0
TDMS02959,High,3.55,40,28.5,3,64.0,0.808,This_Week,63.5,3,3,0,1,0
TDMS02960,Medium,3.46,60,6.0,0,29.2,0.599,This_Month,49.7,2,2,0,1,0
TDMS02961,Medium,2.9,60,17.0,0,27.3,0.62,This_Month,52.1,2,2,0,1,0
TDMS02962,Critical,4.23,20,12.4,1,56.2,0.59,Immediate,80.5,4,4,0,1,0
TDMS02963,Critical,4.88,20,3.1,0,39.6,0.729,Immediate,75.0,4,4,0,1,0
TDMS02964,Critical,3.89,20,12.5,3,64.9,0.843,Immediate,79.0,4,4,0,1,0
TDMS02965,Medium,3.35,52,3.6,0,29.8,0.802,This_Month,46.1,2,2,0,1,0
TDMS02966,Critical,5.34,20,15.8,1,66.6,0.529,Immediate,70.1,4,4,0,1,0
TDMS02967,Critical,4.52,0,10.8,1,37.8,0.752,Immediate,67.3,4,4,0,1,0
TDMS02968,Medium,4.2,60,15.4,3,41.6,0.835,This_Month,51.4,2,2,0,1,0
TDMS02969,High,4.42,40,1.2,3,68.5,0.667,This_Week,67.0,3,3,0,1,0
TDMS02970,High,4.88,29,10.6,3,38.1,0.694,This_Month,56.5,3,2,0,1,0
TDMS02971,Critical,5.7,20,7.9,1,50.8,0.746,Immediate,76.1,4,4,0,1,0
TDMS02972,Critical,3.82,20,20.3,1,44.4,0.707,Immediate,72.5,4,4,0,1,0
TDMS02973,Medium,3.57,60,9.0,2,33.4,0.873,This_Month,55.5,2,2,0,1,0
TDMS02974,Medium,2.55,60,4.8,2,39.6,0.673,This_Month,58.1,2,2,0,1,0
TDMS02975,Critical,5.95,14,12.3,1,45.5,0.851,Immediate,83.6,4,4,0,1,0
TDMS02976,Medium,3.21,60,25.6,3,32.7,0.726,This_Month,50.4,2,2,0,1,0
TDMS02977,Medium,3.68,0,1.8,4,52.9,0.898,Programmed,34.4,2,1,0,1,0
TDMS02978,Critical,4.2,20,17.5,1,67.4,0.768,Immediate,73.2,4,4,0,1,0
TDMS02979,High,4.17,40,9.5,1,29.4,0.645,This_Week,70.3,3,3,0,1,0
TDMS02980,Critical,5.38,20,28.5,8,44.6,0.624,Immediate,83.5,4,4,0,1,0
TDMS02981,Medium,4.1,60,4.7,1,31.0,0.573,This_Month,46.8,2,2,0,1,0
TDMS02982,Critical,4.86,20,3.0,1,42.5,0.675,Immediate,81.4,4,4,0,1,0
TDMS02983,Medium,3.8,60,21.0,3,45.4,0.79,This_Month,49.3,2,2,0,1,0
TDMS02984,Medium,2.96,4,3.5,0,28.6,0.81,Programmed,25.0,2,1,0,1,0
TDMS02985,Critical,4.68,20,23.0,5,57.1,0.866,Immediate,80.6,4,4,0,1,0
TDMS02986,Medium,3.69,60,28.6,4,31.8,0.84,This_Month,52.0,2,2,0,1,0
TDMS02987,Critical,5.86,20,19.4,1,38.2,0.645,Immediate,77.5,4,4,0,1,0
TDMS02988,High,5.12,22,26.5,2,42.4,0.735,This_Month,47.0,3,2,0,1,0
TDMS02989,High,4.64,40,8.2,2,42.3,0.897,This_Week,62.8,3,3,0,1,0
TDMS02990,High,4.52,40,4.5,1,41.4,0.701,This_Week,60.2,3,3,0,1,0
TDMS02991,High,4.38,40,8.4,2,39.9,0.838,This_Week,61.1,3,3,0,1,0
TDMS02992,Medium,3.4,60,28.6,4,21.6,0.769,This_Month,53.8,2,2,0,1,0
TDMS02993,Critical,4.9,20,8.5,4,60.6,0.883,Immediate,75.4,4,4,0,1,0
TDMS02994,High,4.87,40,8.9,1,47.7,0.63,This_Week,63.8,3,3,0,1,0
TDMS02995,Critical,5.05,20,18.2,1,66.2,0.794,Immediate,74.4,4,4,0,1,0
TDMS02996,Medium,3.7,60,20.8,3,53.8,0.779,This_Month,51.0,2,2,0,1,0
TDMS02997,High,4.57,40,27.5,6,51.3,0.715,This_Week,69.6,3,3,0,1,0
TDMS02998,Critical,4.99,20,23.2,7,43.0,0.887,Immediate,84.7,4,4,0,1,0
TDMS02999,Critical,5.23,16,10.2,2,46.0,0.808,Immediate,74.2,4,4,0,1,0
TDMS03000,Critical,5.74,20,1.3,0,51.5,0.648,Immediate,70.0,4,4,0,1,0
TDMS03001,Medium,3.9,60,19.4,2,30.3,0.826,This_Month,53.8,2,2,0,1,0
TDMS03002,High,5.61,40,14.7,0,48.4,0.584,This_Week,68.5,3,3,0,1,0
TDMS03003,High,5.11,40,29.6,0,93.6,0.648,This_Week,63.7,3,3,0,1,0
TDMS03004,Medium,3.79,60,8.6,2,61.6,0.835,This_Month,42.3,2,2,0,1,0
TDMS03005,Medium,4.56,60,26.9,2,60.7,0.731,This_Month,48.9,2,2,0,1,0
TDMS03006,High,4.08,40,27.1,2,37.7,0.745,This_Week,66.6,3,3,0,1,0
TDMS03007,Medium,3.56,60,3.6,2,26.4,0.607,This_Month,51.1,2,2,0,1,0
TDMS03008,High,5.01,40,21.8,4,60.5,0.87,This_Week,65.2,3,3,0,1,0
TDMS03009,High,3.66,40,14.3,3,60.3,0.846,This_Week,68.7,3,3,0,1,0
TDMS03010,High,4.24,40,8.1,1,42.3,0.701,This_Week,64.8,3,3,0,1,0
TDMS03011,High,5.78,40,8.2,1,17.0,0.762,This_Week,64.7,3,3,0,1,0
TDMS03012,Critical,5.39,20,25.1,2,44.4,0.814,Immediate,69.5,4,4,0,1,0
TDMS03013,Critical,5.32,20,22.3,2,70.4,0.721,Immediate,71.9,4,4,0,1,0
TDMS03014,High,4.79,40,18.5,2,55.9,0.864,This_Month,57.6,3,2,0,1,0
TDMS03015,Critical,3.41,20,23.2,1,72.0,0.768,Immediate,85.0,4,4,0,1,0
TDMS03016,High,5.44,16,4.3,1,61.6,0.754,This_Month,54.7,3,2,0,1,0
TDMS03017,Critical,4.9,20,7.7,1,69.5,0.739,Immediate,70.3,4,4,0,1,0
TDMS03018,Critical,4.88,20,27.4,1,46.5,0.683,Immediate,78.8,4,4,0,1,0
TDMS03019,High,4.74,40,27.2,2,37.5,0.813,This_Week,62.0,3,3,0,1,0
TDMS03020,High,2.86,34,17.9,1,65.1,0.748,This_Month,58.9,3,2,0,1,0
TDMS03021,High,3.33,0,22.7,1,27.1,0.773,This_Month,40.0,3,2,0,1,0
TDMS03022,Critical,4.89,20,22.7,2,63.5,0.796,Immediate,81.2,4,4,0,1,0
TDMS03023,Critical,5.11,20,3.9,0,35.5,0.628,Immediate,77.3,4,4,0,1,0
TDMS03024,High,3.94,40,25.2,5,40.0,0.773,This_Week,67.2,3,3,0,1,0
TDMS03025,Critical,4.41,20,10.9,3,46.6,0.75,Immediate,75.2,4,4,0,1,0
TDMS03026,High,4.36,40,10.5,4,34.9,0.706,This_Week,60.5,3,3,0,1,0
TDMS03027,Critical,5.08,20,28.7,3,69.9,0.708,Immediate,68.5,4,4,0,1,0
TDMS03028,High,4.38,0,29.4,0,41.5,0.748,Programmed,35.4,3,1,0,1,0
TDMS03029,High,3.66,40,20.3,1,36.3,0.556,This_Week,68.1,3,3,0,1,0
TDMS03030,High,3.53,40,17.3,3,52.5,0.656,This_Week,67.6,3,3,0,1,0
TDMS03031,High,4.8,40,24.7,3,62.6,0.712,This_Month,56.5,3,2,0,1,0
TDMS03032,Critical,4.68,20,7.0,1,43.3,0.728,Immediate,81.1,4,4,0,1,0
TDMS03033,High,4.21,40,27.6,5,42.4,0.749,This_Week,66.1,3,3,0,1,0
TDMS03034,Medium,3.26,60,1.8,4,40.7,0.72,This_Month,52.8,2,2,0,1,0
TDMS03035,Medium,3.63,60,24.3,2,29.6,0.763,This_Month,42.3,2,2,0,1,0
TDMS03036,High,3.73,40,13.3,0,38.6,0.664,This_Week,62.2,3,3,0,1,0
TDMS03037,Medium,4.3,32,2.5,2,20.8,0.759,Programmed,38.5,2,1,0,1,0
TDMS03038,High,5.16,40,22.6,2,71.4,0.859,This_Week,66.6,3,3,0,1,0
TDMS03039,Critical,5.87,20,13.2,2,96.3,0.827,Immediate,68.2,4,4,0,1,0
TDMS03040,Medium,4.55,0,4.2,1,43.2,0.869,Programmed,27.3,2,1,0,1,0
TDMS03041,Medium,2.75,60,19.1,3,31.3,0.919,This_Month,54.2,2,2,0,1,0
TDMS03042,Critical,6.01,20,23.8,3,67.0,0.716,Immediate,73.3,4,4,0,1,0
TDMS03043,High,5.42,40,5.8,0,34.0,0.546,This_Week,62.2,3,3,0,1,0
TDMS03044,Critical,4.27,20,17.1,0,49.5,0.676,Immediate,74.9,4,4,0,1,0
TDMS03045,High,4.0,40,27.8,2,58.2,0.852,This_Week,67.3,3,3,0,1,0
TDMS03046,Medium,3.53,60,7.6,7,28.1,0.833,This_Month,55.5,2,2,0,1,0
TDMS03047,High,5.56,40,1.3,2,31.0,0.726,This_Week,62.5,3,3,0,1,0
TDMS03048,Medium,3.66,60,22.3,2,43.8,0.819,This_Month,43.4,2,2,0,1,0
TDMS03049,Critical,5.36,20,10.0,2,60.5,0.736,Immediate,74.4,4,4,0,1,0
TDMS03050,Medium,4.58,60,4.6,1,27.6,0.722,This_Month,57.3,2,2,0,1,0
TDMS03051,Critical,5.2,20,4.8,4,79.4,0.781,Immediate,79.4,4,4,0,1,0
TDMS03052,High,4.19,40,15.3,4,32.5,0.701,This_Week,69.6,3,3,0,1,0
TDMS03053,Critical,5.57,20,14.5,1,49.2,0.67,Immediate,77.1,4,4,0,1,0
TDMS03054,High,3.62,40,8.4,2,31.9,0.769,This_Month,59.6,3,2,0,1,0
TDMS03055,Medium,2.93,0,12.5,2,13.2,0.871,Programmed,33.6,2,1,0,1,0
TDMS03056,Critical,3.96,20,12.6,4,77.7,0.871,Immediate,77.7,4,4,0,1,0
TDMS03057,High,5.36,40,1.8,3,48.3,0.688,This_Week,67.7,3,3,0,1,0
TDMS03058,High,4.48,40,12.8,0,41.0,0.678,This_Week,63.8,3,3,0,1,0
TDMS03059,Critical,5.24,20,29.2,4,71.1,0.711,Immediate,81.5,4,4,0,1,0
TDMS03060,Medium,3.07,60,8.9,0,67.4,0.629,This_Month,47.8,2,2,0,1,0
TDMS03061,Medium,5.71,60,3.6,0,28.6,0.584,This_Month,48.9,2,2,0,1,0
TDMS03062,Critical,6.05,20,22.2,2,69.2,0.746,Immediate,78.4,4,4,0,1,0
TDMS03063,High,5.07,40,12.1,2,41.0,0.905,This_Week,71.6,3,3,0,1,0
TDMS03064,Critical,5.91,20,15.5,2,43.1,0.838,Immediate,84.8,4,4,0,1,0
TDMS03065,Medium,3.6,60,27.6,0,46.0,0.63,This_Month,50.6,2,2,0,1,0
TDMS03066,High,3.76,40,27.3,4,36.1,0.895,This_Week,68.0,3,3,0,1,0
TDMS03067,Critical,5.12,20,14.6,2,38.3,0.843,Immediate,69.8,4,4,0,1,0
TDMS03068,Critical,4.66,20,26.4,3,59.7,0.81,Immediate,75.4,4,4,0,1,0
TDMS03069,Critical,5.19,20,26.7,4,69.2,0.769,Immediate,68.7,4,4,0,1,0
TDMS03070,High,5.04,40,15.3,1,45.7,0.756,This_Week,66.4,3,3,0,1,0
TDMS03071,Medium,4.18,17,18.6,1,75.2,0.904,Programmed,35.3,2,1,0,1,0
TDMS03072,Medium,3.48,60,20.3,3,47.9,0.827,This_Month,48.5,2,2,0,1,0
TDMS03073,High,3.86,40,9.8,1,29.8,0.589,This_Week,66.2,3,3,0,1,0
TDMS03074,Critical,5.23,20,15.5,2,63.4,0.839,Immediate,78.7,4,4,0,1,0
TDMS03075,Medium,3.77,60,2.6,2,61.1,0.708,This_Month,40.9,2,2,0,1,0
TDMS03076,High,3.65,40,14.5,1,39.8,0.594,This_Week,66.3,3,3,0,1,0
TDMS03077,Critical,3.58,20,29.5,1,66.6,0.588,Immediate,76.8,4,4,0,1,0
TDMS03078,Medium,3.06,60,28.4,3,27.8,0.614,This_Month,56.7,2,2,0,1,0
TDMS03079,Medium,4.02,60,17.8,0,34.9,0.753,This_Month,53.5,2,2,0,1,0
TDMS03080,Critical,4.8,20,7.7,2,40.0,0.759,Immediate,77.8,4,4,0,1,0
TDMS03081,High,4.77,40,26.5,3,34.2,0.755,This_Week,68.4,3,3,0,1,0
TDMS03082,Critical,5.24,20,6.7,0,37.4,0.629,Immediate,79.3,4,4,0,1,0
TDMS03083,Critical,5.77,20,9.4,0,66.7,0.734,Immediate,68.8,4,4,0,1,0
TDMS03084,Medium,4.18,60,19.1,4,22.1,0.911,This_Month,50.2,2,2,0,1,0
TDMS03085,Medium,3.94,60,29.2,3,27.8,0.916,This_Month,55.1,2,2,0,1,0
TDMS03086,High,4.33,40,12.4,2,40.6,0.9,This_Week,62.0,3,3,0,1,0
TDMS03087,High,3.29,40,9.7,1,37.4,0.589,This_Week,63.8,3,3,0,1,0
TDMS03088,High,4.17,40,23.5,2,16.9,0.78,This_Week,64.3,3,3,0,1,0
TDMS03089,Medium,3.28,60,18.6,1,35.6,0.677,This_Month,57.5,2,2,0,1,0
TDMS03090,High,4.17,40,24.4,6,40.9,0.709,This_Week,65.3,3,3,0,1,0
TDMS03091,Medium,3.13,60,2.8,0,27.0,0.721,This_Month,57.5,2,2,0,1,0
TDMS03092,High,3.44,40,29.1,5,37.1,0.697,This_Month,57.3,3,2,0,1,0
TDMS03093,High,4.04,40,28.2,5,63.8,0.779,This_Week,66.0,3,3,0,1,0
TDMS03094,Medium,3.66,52,15.4,4,27.5,0.613,Programmed,39.0,2,1,0,1,0
TDMS03095,Medium,2.78,1,18.9,3,26.4,0.872,Programmed,32.4,2,1,0,1,0
TDMS03096,Medium,3.93,60,7.4,0,50.9,0.514,This_Month,53.5,2,2,0,1,0
TDMS03097,High,4.62,40,1.2,2,33.5,0.705,This_Month,57.3,3,2,0,1,0
TDMS03098,High,4.18,0,30.0,1,37.1,0.646,This_Month,43.8,3,2,0,1,0
TDMS03099,High,3.93,40,10.2,2,55.0,0.706,This_Week,66.0,3,3,0,1,0
TDMS03100,Medium,4.54,31,15.1,5,58.2,0.873,Programmed,38.8,2,1,0,1,0
TDMS03101,Medium,2.8,60,19.6,4,25.8,0.862,This_Month,44.4,2,2,0,1,0
TDMS03102,Medium,5.05,60,27.1,2,27.1,0.789,This_Month,52.2,2,2,0,1,0
TDMS03103,Medium,3.45,0,29.7,1,26.8,0.766,Programmed,25.4,2,1,0,1,0
TDMS03104,Medium,4.5,60,11.1,2,46.3,0.847,This_Month,58.0,2,2,0,1,0
TDMS03105,Critical,4.25,20,15.5,2,70.9,0.71,Immediate,81.5,4,4,0,1,0
TDMS03106,High,3.82,40,13.4,3,53.2,0.829,This_Week,61.4,3,3,0,1,0
TDMS03107,Critical,5.31,20,9.3,4,46.8,0.87,Immediate,76.5,4,4,0,1,0
TDMS03108,Critical,5.5,20,6.7,1,71.0,0.723,Immediate,86.0,4,4,0,1,0
TDMS03109,Medium,3.2,60,14.7,2,32.1,0.866,This_Month,41.7,2,2,0,1,0
TDMS03110,Critical,6.09,20,20.2,1,50.7,0.785,Immediate,76.4,4,4,0,1,0
TDMS03111,High,5.03,40,14.1,2,24.2,0.773,This_Week,67.2,3,3,0,1,0
TDMS03112,High,5.71,40,27.8,0,43.6,0.845,This_Week,62.4,3,3,0,1,0
TDMS03113,Medium,4.48,60,17.0,4,63.9,0.729,This_Month,51.0,2,2,0,1,0
TDMS03114,High,4.58,40,24.0,3,55.6,0.753,This_Month,58.1,3,2,0,1,0
TDMS03115,Critical,5.69,20,21.8,2,41.4,0.712,Immediate,73.2,4,4,0,1,0
TDMS03116,Critical,4.55,20,10.5,2,54.4,0.736,Immediate,79.5,4,4,0,1,0
TDMS03117,Critical,5.13,14,20.0,3,41.3,0.767,Immediate,69.9,4,4,0,1,0
TDMS03118,Critical,4.6,20,17.9,3,72.8,0.701,Immediate,82.7,4,4,0,1,0
TDMS03119,High,3.75,40,15.1,3,30.6,0.682,This_Week,73.8,3,3,0,1,0
TDMS03120,Critical,4.92,20,22.8,3,39.1,0.742,Immediate,80.8,4,4,0,1,0
TDMS03121,Critical,5.44,20,24.1,2,41.8,0.834,Immediate,72.4,4,4,0,1,0
TDMS03122,Medium,4.91,60,8.0,1,39.4,0.718,This_Month,53.2,2,2,0,1,0
TDMS03123,Medium,3.56,60,24.4,6,29.7,0.843,This_Month,54.1,2,2,0,1,0
TDMS03124,Medium,3.8,60,21.8,2,24.9,0.847,This_Month,49.5,2,2,0,1,0
TDMS03125,Medium,3.7,60,22.5,2,32.1,0.782,This_Month,51.8,2,2,0,1,0
TDMS03126,Critical,5.1,20,18.3,3,43.5,0.733,Immediate,77.9,4,4,0,1,0
TDMS03127,Medium,4.35,60,12.6,0,31.0,0.713,This_Month,52.4,2,2,0,1,0
TDMS03128,Medium,3.31,60,18.3,1,52.5,0.653,This_Month,46.2,2,2,0,1,0
TDMS03129,High,6.5,40,7.3,1,32.6,0.728,This_Month,58.8,3,2,0,1,0
TDMS03130,Critical,6.07,20,22.0,5,35.0,0.788,Immediate,77.5,4,4,0,1,0
TDMS03131,Medium,4.2,60,20.9,2,41.3,0.855,This_Month,54.4,2,2,0,1,0
TDMS03132,High,3.52,40,21.7,2,38.3,0.786,This_Week,62.3,3,3,0,1,0
TDMS03133,High,4.37,40,29.4,3,59.5,0.831,This_Month,55.0,3,2,0,1,0
TDMS03134,Medium,3.78,29,11.4,2,37.2,0.774,This_Month,44.9,2,2,0,1,0
TDMS03135,Critical,4.8,20,24.3,2,64.6,0.819,Immediate,78.9,4,4,0,1,0
TDMS03136,Critical,4.28,3,5.8,1,65.8,0.771,Immediate,69.6,4,4,0,1,0
TDMS03137,Medium,3.61,0,4.9,1,28.2,0.835,Programmed,34.8,2,1,0,1,0
TDMS03138,Medium,4.07,60,23.6,3,26.1,0.751,This_Week,60.5,2,3,0,1,0
TDMS03139,Medium,3.97,48,22.8,3,33.1,0.85,This_Month,50.4,2,2,0,1,0
TDMS03140,High,4.29,40,27.5,4,26.8,0.738,This_Week,68.6,3,3,0,1,0
TDMS03141,Medium,3.63,60,11.8,6,17.4,0.71,This_Month,49.7,2,2,0,1,0
TDMS03142,Critical,5.0,20,3.7,0,36.8,0.773,Immediate,66.1,4,4,0,1,0
TDMS03143,High,4.35,40,23.2,3,58.6,0.747,This_Month,56.4,3,2,0,1,0
TDMS03144,Medium,4.27,60,6.1,1,49.8,0.644,This_Month,49.0,2,2,0,1,0
TDMS03145,High,4.49,40,4.5,2,36.5,0.75,This_Week,66.0,3,3,0,1,0
TDMS03146,High,2.86,40,11.0,3,38.2,0.916,This_Month,56.7,3,2,0,1,0
TDMS03147,Critical,5.28,20,25.6,6,32.9,0.73,Immediate,78.7,4,4,0,1,0
TDMS03148,Critical,3.92,20,10.5,2,56.3,0.779,Immediate,67.8,4,4,0,1,0
TDMS03149,Medium,2.34,60,17.4,0,32.0,0.729,This_Month,51.8,2,2,0,1,0
TDMS03150,Medium,3.23,60,27.1,4,61.6,0.843,This_Month,51.3,2,2,0,1,0
TDMS03151,Medium,4.22,60,29.4,3,55.1,0.773,This_Month,48.8,2,2,0,1,0
TDMS03152,Critical,5.02,20,23.2,1,39.6,0.723,Immediate,84.4,4,4,0,1,0
TDMS03153,Medium,4.53,60,7.5,0,58.5,0.657,This_Month,51.5,2,2,0,1,0
TDMS03154,Critical,5.11,20,13.5,3,48.2,0.754,Immediate,70.9,4,4,0,1,0
TDMS03155,Medium,4.28,60,27.5,3,43.9,0.879,This_Month,43.4,2,2,0,1,0
TDMS03156,High,4.44,40,29.5,6,58.4,0.747,This_Week,61.7,3,3,0,1,0
TDMS03157,High,3.8,40,9.4,2,76.9,0.593,This_Month,58.7,3,2,0,1,0
TDMS03158,Critical,4.88,20,19.8,2,46.5,0.89,Immediate,79.3,4,4,0,1,0
TDMS03159,High,4.17,40,14.1,2,60.7,0.732,This_Week,67.8,3,3,0,1,0
TDMS03160,High,3.29,40,28.1,4,35.7,0.697,This_Week,66.0,3,3,0,1,0
TDMS03161,Medium,2.68,60,4.2,2,47.7,0.731,This_Month,44.4,2,2,0,1,0
TDMS03162,High,3.85,40,22.2,2,29.1,0.799,This_Week,69.2,3,3,0,1,0
TDMS03163,Critical,5.99,20,12.2,1,51.4,0.729,Immediate,67.7,4,4,0,1,0
TDMS03164,Critical,4.69,20,27.2,2,45.1,0.709,Immediate,86.0,4,4,0,1,0
TDMS03165,Critical,4.25,20,18.9,1,67.6,0.609,Immediate,87.3,4,4,0,1,0
TDMS03166,Critical,5.51,20,7.2,3,48.6,0.73,Immediate,64.6,4,4,0,1,0
TDMS03167,High,3.96,40,7.2,2,56.0,0.739,This_Week,67.4,3,3,0,1,0
TDMS03168,Critical,4.75,20,28.9,1,60.0,0.792,Immediate,82.2,4,4,0,1,0
TDMS03169,Medium,3.67,60,14.8,1,19.4,0.74,This_Month,57.7,2,2,0,1,0
TDMS03170,Medium,4.27,60,27.1,8,54.5,0.851,This_Month,49.9,2,2,0,1,0
TDMS03171,Critical,4.86,20,22.8,3,77.3,0.713,Immediate,83.0,4,4,0,1,0
TDMS03172,Critical,3.95,20,17.7,3,46.1,0.615,Immediate,70.4,4,4,0,1,0
TDMS03173,High,2.97,40,16.7,4,86.3,0.924,This_Week,61.8,3,3,0,1,0
TDMS03174,High,3.43,40,2.2,4,44.1,0.774,This_Week,70.5,3,3,0,1,0
TDMS03175,High,4.34,17,24.3,3,34.6,0.948,This_Month,57.2,3,2,0,1,0
TDMS03176,Critical,5.32,20,16.8,2,33.8,0.743,Immediate,79.3,4,4,0,1,0
TDMS03177,Medium,4.09,60,26.1,0,55.1,0.618,This_Month,52.6,2,2,0,1,0
TDMS03178,Medium,3.17,60,5.6,0,47.9,0.647,This_Month,50.0,2,2,0,1,0
TDMS03179,Medium,3.66,60,7.9,0,22.7,0.628,This_Month,43.2,2,2,0,1,0
TDMS03180,Critical,4.64,20,9.1,0,42.6,0.614,Immediate,70.1,4,4,0,1,0
TDMS03181,Medium,3.22,60,6.1,1,45.8,0.633,This_Month,47.2,2,2,0,1,0
TDMS03182,Critical,6.03,20,17.3,2,88.4,0.758,Immediate,81.5,4,4,0,1,0
TDMS03183,Medium,2.72,26,9.6,5,35.5,0.734,Programmed,38.4,2,1,0,1,0
TDMS03184,Medium,4.71,60,24.3,3,19.4,0.731,This_Month,42.8,2,2,0,1,0
TDMS03185,Medium,4.7,0,20.7,4,80.0,0.772,Programmed,34.1,2,1,0,1,0
TDMS03186,Medium,3.19,60,23.3,2,45.7,0.847,This_Month,56.1,2,2,0,1,0
TDMS03187,Critical,4.68,20,26.9,1,59.9,0.722,Immediate,72.7,4,4,0,1,0
TDMS03188,Critical,5.49,20,28.6,4,46.0,0.822,Immediate,76.9,4,4,0,1,0
TDMS03189,High,4.58,40,9.1,0,41.1,0.7,This_Week,61.8,3,3,0,1,0
TDMS03190,High,5.05,3,10.7,0,61.0,0.768,This_Month,42.6,3,2,0,1,0
TDMS03191,Medium,3.94,60,20.1,0,48.6,0.616,This_Month,52.2,2,2,0,1,0
TDMS03192,High,4.05,26,24.5,2,55.8,0.747,This_Month,53.5,3,2,0,1,0
TDMS03193,High,4.71,40,4.6,3,31.9,0.77,This_Week,67.0,3,3,0,1,0
TDMS03194,High,3.58,40,9.8,1,30.7,0.638,This_Month,59.5,3,2,0,1,0
TDMS03195,Medium,3.46,60,13.0,6,36.1,0.888,This_Month,49.2,2,2,0,1,0
TDMS03196,Critical,4.85,5,2.1,2,51.8,0.842,Immediate,65.4,4,4,0,1,0
TDMS03197,High,5.87,40,29.1,1,34.0,0.717,This_Week,72.6,3,3,0,1,0
TDMS03198,Critical,5.51,20,11.1,3,39.8,0.81,Immediate,68.1,4,4,0,1,0
TDMS03199,Critical,4.93,20,4.4,1,49.2,0.788,Immediate,65.3,4,4,0,1,0
TDMS03200,High,4.2,40,20.1,4,52.1,0.736,This_Week,68.8,3,3,0,1,0
TDMS03201,High,4.43,40,20.2,7,26.3,0.784,This_Week,63.9,3,3,0,1,0
TDMS03202,Critical,4.69,20,9.5,4,81.4,0.685,Immediate,76.7,4,4,0,1,0
TDMS03203,Medium,3.05,60,1.3,0,25.7,0.642,This_Month,43.7,2,2,0,1,0
TDMS03204,Critical,4.86,20,11.9,0,41.7,0.664,Immediate,73.8,4,4,0,1,0
TDMS03205,Medium,3.31,60,21.7,3,28.7,0.681,This_Month,50.0,2,2,0,1,0
TDMS03206,Medium,3.29,57,22.0,1,19.6,0.647,This_Month,53.6,2,2,0,1,0
TDMS03207,Critical,4.3,20,28.0,3,52.2,0.804,Immediate,77.4,4,4,0,1,0
TDMS03208,Critical,5.29,20,7.8,3,44.0,0.747,Immediate,81.0,4,4,0,1,0
TDMS03209,Medium,3.5,60,29.7,1,26.6,0.702,This_Month,49.2,2,2,0,1,0
TDMS03210,High,4.7,40,25.6,7,32.4,0.85,This_Week,70.5,3,3,0,1,0
TDMS03211,Medium,3.41,60,6.7,0,55.2,0.523,This_Month,43.9,2,2,0,1,0
TDMS03212,High,3.66,40,2.8,0,27.7,0.628,This_Week,64.5,3,3,0,1,0
TDMS03213,Medium,2.53,60,15.5,3,25.5,0.797,This_Month,43.2,2,2,0,1,0
TDMS03214,Critical,4.99,20,4.9,0,41.0,0.77,Immediate,72.9,4,4,0,1,0
TDMS03215,High,4.14,40,24.5,2,35.8,0.837,This_Week,64.2,3,3,0,1,0
TDMS03216,Medium,4.74,57,6.5,4,44.7,0.722,This_Month,53.7,2,2,0,1,0
TDMS03217,Critical,5.36,20,4.1,1,43.3,0.699,Immediate,73.8,4,4,0,1,0
TDMS03218,Medium,3.75,60,23.8,2,24.3,0.707,This_Month,54.9,2,2,0,1,0
TDMS03219,Medium,3.22,60,24.5,3,55.2,0.87,This_Month,52.8,2,2,0,1,0
TDMS03220,Medium,3.93,60,29.2,1,55.4,0.731,This_Month,48.6,2,2,0,1,0
TDMS03221,Medium,2.95,57,8.6,1,23.0,0.543,This_Month,41.9,2,2,0,1,0
TDMS03222,High,5.3,40,29.8,2,37.2,0.807,This_Week,67.1,3,3,0,1,0
TDMS03223,Medium,3.07,60,20.9,1,27.5,0.563,This_Month,53.0,2,2,0,1,0
TDMS03224,Critical,4.43,20,23.4,1,48.0,0.702,Immediate,77.9,4,4,0,1,0
TDMS03225,Critical,5.13,20,24.6,3,37.6,0.861,Immediate,65.6,4,4,0,1,0
TDMS03226,Medium,3.55,60,18.3,2,33.4,0.77,This_Month,51.6,2,2,0,1,0
TDMS03227,Critical,5.27,20,17.2,3,72.4,0.871,Immediate,75.8,4,4,0,1,0
TDMS03228,Medium,3.36,55,11.5,1,47.3,0.628,This_Month,57.4,2,2,0,1,0
TDMS03229,Medium,3.48,60,26.4,4,50.3,0.772,This_Month,51.1,2,2,0,1,0
TDMS03230,Medium,3.52,60,18.4,2,50.0,0.635,This_Month,46.2,2,2,0,1,0
TDMS03231,Critical,5.39,20,4.3,0,44.7,0.747,Immediate,76.4,4,4,0,1,0
TDMS03232,Critical,4.44,20,8.7,3,42.1,0.787,Immediate,79.1,4,4,0,1,0
TDMS03233,Medium,4.38,60,16.1,2,30.2,0.709,This_Month,49.0,2,2,0,1,0
TDMS03234,Critical,4.89,20,25.1,3,59.3,0.861,Immediate,70.8,4,4,0,1,0
TDMS03235,Critical,5.78,20,19.2,3,45.9,0.826,Immediate,70.5,4,4,0,1,0
TDMS03236,High,4.27,40,19.3,4,37.8,0.912,This_Week,63.2,3,3,0,1,0
TDMS03237,Medium,3.98,60,20.0,6,62.6,0.865,This_Month,52.0,2,2,0,1,0
TDMS03238,Medium,3.7,60,23.7,7,59.0,0.708,This_Month,53.0,2,2,0,1,0
TDMS03239,High,4.63,40,15.6,1,37.7,0.645,This_Week,68.6,3,3,0,1,0
TDMS03240,Critical,4.48,20,23.3,5,43.9,0.832,Immediate,82.2,4,4,0,1,0
TDMS03241,Critical,5.91,20,1.5,2,49.7,0.748,Immediate,75.4,4,4,0,1,0
TDMS03242,Medium,3.02,60,9.0,0,28.2,0.628,This_Month,48.4,2,2,0,1,0
TDMS03243,Critical,5.65,20,20.4,1,50.3,0.638,Immediate,84.0,4,4,0,1,0
TDMS03244,High,4.72,40,12.0,2,49.6,0.587,This_Week,62.6,3,3,0,1,0
TDMS03245,Medium,3.68,60,27.2,4,52.2,0.574,This_Month,40.5,2,2,0,1,0
TDMS03246,Critical,4.09,20,28.9,2,41.3,0.936,Immediate,70.3,4,4,0,1,0
TDMS03247,High,5.13,0,9.1,0,36.5,0.783,This_Month,56.4,3,2,0,1,0
TDMS03248,Critical,4.35,20,21.6,1,60.8,0.698,Immediate,76.5,4,4,0,1,0
TDMS03249,High,5.12,0,19.2,2,76.2,0.953,This_Month,49.7,3,2,0,1,0
TDMS03250,High,3.46,40,24.2,4,70.7,0.804,This_Week,60.4,3,3,0,1,0
TDMS03251,Critical,4.23,16,2.6,0,53.9,0.844,Immediate,73.5,4,4,0,1,0
TDMS03252,High,3.5,40,5.3,3,54.9,0.843,This_Week,62.9,3,3,0,1,0
TDMS03253,Critical,6.5,20,26.7,1,61.9,0.683,Immediate,84.9,4,4,0,1,0
TDMS03254,Medium,2.72,60,9.4,3,10.5,0.759,This_Month,51.0,2,2,0,1,0
TDMS03255,Medium,3.53,60,14.5,5,31.6,0.942,This_Month,49.2,2,2,0,1,0
TDMS03256,High,5.49,40,5.1,1,59.3,0.761,This_Month,57.3,3,2,0,1,0
TDMS03257,Medium,3.02,60,7.7,3,44.6,0.828,This_Month,51.0,2,2,0,1,0
TDMS03258,High,4.41,40,16.8,1,28.9,0.748,This_Week,62.7,3,3,0,1,0
TDMS03259,Medium,4.48,60,22.8,1,32.8,0.694,This_Month,51.6,2,2,0,1,0
TDMS03260,Critical,3.55,20,27.4,3,57.6,0.762,Immediate,79.1,4,4,0,1,0
TDMS03261,Medium,4.05,60,3.7,2,25.9,0.862,This_Month,58.8,2,2,0,1,0
TDMS03262,High,3.05,0,8.0,2,63.4,0.905,This_Month,49.9,3,2,0,1,0
TDMS03263,Critical,6.06,20,1.2,0,48.0,0.61,Immediate,80.3,4,4,0,1,0
TDMS03264,Medium,4.77,60,27.6,5,56.3,0.856,This_Month,54.3,2,2,0,1,0
TDMS03265,Medium,3.44,60,12.4,2,27.0,0.773,This_Month,56.3,2,2,0,1,0
TDMS03266,High,2.98,40,4.9,1,57.8,0.725,This_Week,64.0,3,3,0,1,0
TDMS03267,Medium,3.75,60,29.5,2,34.5,0.747,This_Month,53.7,2,2,0,1,0
TDMS03268,High,4.31,40,24.4,2,29.3,0.679,This_Week,65.4,3,3,0,1,0
TDMS03269,High,4.58,40,15.3,5,32.7,0.803,This_Week,64.6,3,3,0,1,0
TDMS03270,Medium,4.0,60,29.5,1,37.9,0.621,This_Month,49.1,2,2,0,1,0
TDMS03271,High,3.62,40,4.0,0,50.3,0.566,This_Month,55.4,3,2,0,1,0
TDMS03272,Critical,4.79,20,10.3,2,69.6,0.753,Immediate,70.8,4,4,0,1,0
TDMS03273,Medium,2.87,7,26.5,3,55.3,0.835,Programmed,28.9,2,1,0,1,0
TDMS03274,Medium,3.92,60,6.2,2,38.1,0.881,This_Month,55.4,2,2,0,1,0
TDMS03275,Critical,4.55,20,18.0,1,47.4,0.743,Immediate,78.7,4,4,0,1,0
TDMS03276,Critical,4.11,20,19.9,1,53.8,0.71,Immediate,72.2,4,4,0,1,0
TDMS03277,Critical,6.23,20,14.4,3,46.2,0.825,Immediate,73.0,4,4,0,1,0
TDMS03278,Medium,4.3,3,20.3,2,34.5,0.856,Programmed,33.5,2,1,0,1,0
TDMS03279,Medium,4.2,60,12.0,1,49.1,0.665,This_Month,58.2,2,2,0,1,0
TDMS03280,High,3.69,40,15.7,1,42.5,0.711,This_Week,65.3,3,3,0,1,0
TDMS03281,Critical,5.01,20,17.6,5,35.5,0.721,Immediate,76.6,4,4,0,1,0
TDMS03282,Medium,3.51,60,9.6,1,33.2,0.769,This_Month,53.6,2,2,0,1,0
TDMS03283,High,4.1,40,19.1,2,37.1,0.833,This_Week,64.8,3,3,0,1,0
TDMS03284,Medium,4.0,60,2.2,5,31.6,0.833,This_Month,54.2,2,2,0,1,0
TDMS03285,High,5.05,40,10.9,2,55.8,0.769,This_Week,62.0,3,3,0,1,0
TDMS03286,Critical,5.24,20,8.1,1,91.9,0.664,Immediate,79.8,4,4,0,1,0
TDMS03287,Medium,4.2,60,14.5,2,31.1,0.792,Programmed,39.9,2,1,0,1,0
TDMS03288,High,3.71,40,13.8,2,65.0,0.874,This_Week,63.7,3,3,0,1,0
TDMS03289,High,4.88,40,13.7,4,41.4,0.737,This_Week,66.1,3,3,0,1,0
TDMS03290,High,4.13,40,7.7,2,26.7,0.834,This_Week,68.2,3,3,0,1,0
TDMS03291,Critical,4.91,20,14.1,0,39.6,0.682,Immediate,72.3,4,4,0,1,0
TDMS03292,Critical,4.91,20,6.3,1,81.7,0.701,Immediate,73.1,4,4,0,1,0
TDMS03293,Medium,4.11,60,11.4,1,50.6,0.65,This_Month,53.6,2,2,0,1,0
TDMS03294,Critical,4.48,20,6.8,5,40.5,0.738,Immediate,79.7,4,4,0,1,0
TDMS03295,High,4.44,40,11.7,2,39.3,0.726,This_Week,69.6,3,3,0,1,0
TDMS03296,High,5.15,40,20.0,2,60.3,0.806,This_Week,67.2,3,3,0,1,0
TDMS03297,Critical,4.78,20,8.4,3,76.2,0.84,Immediate,81.0,4,4,0,1,0
TDMS03298,Medium,3.4,60,12.0,3,40.4,0.814,This_Month,56.3,2,2,0,1,0
TDMS03299,Medium,2.82,60,2.4,0,32.9,0.649,This_Month,43.5,2,2,0,1,0
TDMS03300,Medium,3.08,60,3.3,0,25.7,0.73,This_Month,53.7,2,2,0,1,0
TDMS03301,Critical,4.67,20,10.8,2,71.3,0.698,Immediate,78.5,4,4,0,1,0
TDMS03302,Medium,3.69,60,12.7,2,56.0,0.84,This_Month,44.6,2,2,0,1,0
TDMS03303,High,5.0,40,16.5,3,50.8,0.885,This_Week,68.9,3,3,0,1,0
TDMS03304,High,4.79,40,17.0,0,64.2,0.622,This_Week,65.1,3,3,0,1,0
TDMS03305,High,3.11,40,26.5,3,78.3,0.831,This_Week,61.9,3,3,0,1,0
TDMS03306,Critical,4.62,20,22.3,2,48.9,0.753,Immediate,73.4,4,4,0,1,0
TDMS03307,High,6.08,40,13.6,3,35.2,0.903,This_Week,72.7,3,3,0,1,0
TDMS03308,Critical,4.05,20,21.1,3,69.1,0.742,Immediate,71.6,4,4,0,1,0
TDMS03309,High,4.86,40,15.6,1,38.5,0.706,This_Week,65.9,3,3,0,1,0
TDMS03310,Medium,2.58,60,22.2,3,69.6,0.825,This_Month,45.9,2,2,0,1,0
TDMS03311,Medium,3.37,60,14.8,1,57.5,0.784,This_Month,57.7,2,2,0,1,0
TDMS03312,Medium,3.28,60,12.3,3,22.9,0.765,This_Month,50.5,2,2,0,1,0
TDMS03313,Critical,5.86,20,19.4,2,63.2,0.753,Immediate,84.9,4,4,0,1,0
TDMS03314,Medium,3.17,60,18.0,3,23.5,0.832,This_Month,46.5,2,2,0,1,0
TDMS03315,Critical,5.03,20,26.4,2,52.3,0.857,Immediate,87.1,4,4,0,1,0
TDMS03316,High,4.17,40,8.3,5,65.6,0.666,This_Week,67.0,3,3,0,1,0
TDMS03317,Critical,5.21,20,17.7,3,73.9,0.838,Immediate,68.2,4,4,0,1,0
TDMS03318,Medium,3.59,60,18.4,4,30.5,0.796,This_Month,59.6,2,2,0,1,0
TDMS03319,Medium,3.89,60,24.3,3,50.3,0.695,This_Month,46.0,2,2,0,1,0
TDMS03320,Critical,4.97,20,23.1,3,44.3,0.957,Immediate,79.5,4,4,0,1,0
TDMS03321,Critical,5.27,14,23.1,2,68.2,0.827,Immediate,73.3,4,4,0,1,0
TDMS03322,Critical,4.14,20,23.1,3,61.3,0.734,Immediate,80.3,4,4,0,1,0
TDMS03323,High,3.76,40,28.8,2,64.5,0.88,This_Week,65.6,3,3,0,1,0
TDMS03324,Critical,5.13,20,1.7,2,33.2,0.756,Immediate,70.1,4,4,0,1,0
TDMS03325,Medium,4.46,6,22.3,4,53.2,0.926,Programmed,30.3,2,1,0,1,0
TDMS03326,Medium,3.61,60,21.7,7,40.1,0.859,This_Month,56.0,2,2,0,1,0
TDMS03327,Medium,3.51,50,3.3,2,28.7,0.825,This_Month,48.8,2,2,0,1,0
TDMS03328,High,3.8,40,20.1,1,59.1,0.72,This_Month,57.0,3,2,0,1,0
TDMS03329,Medium,4.41,60,1.8,1,52.4,0.622,This_Month,53.4,2,2,0,1,0
TDMS03330,Critical,3.91,20,26.5,2,65.0,0.817,Immediate,71.8,4,4,0,1,0
TDMS03331,Medium,3.38,60,11.2,0,36.0,0.681,This_Month,41.3,2,2,0,1,0
TDMS03332,Medium,3.06,60,8.2,2,46.0,0.738,This_Month,52.8,2,2,0,1,0
TDMS03333,Medium,3.1,60,20.7,5,28.3,0.726,This_Month,51.8,2,2,0,1,0
TDMS03334,Critical,4.49,20,25.6,1,38.9,0.749,Immediate,77.7,4,4,0,1,0
TDMS03335,Medium,3.58,60,22.0,2,56.4,0.717,This_Month,51.2,2,2,0,1,0
TDMS03336,Critical,4.53,20,25.1,2,48.2,0.847,Immediate,82.3,4,4,0,1,0
TDMS03337,Medium,3.56,60,16.7,3,22.2,0.73,This_Month,44.1,2,2,0,1,0
TDMS03338,Medium,4.06,60,11.3,1,52.0,0.771,This_Month,59.1,2,2,0,1,0
TDMS03339,Critical,3.91,20,9.1,3,99.6,0.891,Immediate,81.9,4,4,0,1,0
TDMS03340,High,4.38,40,3.1,1,39.1,0.633,This_Week,61.4,3,3,0,1,0
TDMS03341,Medium,4.2,0,17.1,1,26.2,0.858,Programmed,27.0,2,1,0,1,0
TDMS03342,Medium,3.89,31,28.5,5,24.0,0.711,This_Month,40.8,2,2,0,1,0
TDMS03343,Critical,5.06,20,9.0,3,70.8,0.847,Immediate,81.3,4,4,0,1,0
TDMS03344,Medium,3.37,60,19.0,1,20.8,0.708,This_Month,59.1,2,2,0,1,0
TDMS03345,Critical,4.46,20,9.9,4,41.1,0.737,Immediate,78.7,4,4,0,1,0
TDMS03346,Critical,5.15,20,12.6,0,27.8,0.655,Immediate,70.7,4,4,0,1,0
TDMS03347,Medium,4.87,60,5.0,0,56.3,0.754,This_Month,42.6,2,2,0,1,0
TDMS03348,Critical,5.33,20,5.0,3,32.3,0.742,Immediate,81.4,4,4,0,1,0
TDMS03349,Medium,4.22,60,25.9,1,44.8,0.577,This_Month,48.3,2,2,0,1,0
TDMS03350,High,4.71,40,16.6,3,33.5,0.734,This_Week,71.3,3,3,0,1,0
TDMS03351,Critical,5.32,20,11.7,1,44.0,0.634,Immediate,77.1,4,4,0,1,0
TDMS03352,Critical,5.2,20,17.4,3,39.6,0.599,Immediate,76.3,4,4,0,1,0
TDMS03353,Medium,3.64,60,2.8,1,24.8,0.65,This_Month,54.1,2,2,0,1,0
TDMS03354,Medium,3.66,60,17.4,4,21.7,0.745,This_Month,46.5,2,2,0,1,0
TDMS03355,Critical,5.19,20,19.5,2,84.0,0.915,Immediate,70.4,4,4,0,1,0
TDMS03356,Medium,3.38,60,8.8,2,24.9,0.785,This_Month,58.1,2,2,0,1,0
TDMS03357,High,4.27,40,13.7,1,35.2,0.695,This_Week,62.4,3,3,0,1,0
TDMS03358,Critical,5.23,20,9.0,1,42.4,0.656,Immediate,72.3,4,4,0,1,0
TDMS03359,Medium,2.49,60,3.9,0,39.4,0.617,This_Month,41.0,2,2,0,1,0
TDMS03360,Medium,3.65,60,24.4,3,21.2,0.599,This_Month,54.9,2,2,0,1,0
TDMS03361,High,4.36,40,27.3,2,26.6,0.793,This_Week,67.5,3,3,0,1,0
TDMS03362,Medium,4.15,60,7.5,2,22.7,0.804,This_Month,51.6,2,2,0,1,0
TDMS03363,Critical,4.97,20,6.2,2,46.7,0.869,Immediate,74.5,4,4,0,1,0
TDMS03364,Medium,3.1,60,18.7,3,53.0,0.697,This_Month,48.8,2,2,0,1,0
TDMS03365,Medium,4.49,60,20.8,6,47.2,0.835,This_Month,49.1,2,2,0,1,0
TDMS03366,Critical,5.17,20,10.1,0,42.6,0.627,Immediate,75.4,4,4,0,1,0
TDMS03367,Critical,5.38,20,3.8,1,77.9,0.843,Immediate,77.8,4,4,0,1,0
TDMS03368,Medium,3.76,24,12.4,0,31.3,0.647,This_Month,42.0,2,2,0,1,0
TDMS03369,Medium,3.27,60,11.8,2,23.1,0.792,This_Month,49.4,2,2,0,1,0
TDMS03370,Critical,4.98,20,5.5,1,66.1,0.7,Immediate,66.4,4,4,0,1,0
TDMS03371,Critical,6.24,20,13.3,2,43.0,0.682,Immediate,78.8,4,4,0,1,0
TDMS03372,High,3.14,40,20.2,3,56.9,0.87,This_Week,65.6,3,3,0,1,0
TDMS03373,Medium,3.75,60,25.4,5,70.3,0.851,This_Month,53.5,2,2,0,1,0
TDMS03374,Medium,2.68,16,3.2,2,36.9,0.96,Programmed,38.3,2,1,0,1,0
TDMS03375,Medium,3.83,60,5.1,0,53.0,0.737,This_Month,50.9,2,2,0,1,0
TDMS03376,High,4.16,40,11.3,1,30.9,0.606,This_Week,61.8,3,3,0,1,0
TDMS03377,Medium,3.48,0,29.0,4,27.6,0.912,Programmed,31.5,2,1,0,1,0
TDMS03378,High,3.63,40,24.6,8,74.3,0.661,This_Month,59.5,3,2,0,1,0
TDMS03379,High,4.65,40,28.3,1,65.2,0.629,This_Week,60.7,3,3,0,1,0
TDMS03380,Medium,4.42,60,14.8,3,35.3,0.875,This_Month,48.0,2,2,0,1,0
TDMS03381,Medium,2.92,60,8.9,0,29.8,0.575,This_Month,48.4,2,2,0,1,0
TDMS03382,Critical,4.28,20,5.2,1,42.2,0.722,Immediate,81.2,4,4,0,1,0
TDMS03383,Critical,4.43,20,21.6,2,44.8,0.793,Immediate,72.3,4,4,0,1,0
TDMS03384,Critical,4.74,20,27.9,3,64.6,0.78,Immediate,74.9,4,4,0,1,0
TDMS03385,High,5.93,40,20.2,5,53.4,0.731,This_Week,67.5,3,3,0,1,0
TDMS03386,Medium,3.42,60,8.7,2,25.8,0.783,This_Month,57.8,2,2,0,1,0
TDMS03387,High,4.8,40,27.3,5,62.2,0.727,This_Week,62.9,3,3,0,1,0
TDMS03388,Critical,4.92,20,25.8,3,89.2,0.665,Immediate,69.3,4,4,0,1,0
TDMS03389,Medium,3.11,60,20.5,1,50.9,0.57,This_Month,56.8,2,2,0,1,0
TDMS03390,High,4.7,40,24.2,3,31.4,0.841,This_Month,57.7,3,2,0,1,0
TDMS03391,Critical,5.66,20,24.0,1,38.8,0.667,Immediate,80.2,4,4,0,1,0
TDMS03392,High,3.82,1,3.3,0,54.7,0.766,This_Month,47.3,3,2,0,1,0
TDMS03393,Medium,3.05,6,8.1,6,58.1,0.906,Programmed,30.8,2,1,0,1,0
TDMS03394,High,4.99,40,27.2,2,56.1,0.732,This_Month,59.2,3,2,0,1,0
TDMS03395,Medium,2.9,60,29.5,4,23.5,0.781,This_Month,55.3,2,2,0,1,0
TDMS03396,High,5.53,40,13.1,2,62.5,0.641,This_Week,68.6,3,3,0,1,0
TDMS03397,Critical,4.15,20,20.3,0,52.3,0.716,Immediate,73.8,4,4,0,1,0
TDMS03398,Critical,3.89,20,27.1,5,42.4,0.837,Immediate,75.8,4,4,0,1,0
TDMS03399,Medium,4.71,60,25.8,5,37.4,0.775,This_Week,61.2,2,3,0,1,0
TDMS03400,Critical,4.94,8,25.1,2,62.0,0.881,Immediate,60.8,4,4,0,1,0
TDMS03401,Medium,3.13,60,15.2,0,39.5,0.776,This_Month,51.1,2,2,0,1,0
TDMS03402,Medium,4.03,60,22.3,5,27.3,0.796,This_Month,46.1,2,2,0,1,0
TDMS03403,High,4.24,35,1.0,0,35.9,0.729,This_Month,59.3,3,2,0,1,0
TDMS03404,Medium,2.17,60,2.9,4,22.0,0.747,This_Month,51.3,2,2,0,1,0
TDMS03405,High,4.39,40,29.4,2,34.8,0.898,This_Week,66.5,3,3,0,1,0
TDMS03406,High,4.32,40,1.9,1,63.0,0.601,This_Week,62.4,3,3,0,1,0
TDMS03407,Medium,4.52,0,22.5,3,55.6,0.96,Programmed,31.2,2,1,0,1,0
TDMS03408,Critical,5.16,20,7.9,1,40.0,0.647,Immediate,75.6,4,4,0,1,0
TDMS03409,High,4.6,40,20.4,2,37.4,0.724,This_Week,68.3,3,3,0,1,0
TDMS03410,High,5.53,40,22.5,2,28.0,0.708,This_Week,71.8,3,3,0,1,0
TDMS03411,Critical,5.4,20,22.8,3,53.8,0.842,Immediate,80.8,4,4,0,1,0
TDMS03412,Medium,2.79,60,10.7,0,79.3,0.627,This_Month,52.5,2,2,0,1,0
TDMS03413,High,3.9,40,21.3,3,38.8,0.812,This_Week,64.2,3,3,0,1,0
TDMS03414,Critical,4.21,17,16.2,1,66.7,0.912,Immediate,74.9,4,4,0,1,0
TDMS03415,Medium,3.13,60,5.3,2,27.6,0.67,This_Month,49.7,2,2,0,1,0
TDMS03416,High,3.89,40,27.5,3,36.2,0.601,This_Week,61.5,3,3,0,1,0
TDMS03417,High,4.74,40,15.4,2,51.6,0.85,This_Week,61.7,3,3,0,1,0
TDMS03418,Critical,5.19,20,16.5,3,78.3,0.839,Immediate,83.4,4,4,0,1,0
TDMS03419,Critical,3.71,20,8.8,2,39.6,0.703,Immediate,79.4,4,4,0,1,0
TDMS03420,Medium,3.08,56,5.0,1,28.1,0.638,This_Month,45.0,2,2,0,1,0
TDMS03421,Critical,4.71,20,4.3,0,30.7,0.653,Immediate,75.5,4,4,0,1,0
TDMS03422,High,3.95,40,21.3,1,62.6,0.692,This_Week,62.0,3,3,0,1,0
TDMS03423,High,4.92,40,29.0,2,53.1,0.842,This_Week,66.9,3,3,0,1,0
TDMS03424,Medium,3.65,60,28.9,2,59.2,0.718,This_Month,50.3,2,2,0,1,0
TDMS03425,Critical,5.28,20,24.7,6,55.2,0.705,Immediate,70.7,4,4,0,1,0
TDMS03426,Medium,4.17,60,9.0,3,33.7,0.716,This_Month,59.4,2,2,0,1,0
TDMS03427,Critical,3.51,20,4.2,2,90.0,0.693,Immediate,77.3,4,4,0,1,0
TDMS03428,Medium,3.58,60,18.0,1,43.6,0.74,This_Month,44.8,2,2,0,1,0
TDMS03429,Medium,3.72,60,16.9,2,18.0,0.725,This_Month,51.0,2,2,0,1,0
TDMS03430,Medium,3.28,60,16.9,4,25.8,0.686,This_Month,47.8,2,2,0,1,0
TDMS03431,Medium,4.44,60,4.3,2,53.8,0.761,This_Month,51.1,2,2,0,1,0
TDMS03432,Medium,2.94,21,6.4,3,25.7,0.633,Programmed,27.2,2,1,0,1,0
TDMS03433,Medium,2.92,60,19.1,3,45.7,0.834,This_Month,46.2,2,2,0,1,0
TDMS03434,High,4.55,40,16.3,4,41.1,0.776,This_Week,64.4,3,3,0,1,0
TDMS03435,Critical,3.73,20,5.1,2,91.4,0.708,Immediate,64.7,4,4,0,1,0
TDMS03436,High,3.51,40,3.5,1,63.7,0.635,This_Week,61.5,3,3,0,1,0
TDMS03437,Critical,6.17,20,11.1,3,72.2,0.86,Immediate,80.1,4,4,0,1,0
TDMS03438,Medium,4.13,60,18.7,2,28.1,0.738,This_Month,57.4,2,2,0,1,0
TDMS03439,Medium,3.83,60,26.1,3,58.5,0.926,This_Month,50.9,2,2,0,1,0
TDMS03440,Critical,4.52,20,10.1,1,50.2,0.678,Immediate,82.3,4,4,0,1,0
TDMS03441,High,3.99,40,4.2,1,30.5,0.537,This_Week,60.3,3,3,0,1,0
TDMS03442,High,4.01,40,23.2,1,36.0,0.658,This_Week,60.8,3,3,0,1,0
TDMS03443,Medium,4.43,60,12.9,0,28.2,0.782,This_Month,47.5,2,2,0,1,0
TDMS03444,Medium,3.64,18,26.4,3,24.3,0.869,Programmed,38.5,2,1,0,1,0
TDMS03445,High,4.22,40,27.6,3,56.8,0.91,This_Week,66.7,3,3,0,1,0
TDMS03446,Medium,3.72,60,25.8,1,31.6,0.709,This_Month,42.8,2,2,0,1,0
TDMS03447,Medium,3.31,60,8.6,0,76.8,0.666,This_Month,47.6,2,2,0,1,0
TDMS03448,Critical,4.67,20,16.7,6,69.6,0.856,Immediate,77.7,4,4,0,1,0
TDMS03449,Critical,5.14,20,16.0,2,43.5,0.81,Immediate,74.9,4,4,0,1,0
TDMS03450,High,4.92,40,23.7,5,31.5,0.717,This_Week,61.9,3,3,0,1,0
TDMS03451,Critical,5.61,20,10.5,0,42.2,0.638,Immediate,72.4,4,4,0,1,0
TDMS03452,High,4.32,40,23.5,3,37.1,0.86,This_Week,66.8,3,3,0,1,0
TDMS03453,High,4.25,40,20.6,0,25.4,0.683,This_Week,66.4,3,3,0,1,0
TDMS03454,Medium,3.84,60,4.2,0,29.7,0.666,This_Month,42.6,2,2,0,1,0
TDMS03455,Medium,2.78,60,6.7,1,56.9,0.783,This_Month,51.8,2,2,0,1,0
TDMS03456,High,4.37,40,13.5,4,40.8,0.871,This_Week,61.7,3,3,0,1,0
TDMS03457,High,3.84,40,7.5,0,40.8,0.717,This_Week,61.5,3,3,0,1,0
TDMS03458,Medium,3.37,60,7.2,1,18.7,0.769,This_Month,55.8,2,2,0,1,0
TDMS03459,Critical,4.45,20,24.0,3,62.7,0.838,Immediate,74.5,4,4,0,1,0
TDMS03460,Medium,3.9,60,5.5,1,37.3,0.7,This_Month,55.1,2,2,0,1,0
TDMS03461,Medium,3.22,11,14.4,2,45.6,0.826,Programmed,25.6,2,1,0,1,0
TDMS03462,High,5.11,40,18.8,2,42.0,0.603,This_Month,57.6,3,2,0,1,0
TDMS03463,Medium,3.38,60,21.6,2,53.8,0.825,This_Month,44.9,2,2,0,1,0
TDMS03464,Critical,5.81,20,27.6,2,57.6,0.851,Immediate,75.3,4,4,0,1,0
TDMS03465,Critical,5.09,0,22.1,2,44.1,0.96,Immediate,60.2,4,4,0,1,0
TDMS03466,High,4.49,40,17.2,1,71.3,0.726,This_Week,68.6,3,3,0,1,0
TDMS03467,Critical,4.6,20,27.8,6,31.4,0.63,Immediate,73.6,4,4,0,1,0
TDMS03468,Critical,4.06,20,18.3,2,88.6,0.722,Immediate,79.4,4,4,0,1,0
TDMS03469,Critical,4.29,20,23.9,5,63.0,0.75,Immediate,79.0,4,4,0,1,0
TDMS03470,Critical,5.21,20,25.2,3,36.4,0.788,Immediate,72.3,4,4,0,1,0
TDMS03471,High,3.05,40,8.5,1,32.0,0.653,This_Week,66.2,3,3,0,1,0
TDMS03472,Medium,4.45,60,13.1,1,28.8,0.643,This_Month,47.6,2,2,0,1,0
TDMS03473,High,4.81,0,8.4,0,58.6,0.789,This_Month,40.2,3,2,0,1,0
TDMS03474,Medium,4.27,60,20.4,3,56.2,0.902,This_Month,41.9,2,2,0,1,0
TDMS03475,Medium,2.68,60,9.5,1,26.6,0.77,This_Month,45.4,2,2,0,1,0
TDMS03476,Critical,5.52,20,14.7,3,53.1,0.828,Immediate,73.2,4,4,0,1,0
TDMS03477,Medium,3.98,60,10.6,4,50.2,0.711,This_Month,49.3,2,2,0,1,0
TDMS03478,Medium,3.51,60,12.9,3,76.7,0.643,This_Month,45.1,2,2,0,1,0
TDMS03479,Medium,4.21,60,9.7,0,52.2,0.707,This_Month,55.5,2,2,0,1,0
TDMS03480,Medium,3.12,60,28.2,2,59.5,0.65,This_Month,51.7,2,2,0,1,0
TDMS03481,Critical,5.33,20,14.6,1,39.2,0.806,Immediate,71.9,4,4,0,1,0
TDMS03482,Critical,4.63,19,27.9,4,71.2,0.96,Immediate,65.9,4,4,0,1,0
TDMS03483,Critical,4.53,0,25.6,3,41.9,0.832,Immediate,72.4,4,4,0,1,0
TDMS03484,Medium,2.78,60,2.5,4,28.5,0.866,This_Month,49.1,2,2,0,1,0
TDMS03485,Critical,4.45,20,11.2,1,51.7,0.696,Immediate,75.0,4,4,0,1,0
TDMS03486,Critical,4.22,20,9.9,2,61.4,0.698,Immediate,78.3,4,4,0,1,0
TDMS03487,High,3.1,40,29.1,2,32.8,0.712,This_Month,59.9,3,2,0,1,0
TDMS03488,High,5.34,40,13.8,3,60.7,0.857,This_Week,70.0,3,3,0,1,0
TDMS03489,Medium,3.3,60,30.0,2,39.0,0.901,This_Month,54.6,2,2,0,1,0
TDMS03490,Medium,4.18,60,4.3,1,53.3,0.638,This_Month,50.6,2,2,0,1,0
TDMS03491,Critical,4.93,20,22.0,4,42.0,0.66,Immediate,82.7,4,4,0,1,0
TDMS03492,Medium,3.52,60,15.2,1,80.5,0.753,This_Month,55.2,2,2,0,1,0
TDMS03493,Critical,4.18,20,8.3,2,53.1,0.82,Immediate,77.4,4,4,0,1,0
TDMS03494,Critical,4.91,20,30.0,5,37.4,0.782,Immediate,76.7,4,4,0,1,0
TDMS03495,Critical,4.14,20,26.9,0,39.7,0.795,Immediate,72.7,4,4,0,1,0
TDMS03496,High,5.26,40,6.5,2,31.4,0.841,This_Week,67.4,3,3,0,1,0
TDMS03497,High,4.09,40,21.3,6,74.6,0.678,This_Week,72.5,3,3,0,1,0
TDMS03498,Critical,4.76,20,4.7,4,70.2,0.715,Immediate,79.7,4,4,0,1,0
TDMS03499,Medium,3.91,60,20.8,0,26.3,0.709,This_Month,42.9,2,2,0,1,0
TDMS03500,Medium,4.47,60,19.6,0,36.7,0.813,This_Month,40.5,2,2,0,1,0
TDMS03501,Critical,5.14,20,24.1,2,44.3,0.725,Immediate,66.8,4,4,0,1,0
TDMS03502,High,4.97,40,7.7,0,32.8,0.556,This_Week,62.3,3,3,0,1,0
TDMS03503,High,5.31,40,26.5,6,37.7,0.765,This_Week,66.8,3,3,0,1,0
TDMS03504,Medium,4.53,60,26.1,3,64.9,0.753,This_Month,48.4,2,2,0,1,0
TDMS03505,Medium,3.25,60,17.2,2,54.3,0.748,This_Month,53.0,2,2,0,1,0
TDMS03506,High,4.92,40,4.7,2,30.7,0.863,This_Week,63.1,3,3,0,1,0
TDMS03507,Critical,4.66,20,26.4,1,35.8,0.668,Immediate,79.6,4,4,0,1,0
TDMS03508,Critical,5.68,20,13.8,2,36.7,0.718,Immediate,81.2,4,4,0,1,0
TDMS03509,Critical,5.73,15,1.1,1,39.8,0.61,Immediate,66.6,4,4,0,1,0
TDMS03510,Critical,4.04,20,18.5,1,63.5,0.771,Immediate,82.5,4,4,0,1,0
TDMS03511,Medium,4.09,0,24.0,5,23.5,0.96,Programmed,26.5,2,1,0,1,0
TDMS03512,Critical,4.88,20,13.3,1,43.9,0.769,Immediate,70.6,4,4,0,1,0
TDMS03513,Critical,4.42,20,8.3,3,45.0,0.747,Immediate,74.3,4,4,0,1,0
TDMS03514,Medium,3.54,60,24.6,3,27.1,0.725,This_Month,47.0,2,2,0,1,0
TDMS03515,Critical,4.53,20,3.6,1,40.8,0.756,Immediate,78.0,4,4,0,1,0
TDMS03516,Medium,3.51,0,3.1,2,50.2,0.887,Programmed,25.0,2,1,0,1,0
TDMS03517,High,3.94,40,29.5,1,30.1,0.709,This_Week,71.6,3,3,0,1,0
TDMS03518,High,4.72,40,21.3,4,53.1,0.667,This_Week,70.1,3,3,0,1,0
TDMS03519,High,5.23,40,8.7,0,42.2,0.652,This_Week,66.8,3,3,0,1,0
TDMS03520,High,4.83,40,10.6,2,34.9,0.745,This_Month,58.0,3,2,0,1,0
TDMS03521,Critical,4.52,20,18.6,1,71.6,0.652,Immediate,71.4,4,4,0,1,0
TDMS03522,High,4.29,40,1.5,3,61.4,0.773,This_Week,60.7,3,3,0,1,0
TDMS03523,High,3.09,0,13.8,4,34.3,0.87,This_Month,53.3,3,2,0,1,0
TDMS03524,High,4.77,40,3.8,1,63.3,0.653,This_Week,61.6,3,3,0,1,0
TDMS03525,High,5.3,40,16.8,2,80.9,0.893,This_Month,58.0,3,2,0,1,0
TDMS03526,Critical,5.79,20,10.3,3,45.4,0.739,Immediate,81.7,4,4,0,1,0
TDMS03527,Critical,4.59,20,24.5,3,79.3,0.77,Immediate,79.7,4,4,0,1,0
TDMS03528,Critical,5.75,20,7.1,2,59.0,0.866,Immediate,80.6,4,4,0,1,0
TDMS03529,High,4.85,40,19.7,3,32.4,0.862,This_Week,63.6,3,3,0,1,0
TDMS03530,High,4.02,36,27.3,5,85.7,0.733,This_Week,67.0,3,3,0,1,0
TDMS03531,High,4.87,40,22.3,4,54.3,0.861,This_Week,62.2,3,3,0,1,0
TDMS03532,Medium,3.82,60,16.6,1,15.2,0.751,This_Month,46.5,2,2,0,1,0
TDMS03533,Medium,3.8,60,1.4,3,31.4,0.733,This_Month,45.7,2,2,0,1,0
TDMS03534,High,5.02,40,23.3,1,58.8,0.643,This_Week,62.4,3,3,0,1,0
TDMS03535,Critical,5.38,20,3.6,0,49.1,0.748,Immediate,84.0,4,4,0,1,0
TDMS03536,Critical,5.23,20,22.7,4,42.2,0.819,Immediate,76.5,4,4,0,1,0
TDMS03537,Critical,5.67,20,1.5,1,45.5,0.754,Immediate,78.7,4,4,0,1,0
TDMS03538,Medium,4.52,60,1.7,1,52.1,0.614,This_Month,45.9,2,2,0,1,0
TDMS03539,High,5.08,40,12.5,2,44.2,0.794,This_Week,67.2,3,3,0,1,0
TDMS03540,Critical,4.38,20,8.3,2,92.1,0.755,Immediate,80.5,4,4,0,1,0
TDMS03541,Medium,3.29,60,17.8,3,49.0,0.714,This_Month,53.4,2,2,0,1,0
TDMS03542,Critical,4.79,20,7.2,0,78.4,0.794,Immediate,76.3,4,4,0,1,0
TDMS03543,Medium,3.73,60,22.9,1,21.4,0.641,This_Month,56.3,2,2,0,1,0
TDMS03544,High,3.6,40,12.6,3,42.9,0.752,This_Week,67.5,3,3,0,1,0
TDMS03545,Critical,5.91,20,24.3,2,39.4,0.713,Immediate,87.2,4,4,0,1,0
TDMS03546,Medium,4.48,60,13.5,2,48.5,0.771,This_Month,51.7,2,2,0,1,0
TDMS03547,Critical,4.77,20,6.6,1,85.7,0.847,Immediate,72.4,4,4,0,1,0
TDMS03548,Critical,4.51,20,28.9,5,56.5,0.853,Immediate,77.5,4,4,0,1,0
TDMS03549,High,4.49,40,27.5,1,72.5,0.61,This_Week,64.2,3,3,0,1,0
TDMS03550,Critical,5.41,20,23.6,2,66.6,0.72,Immediate,71.4,4,4,0,1,0
TDMS03551,Critical,4.4,20,28.8,3,74.9,0.574,Immediate,67.4,4,4,0,1,0
TDMS03552,Critical,4.8,20,11.0,1,42.1,0.606,Immediate,81.5,4,4,0,1,0
TDMS03553,High,5.66,24,29.8,5,34.1,0.736,This_Month,58.5,3,2,0,1,0
TDMS03554,High,4.93,40,25.0,3,32.2,0.873,This_Week,62.5,3,3,0,1,0
TDMS03555,Medium,3.39,60,1.0,1,27.9,0.773,This_Month,52.1,2,2,0,1,0
TDMS03556,High,3.97,40,1.2,1,40.1,0.589,This_Month,57.7,3,2,0,1,0
TDMS03557,Medium,3.52,60,4.4,1,27.4,0.523,This_Month,55.6,2,2,0,1,0
TDMS03558,High,4.86,40,9.2,1,41.3,0.654,This_Week,64.8,3,3,0,1,0
TDMS03559,Medium,3.34,60,19.2,0,72.2,0.626,This_Month,58.4,2,2,0,1,0
TDMS03560,Critical,4.26,20,4.5,2,70.3,0.814,Immediate,86.2,4,4,0,1,0
TDMS03561,Medium,3.59,60,10.4,2,31.8,0.794,This_Month,45.9,2,2,0,1,0
TDMS03562,Medium,3.78,9,14.4,1,20.0,0.714,Programmed,35.2,2,1,0,1,0
TDMS03563,Critical,6.34,20,27.8,4,42.6,0.626,Immediate,76.4,4,4,0,1,0
TDMS03564,Medium,3.66,60,2.5,2,42.9,0.834,This_Month,49.0,2,2,0,1,0
TDMS03565,Critical,5.35,20,4.3,1,32.5,0.673,Immediate,77.0,4,4,0,1,0
TDMS03566,High,4.52,40,15.6,1,52.6,0.626,This_Week,63.6,3,3,0,1,0
TDMS03567,High,3.98,23,14.5,4,31.9,0.826,This_Month,54.3,3,2,0,1,0
TDMS03568,High,4.97,40,17.1,3,35.4,0.803,This_Week,61.3,3,3,0,1,0
TDMS03569,Critical,4.16,20,11.6,1,67.0,0.709,Immediate,65.7,4,4,0,1,0
TDMS03570,High,5.12,40,22.9,4,28.6,0.763,This_Week,67.3,3,3,0,1,0
TDMS03571,Critical,4.93,20,22.4,4,44.8,0.786,Immediate,70.3,4,4,0,1,0
TDMS03572,High,3.74,40,18.2,4,35.1,0.648,This_Month,59.6,3,2,0,1,0
TDMS03573,Medium,3.65,60,3.9,0,82.1,0.695,This_Month,40.7,2,2,0,1,0
TDMS03574,High,3.93,40,4.3,0,51.5,0.533,This_Month,58.9,3,2,0,1,0
TDMS03575,Critical,4.14,20,27.6,7,63.1,0.821,Immediate,72.5,4,4,0,1,0
TDMS03576,High,3.49,40,9.0,2,81.3,0.855,This_Week,68.4,3,3,0,1,0
TDMS03577,Medium,2.67,49,20.1,5,48.0,0.774,This_Month,46.7,2,2,0,1,0
TDMS03578,Medium,3.37,60,9.4,1,31.6,0.729,This_Month,45.9,2,2,0,1,0
TDMS03579,High,4.97,21,2.7,2,71.5,0.605,This_Week,60.4,3,3,0,1,0
TDMS03580,High,4.76,40,21.3,1,47.7,0.66,This_Week,65.2,3,3,0,1,0
TDMS03581,Critical,5.51,20,21.0,4,46.5,0.85,Immediate,75.8,4,4,0,1,0
TDMS03582,High,4.52,27,12.8,2,24.2,0.727,This_Week,61.3,3,3,0,1,0
TDMS03583,Critical,4.48,20,20.6,5,35.5,0.706,Immediate,79.8,4,4,0,1,0
TDMS03584,High,4.66,40,15.3,1,84.4,0.695,This_Month,59.6,3,2,0,1,0
TDMS03585,Medium,3.71,60,28.0,3,33.2,0.846,This_Month,43.6,2,2,0,1,0
TDMS03586,Medium,4.98,60,7.3,0,20.0,0.602,This_Month,57.7,2,2,0,1,0
TDMS03587,Critical,5.36,20,13.6,3,71.1,0.852,Immediate,78.3,4,4,0,1,0
TDMS03588,High,5.37,40,16.9,1,29.4,0.751,This_Week,68.4,3,3,0,1,0
TDMS03589,High,3.73,40,22.0,0,36.0,0.771,This_Week,60.6,3,3,0,1,0
TDMS03590,Critical,5.76,20,29.1,2,56.7,0.805,Immediate,59.7,4,4,0,1,0
TDMS03591,Medium,3.0,60,21.6,1,29.1,0.639,This_Month,51.8,2,2,0,1,0
TDMS03592,High,3.72,40,2.7,0,29.9,0.652,This_Week,64.1,3,3,0,1,0
TDMS03593,Medium,3.99,60,18.5,7,58.3,0.745,This_Month,59.2,2,2,0,1,0
TDMS03594,High,4.33,40,1.8,2,48.7,0.794,This_Week,71.8,3,3,0,1,0
TDMS03595,Critical,5.44,20,3.4,0,60.2,0.666,Immediate,76.0,4,4,0,1,0
TDMS03596,Medium,3.67,44,22.2,4,67.4,0.888,This_Month,41.3,2,2,0,1,0
TDMS03597,Critical,5.62,20,21.2,3,47.7,0.585,Immediate,76.1,4,4,0,1,0
TDMS03598,Medium,3.6,60,27.3,3,69.5,0.742,This_Month,59.7,2,2,0,1,0
TDMS03599,Medium,3.8,60,7.4,1,35.1,0.646,This_Month,54.7,2,2,0,1,0
TDMS03600,Medium,3.01,60,13.0,1,76.5,0.737,This_Month,48.5,2,2,0,1,0
TDMS03601,Critical,5.15,20,2.3,1,46.3,0.712,Immediate,78.7,4,4,0,1,0
TDMS03602,Medium,3.16,60,22.1,2,35.4,0.597,This_Month,50.3,2,2,0,1,0
TDMS03603,Medium,3.55,0,14.8,1,34.9,0.758,Programmed,30.0,2,1,0,1,0
TDMS03604,High,5.42,40,1.1,1,53.6,0.699,This_Week,69.1,3,3,0,1,0
TDMS03605,Critical,5.92,20,21.4,3,94.5,0.761,Immediate,71.8,4,4,0,1,0
TDMS03606,High,3.86,40,15.8,0,58.8,0.812,This_Week,66.6,3,3,0,1,0
TDMS03607,Critical,5.79,20,21.9,4,46.6,0.713,Immediate,77.5,4,4,0,1,0
TDMS03608,Critical,4.01,20,22.5,1,73.8,0.719,Immediate,71.4,4,4,0,1,0
TDMS03609,Critical,4.56,20,19.7,1,80.8,0.596,Immediate,79.1,4,4,0,1,0
TDMS03610,High,3.61,40,3.5,0,37.5,0.686,This_Week,65.2,3,3,0,1,0
TDMS03611,High,4.16,40,3.5,0,60.0,0.609,This_Week,65.5,3,3,0,1,0
TDMS03612,High,4.17,40,17.0,1,38.3,0.734,This_Month,55.6,3,2,0,1,0
TDMS03613,High,3.49,40,19.3,5,38.4,0.8,This_Week,72.8,3,3,0,1,0
TDMS03614,Medium,3.47,60,26.9,6,42.0,0.64,This_Month,56.5,2,2,0,1,0
TDMS03615,High,4.48,40,27.0,1,35.4,0.75,This_Week,63.8,3,3,0,1,0
TDMS03616,Critical,4.63,20,19.5,6,68.9,0.802,Immediate,75.0,4,4,0,1,0
TDMS03617,Medium,4.68,22,12.1,1,49.3,0.681,Programmed,33.8,2,1,0,1,0
TDMS03618,Critical,5.98,20,20.8,1,41.8,0.585,Immediate,73.8,4,4,0,1,0
TDMS03619,Critical,4.19,20,7.1,1,70.6,0.506,Immediate,83.3,4,4,0,1,0
TDMS03620,High,4.95,17,21.6,1,59.4,0.737,This_Week,60.8,3,3,0,1,0
TDMS03621,Medium,3.48,27,27.6,8,52.4,0.782,Programmed,35.9,2,1,0,1,0
TDMS03622,High,4.58,40,16.6,4,59.4,0.665,Immediate,75.2,3,4,0,1,0
TDMS03623,Medium,4.07,0,15.1,2,27.4,0.888,Programmed,28.7,2,1,0,1,0
TDMS03624,Critical,5.18,20,28.9,3,41.6,0.696,Immediate,75.4,4,4,0,1,0
TDMS03625,Critical,4.72,20,29.8,1,40.6,0.646,Immediate,72.6,4,4,0,1,0
TDMS03626,High,4.26,40,23.7,4,29.1,0.754,This_Week,65.8,3,3,0,1,0
TDMS03627,Critical,5.63,11,16.8,2,48.8,0.776,Immediate,71.3,4,4,0,1,0
TDMS03628,Medium,4.2,60,11.3,2,54.3,0.871,This_Month,46.7,2,2,0,1,0
TDMS03629,Medium,3.76,60,26.9,3,29.4,0.914,This_Month,50.6,2,2,0,1,0
TDMS03630,Medium,3.3,60,19.4,4,32.0,0.779,This_Month,48.7,2,2,0,1,0
TDMS03631,Medium,3.25,29,11.5,8,68.7,0.658,Programmed,34.0,2,1,0,1,0
TDMS03632,High,5.33,40,4.7,1,37.3,0.684,This_Week,64.8,3,3,0,1,0
TDMS03633,High,4.43,40,14.8,2,57.3,0.735,This_Month,58.1,3,2,0,1,0
TDMS03634,High,4.04,40,21.7,0,37.7,0.715,This_Month,54.0,3,2,0,1,0
TDMS03635,Medium,4.22,60,29.2,1,26.7,0.728,This_Month,43.0,2,2,0,1,0
TDMS03636,Medium,3.49,60,12.4,3,27.7,0.636,This_Month,50.3,2,2,0,1,0
TDMS03637,Medium,4.37,7,6.9,4,35.4,0.932,Programmed,33.6,2,1,0,1,0
TDMS03638,Critical,4.54,20,19.1,1,54.7,0.696,Immediate,73.1,4,4,0,1,0
TDMS03639,Critical,5.05,20,21.3,1,75.1,0.681,Immediate,78.4,4,4,0,1,0
TDMS03640,High,5.3,40,27.5,1,26.1,0.782,This_Week,68.3,3,3,0,1,0
TDMS03641,Medium,3.14,60,10.3,4,33.1,0.715,This_Month,52.8,2,2,0,1,0
TDMS03642,Critical,4.55,20,6.1,3,41.1,0.741,Immediate,69.7,4,4,0,1,0
TDMS03643,Medium,5.28,60,13.2,1,69.6,0.768,This_Month,58.4,2,2,0,1,0
TDMS03644,Medium,2.77,60,22.1,3,27.0,0.791,This_Month,46.1,2,2,0,1,0
TDMS03645,High,3.95,40,8.5,2,48.5,0.76,This_Week,71.3,3,3,0,1,0
TDMS03646,High,4.15,40,22.0,3,36.9,0.872,This_Week,61.1,3,3,0,1,0
TDMS03647,Critical,5.55,20,17.4,2,41.5,0.772,Immediate,77.2,4,4,0,1,0
TDMS03648,Medium,3.68,60,24.1,2,29.5,0.667,This_Month,54.5,2,2,0,1,0
TDMS03649,High,4.81,40,2.9,1,77.0,0.692,This_Month,48.7,3,2,0,1,0
TDMS03650,Critical,5.26,20,20.7,1,67.1,0.663,Immediate,68.3,4,4,0,1,0
TDMS03651,Critical,4.13,20,2.3,1,70.2,0.661,Immediate,81.1,4,4,0,1,0
TDMS03652,Medium,3.71,0,23.1,3,50.6,0.96,Programmed,31.4,2,1,0,1,0
TDMS03653,Critical,5.74,20,22.1,4,38.4,0.749,Immediate,70.6,4,4,0,1,0
TDMS03654,Medium,3.1,24,11.4,1,23.0,0.674,Programmed,29.5,2,1,0,1,0
TDMS03655,Medium,3.47,0,22.7,3,23.8,0.96,Programmed,35.6,2,1,0,1,0
TDMS03656,Medium,3.57,60,2.5,2,51.1,0.794,This_Month,55.0,2,2,0,1,0
TDMS03657,Medium,4.01,60,23.7,1,26.6,0.645,This_Month,54.5,2,2,0,1,0
TDMS03658,Critical,4.48,20,12.7,2,35.2,0.918,Immediate,79.3,4,4,0,1,0
TDMS03659,Critical,5.28,0,22.6,2,90.4,0.866,Immediate,63.0,4,4,0,1,0
TDMS03660,Critical,5.11,20,13.4,2,49.1,0.747,Immediate,72.3,4,4,0,1,0
TDMS03661,High,4.22,40,12.5,3,24.1,0.754,This_Month,57.1,3,2,0,1,0
TDMS03662,Medium,2.83,60,28.0,5,15.6,0.608,This_Month,46.6,2,2,0,1,0
TDMS03663,Critical,4.55,7,22.0,2,37.2,0.902,Immediate,72.6,4,4,0,1,0
TDMS03664,High,3.28,40,1.3,2,67.9,0.895,This_Week,61.1,3,3,0,1,0
TDMS03665,Critical,6.2,20,17.3,0,69.4,0.656,Immediate,79.2,4,4,0,1,0
TDMS03666,High,3.95,39,9.7,1,67.1,0.818,This_Week,64.5,3,3,0,1,0
TDMS03667,High,4.12,40,28.1,0,40.3,0.687,This_Month,55.8,3,2,0,1,0
TDMS03668,Critical,4.49,20,24.8,0,69.2,0.754,Immediate,77.8,4,4,0,1,0
TDMS03669,Critical,5.8,20,27.2,2,61.9,0.803,Immediate,72.0,4,4,0,1,0
TDMS03670,Medium,2.89,60,8.1,2,35.5,0.953,This_Month,52.3,2,2,0,1,0
TDMS03671,High,4.61,20,28.0,3,34.9,0.76,This_Month,58.0,3,2,0,1,0
TDMS03672,Critical,5.91,0,22.0,4,49.8,0.874,Immediate,71.8,4,4,0,1,0
TDMS03673,Critical,4.26,20,2.2,1,37.9,0.699,Immediate,70.6,4,4,0,1,0
TDMS03674,Critical,3.99,20,10.5,1,73.8,0.545,Immediate,76.5,4,4,0,1,0
TDMS03675,High,4.9,40,5.1,1,55.3,0.592,This_Week,68.4,3,3,0,1,0
TDMS03676,Critical,5.09,20,29.9,1,40.2,0.67,Immediate,80.6,4,4,0,1,0
TDMS03677,Medium,2.25,60,1.2,1,30.8,0.646,This_Month,57.9,2,2,0,1,0
TDMS03678,Critical,5.45,20,27.2,1,56.1,0.523,Immediate,77.3,4,4,0,1,0
TDMS03679,Critical,5.05,20,18.8,2,71.5,0.747,Immediate,77.7,4,4,0,1,0
TDMS03680,Medium,3.54,60,14.9,4,38.9,0.861,This_Month,48.3,2,2,0,1,0
TDMS03681,Critical,5.95,20,26.7,5,66.7,0.738,Immediate,73.7,4,4,0,1,0
TDMS03682,Medium,4.54,60,8.8,0,29.5,0.596,This_Month,55.6,2,2,0,1,0
TDMS03683,Medium,3.89,60,10.8,1,13.3,0.691,This_Month,43.4,2,2,0,1,0
TDMS03684,High,4.63,40,18.3,2,22.1,0.844,This_Week,72.2,3,3,0,1,0
TDMS03685,Medium,3.16,60,22.9,1,19.2,0.5,This_Month,53.5,2,2,0,1,0
TDMS03686,High,4.19,40,7.1,1,32.5,0.738,This_Week,61.7,3,3,0,1,0
TDMS03687,Medium,4.36,60,25.0,2,58.5,0.795,This_Month,54.8,2,2,0,1,0
TDMS03688,Critical,5.77,20,26.1,2,33.7,0.783,Immediate,75.3,4,4,0,1,0
TDMS03689,Medium,3.4,35,16.0,1,66.9,0.55,This_Month,44.8,2,2,0,1,0
TDMS03690,Critical,3.52,20,9.9,2,41.6,0.804,Immediate,74.4,4,4,0,1,0
TDMS03691,High,4.45,40,7.1,1,27.5,0.743,This_Week,67.7,3,3,0,1,0
TDMS03692,Critical,4.9,20,19.6,2,50.8,0.838,Immediate,67.0,4,4,0,1,0
TDMS03693,Medium,3.88,0,7.1,3,24.7,0.861,Programmed,26.3,2,1,0,1,0
TDMS03694,High,4.03,40,26.9,3,59.3,0.844,This_Week,61.3,3,3,0,1,0
TDMS03695,High,5.36,40,25.6,2,30.5,0.779,This_Week,65.2,3,3,0,1,0
TDMS03696,High,5.49,40,15.8,2,58.4,0.69,This_Week,67.9,3,3,0,1,0
TDMS03697,Medium,5.47,60,13.9,3,33.5,0.776,This_Month,45.3,2,2,0,1,0
TDMS03698,High,3.79,40,6.1,2,60.9,0.877,This_Week,65.0,3,3,0,1,0
TDMS03699,High,4.24,40,12.0,1,31.4,0.774,This_Month,59.4,3,2,0,1,0
TDMS03700,High,3.91,40,9.3,1,39.2,0.648,This_Week,60.4,3,3,0,1,0
TDMS03701,High,4.34,40,24.7,1,41.8,0.583,This_Week,68.0,3,3,0,1,0
TDMS03702,Critical,4.78,20,20.3,1,70.5,0.766,Immediate,75.3,4,4,0,1,0
TDMS03703,Critical,5.07,20,7.1,0,78.6,0.658,Immediate,74.5,4,4,0,1,0
TDMS03704,Critical,4.7,20,3.2,2,34.4,0.632,Immediate,87.3,4,4,0,1,0
TDMS03705,Critical,5.95,20,12.1,4,38.1,0.717,Immediate,77.6,4,4,0,1,0
TDMS03706,Critical,4.6,20,27.1,2,37.8,0.877,Immediate,78.1,4,4,0,1,0
TDMS03707,Critical,3.18,20,7.3,1,92.0,0.62,Immediate,78.0,4,4,0,1,0
TDMS03708,High,3.85,40,10.4,1,68.3,0.702,This_Month,59.1,3,2,0,1,0
TDMS03709,High,3.67,0,29.9,1,39.1,0.778,This_Month,48.4,3,2,0,1,0
TDMS03710,Critical,4.67,20,10.6,0,67.4,0.755,Immediate,72.5,4,4,0,1,0
TDMS03711,High,3.87,40,24.1,1,28.0,0.791,This_Week,65.3,3,3,0,1,0
TDMS03712,High,5.09,40,29.5,6,70.2,0.759,This_Week,71.6,3,3,0,1,0
TDMS03713,Critical,5.13,20,7.9,0,70.1,0.644,Immediate,67.2,4,4,0,1,0
TDMS03714,Medium,3.64,60,20.0,2,33.2,0.837,This_Week,61.5,2,3,0,1,0
TDMS03715,Critical,4.19,20,13.9,1,83.7,0.562,Immediate,78.7,4,4,0,1,0
TDMS03716,Critical,5.54,20,17.3,4,54.7,0.798,Immediate,76.3,4,4,0,1,0
TDMS03717,Medium,4.39,60,8.5,2,30.5,0.712,This_Month,55.2,2,2,0,1,0
TDMS03718,Critical,5.66,20,19.6,5,62.9,0.855,Immediate,68.1,4,4,0,1,0
TDMS03719,Medium,4.38,60,24.7,3,50.4,0.949,This_Month,47.9,2,2,0,1,0
TDMS03720,High,3.54,40,14.5,2,30.2,0.609,This_Week,64.0,3,3,0,1,0
TDMS03721,Critical,5.76,20,26.6,5,47.3,0.802,Immediate,71.7,4,4,0,1,0
TDMS03722,Medium,3.34,60,12.9,1,30.5,0.764,This_Month,55.0,2,2,0,1,0
TDMS03723,Medium,3.81,60,23.3,1,56.8,0.773,This_Month,46.6,2,2,0,1,0
TDMS03724,Medium,4.07,60,26.7,2,34.6,0.741,This_Month,59.4,2,2,0,1,0
TDMS03725,Medium,3.12,60,22.3,0,20.2,0.678,This_Month,53.0,2,2,0,1,0
TDMS03726,High,4.07,40,10.3,1,60.8,0.681,This_Month,59.9,3,2,0,1,0
TDMS03727,Medium,3.02,0,5.9,0,34.8,0.87,Programmed,25.0,2,1,0,1,0
TDMS03728,Critical,5.37,20,10.2,1,53.4,0.73,Immediate,75.2,4,4,0,1,0
TDMS03729,Critical,6.49,20,10.0,1,43.9,0.754,Immediate,74.5,4,4,0,1,0
TDMS03730,Critical,4.5,20,20.3,6,29.9,0.634,Immediate,77.7,4,4,0,1,0
TDMS03731,Medium,3.99,22,15.1,2,26.0,0.727,Programmed,33.9,2,1,0,1,0
TDMS03732,Medium,3.75,60,19.3,3,23.6,0.759,This_Month,46.6,2,2,0,1,0
TDMS03733,Critical,6.5,20,9.3,0,32.7,0.549,Immediate,73.1,4,4,0,1,0
TDMS03734,Critical,4.63,20,7.8,0,49.0,0.666,Immediate,75.9,4,4,0,1,0
TDMS03735,Critical,5.68,20,18.8,3,38.0,0.932,Immediate,79.0,4,4,0,1,0
TDMS03736,Critical,4.56,20,28.9,3,44.5,0.892,Immediate,82.3,4,4,0,1,0
TDMS03737,High,4.03,40,21.2,1,35.2,0.811,This_Week,70.2,3,3,0,1,0
TDMS03738,Medium,3.16,60,8.5,1,63.9,0.676,This_Month,54.5,2,2,0,1,0
TDMS03739,Medium,4.16,60,7.8,0,59.6,0.762,This_Month,45.1,2,2,0,1,0
TDMS03740,Medium,3.49,60,7.8,1,53.1,0.503,Programmed,37.4,2,1,0,1,0
TDMS03741,High,3.72,40,23.5,2,52.8,0.834,This_Week,62.5,3,3,0,1,0
TDMS03742,High,3.8,9,27.0,6,60.4,0.783,This_Month,49.1,3,2,0,1,0
TDMS03743,High,3.66,40,13.2,4,30.6,0.691,This_Week,62.7,3,3,0,1,0
TDMS03744,Medium,4.0,60,9.3,1,34.2,0.623,This_Month,48.6,2,2,0,1,0
TDMS03745,High,5.81,40,24.9,0,60.1,0.648,This_Week,67.5,3,3,0,1,0
TDMS03746,Medium,2.92,60,24.3,1,23.6,0.823,This_Month,58.1,2,2,0,1,0
TDMS03747,Critical,4.74,20,13.9,3,71.9,0.734,Immediate,83.5,4,4,0,1,0
TDMS03748,Critical,5.35,20,17.1,3,65.6,0.843,Immediate,82.4,4,4,0,1,0
TDMS03749,Medium,3.31,60,4.7,4,28.4,0.822,This_Month,53.2,2,2,0,1,0
TDMS03750,Medium,2.8,60,13.4,1,65.2,0.754,This_Month,42.1,2,2,0,1,0
TDMS03751,High,5.11,10,22.8,1,79.8,0.765,This_Month,54.4,3,2,0,1,0
TDMS03752,Critical,5.49,20,5.6,3,67.4,0.859,Immediate,75.2,4,4,0,1,0
TDMS03753,Medium,3.51,27,20.7,3,18.3,0.746,Programmed,32.8,2,1,0,1,0
TDMS03754,Medium,3.68,60,29.4,4,42.8,0.872,This_Month,48.3,2,2,0,1,0
TDMS03755,Critical,4.95,20,25.9,3,69.2,0.731,Immediate,83.2,4,4,0,1,0
TDMS03756,Medium,3.86,0,3.4,1,50.2,0.811,Programmed,25.4,2,1,0,1,0
TDMS03757,Critical,3.97,20,13.8,2,58.0,0.856,Immediate,79.8,4,4,0,1,0
TDMS03758,Critical,5.65,20,14.4,0,47.3,0.681,Immediate,79.3,4,4,0,1,0
TDMS03759,Medium,4.37,60,17.4,1,11.6,0.775,This_Month,56.7,2,2,0,1,0
TDMS03760,Critical,3.83,20,20.4,3,68.8,0.71,Immediate,80.3,4,4,0,1,0
TDMS03761,High,4.09,37,12.4,1,25.5,0.6,This_Month,53.8,3,2,0,1,0
TDMS03762,Medium,4.03,46,27.7,6,66.0,0.829,This_Month,53.6,2,2,0,1,0
TDMS03763,Medium,3.86,47,10.4,1,22.5,0.678,This_Month,43.8,2,2,0,1,0
TDMS03764,High,4.08,40,23.5,1,21.7,0.606,This_Month,53.3,3,2,0,1,0
TDMS03765,Critical,5.86,20,16.6,2,46.2,0.76,Immediate,79.4,4,4,0,1,0
TDMS03766,Critical,5.8,20,20.6,1,46.5,0.705,Immediate,75.1,4,4,0,1,0
TDMS03767,Critical,4.51,20,25.2,3,70.0,0.851,Immediate,72.3,4,4,0,1,0
TDMS03768,Medium,3.26,60,20.1,0,65.2,0.665,This_Week,60.8,2,3,0,1,0
TDMS03769,High,3.36,40,18.6,1,57.6,0.655,This_Week,62.0,3,3,0,1,0
TDMS03770,Critical,4.05,20,16.0,0,74.3,0.612,Immediate,80.0,4,4,0,1,0
TDMS03771,Medium,3.6,60,9.7,1,31.4,0.559,This_Month,48.5,2,2,0,1,0
TDMS03772,Medium,3.26,60,24.7,5,37.9,0.755,This_Month,53.3,2,2,0,1,0
TDMS03773,High,3.29,40,5.8,1,58.3,0.718,This_Week,62.3,3,3,0,1,0
TDMS03774,High,4.22,40,24.4,2,30.7,0.732,This_Week,60.3,3,3,0,1,0
TDMS03775,Critical,4.31,20,26.2,5,47.9,0.792,Immediate,80.0,4,4,0,1,0
TDMS03776,Critical,4.38,20,22.7,2,38.1,0.832,Immediate,80.6,4,4,0,1,0
TDMS03777,Medium,3.71,60,14.9,3,49.8,0.803,This_Month,49.6,2,2,0,1,0
TDMS03778,High,4.98,40,28.6,5,37.3,0.759,This_Week,63.4,3,3,0,1,0
TDMS03779,High,3.97,40,6.3,1,86.8,0.791,This_Week,73.6,3,3,0,1,0
TDMS03780,High,3.89,40,23.8,1,32.4,0.608,This_Week,64.8,3,3,0,1,0
TDMS03781,High,5.09,40,3.4,1,41.0,0.648,This_Week,64.4,3,3,0,1,0
TDMS03782,Medium,4.46,60,21.8,5,24.8,0.795,This_Month,59.0,2,2,0,1,0
TDMS03783,Medium,3.28,60,1.3,0,33.0,0.687,This_Month,52.0,2,2,0,1,0
TDMS03784,Critical,6.0,20,13.5,2,31.5,0.832,Immediate,81.0,4,4,0,1,0
TDMS03785,High,4.16,40,16.7,5,27.5,0.825,This_Week,72.5,3,3,0,1,0
TDMS03786,High,3.48,40,18.4,1,35.5,0.594,This_Week,64.2,3,3,0,1,0
TDMS03787,Critical,4.76,20,27.2,2,64.9,0.872,Immediate,73.9,4,4,0,1,0
TDMS03788,Critical,4.83,20,4.0,2,67.7,0.774,Immediate,77.3,4,4,0,1,0
TDMS03789,Critical,5.32,20,13.7,2,49.7,0.879,Immediate,76.0,4,4,0,1,0
TDMS03790,High,4.19,40,3.1,2,75.7,0.765,This_Week,62.6,3,3,0,1,0
TDMS03791,High,3.4,40,22.7,1,59.6,0.517,This_Month,56.4,3,2,0,1,0
TDMS03792,Medium,3.59,60,23.3,3,16.7,0.773,This_Month,47.0,2,2,0,1,0
TDMS03793,Critical,5.29,20,7.7,0,43.5,0.676,Immediate,69.7,4,4,0,1,0
TDMS03794,Critical,3.54,20,16.7,1,50.9,0.731,Immediate,72.6,4,4,0,1,0
TDMS03795,Critical,4.67,20,12.4,1,70.2,0.637,Immediate,73.2,4,4,0,1,0
TDMS03796,Medium,4.02,60,17.8,3,38.6,0.704,This_Month,47.2,2,2,0,1,0
TDMS03797,High,3.66,40,18.2,1,40.0,0.661,This_Week,64.5,3,3,0,1,0
TDMS03798,Medium,3.96,60,16.1,4,41.0,0.762,This_Month,49.3,2,2,0,1,0
TDMS03799,High,4.68,40,1.9,0,35.4,0.613,This_Week,66.3,3,3,0,1,0
TDMS03800,Medium,4.31,35,29.3,1,30.9,0.805,Programmed,35.1,2,1,0,1,0
TDMS03801,Critical,4.73,20,23.4,8,40.7,0.731,Immediate,80.1,4,4,0,1,0
TDMS03802,Medium,4.29,50,11.5,1,33.8,0.73,Programmed,39.8,2,1,0,1,0
TDMS03803,High,3.61,40,19.6,4,52.6,0.675,This_Week,63.9,3,3,0,1,0
TDMS03804,High,4.34,40,6.5,1,26.4,0.621,This_Week,67.4,3,3,0,1,0
TDMS03805,Medium,3.47,0,2.1,1,45.5,0.796,Programmed,32.3,2,1,0,1,0
TDMS03806,Medium,3.02,60,5.6,0,33.2,0.525,This_Month,52.9,2,2,0,1,0
TDMS03807,High,4.89,40,30.0,0,63.3,0.539,This_Month,54.4,3,2,0,1,0
TDMS03808,High,4.69,40,19.2,2,61.3,0.753,This_Week,70.0,3,3,0,1,0
TDMS03809,High,4.44,40,28.0,6,64.4,0.823,This_Week,66.6,3,3,0,1,0
TDMS03810,High,3.77,40,21.3,1,41.3,0.522,This_Week,60.0,3,3,0,1,0
TDMS03811,Critical,4.69,20,6.8,1,71.1,0.765,Immediate,77.1,4,4,0,1,0
TDMS03812,Medium,2.51,60,9.9,1,39.7,0.599,This_Month,54.4,2,2,0,1,0
TDMS03813,High,5.58,40,18.9,2,62.7,0.625,This_Month,57.9,3,2,0,1,0
TDMS03814,High,4.86,40,28.2,5,37.2,0.784,This_Week,71.5,3,3,0,1,0
TDMS03815,Critical,6.25,20,24.5,3,42.6,0.752,Immediate,77.9,4,4,0,1,0
TDMS03816,Critical,4.84,20,2.5,1,42.0,0.746,Immediate,75.4,4,4,0,1,0
TDMS03817,Medium,2.64,60,1.3,2,27.1,0.696,This_Month,55.5,2,2,0,1,0
TDMS03818,High,4.56,40,3.6,1,35.4,0.693,This_Week,61.1,3,3,0,1,0
TDMS03819,Critical,5.01,20,28.4,2,49.3,0.727,Immediate,84.9,4,4,0,1,0
TDMS03820,High,5.04,40,27.5,4,38.8,0.73,This_Week,70.5,3,3,0,1,0
TDMS03821,High,4.17,40,24.2,2,33.5,0.905,This_Week,69.0,3,3,0,1,0
TDMS03822,Critical,5.85,20,9.6,1,66.3,0.639,Immediate,77.9,4,4,0,1,0
TDMS03823,Critical,5.58,20,5.8,1,73.9,0.599,Immediate,72.8,4,4,0,1,0
TDMS03824,High,4.93,40,14.2,0,22.9,0.68,This_Month,55.3,3,2,0,1,0
TDMS03825,High,3.99,40,29.2,0,30.6,0.709,This_Month,53.4,3,2,0,1,0
TDMS03826,Medium,4.78,60,22.1,1,29.3,0.747,This_Month,52.2,2,2,0,1,0
TDMS03827,Medium,3.57,1,18.8,0,60.7,0.758,Programmed,27.7,2,1,0,1,0
TDMS03828,Critical,4.76,20,22.2,1,37.9,0.65,Immediate,76.8,4,4,0,1,0
TDMS03829,High,4.79,8,15.5,2,27.7,0.923,This_Month,50.1,3,2,0,1,0
TDMS03830,Critical,4.94,20,3.9,0,42.1,0.578,Immediate,67.6,4,4,0,1,0
TDMS03831,Medium,3.34,60,3.8,0,27.5,0.757,This_Month,48.2,2,2,0,1,0
TDMS03832,Medium,3.69,60,6.4,1,58.1,0.56,This_Month,47.9,2,2,0,1,0
TDMS03833,Critical,5.04,20,12.1,0,75.5,0.636,Immediate,76.4,4,4,0,1,0
TDMS03834,Critical,5.18,20,6.3,2,43.6,0.926,Immediate,79.8,4,4,0,1,0
TDMS03835,High,3.83,40,15.9,1,61.7,0.668,This_Week,73.6,3,3,0,1,0
TDMS03836,Critical,5.31,20,18.5,2,45.3,0.835,Immediate,82.2,4,4,0,1,0
TDMS03837,Medium,3.87,60,10.4,1,17.5,0.614,This_Month,57.9,2,2,0,1,0
TDMS03838,Critical,5.41,20,8.6,3,59.8,0.758,Immediate,78.8,4,4,0,1,0
TDMS03839,Medium,3.34,60,27.5,2,35.4,0.796,This_Month,55.8,2,2,0,1,0
TDMS03840,Medium,3.74,60,20.5,1,52.1,0.676,This_Month,54.5,2,2,0,1,0
TDMS03841,Medium,3.48,1,5.4,2,59.1,0.96,Programmed,25.0,2,1,0,1,0
TDMS03842,Medium,4.16,60,17.5,1,44.8,0.644,This_Month,52.6,2,2,0,1,0
TDMS03843,Critical,5.19,13,23.0,4,42.8,0.889,Immediate,66.5,4,4,0,1,0
TDMS03844,High,4.61,40,19.9,1,40.7,0.594,This_Week,71.5,3,3,0,1,0
TDMS03845,High,3.88,40,10.7,1,39.0,0.622,This_Week,62.4,3,3,0,1,0
TDMS03846,Critical,4.93,20,3.3,0,75.0,0.716,Immediate,77.8,4,4,0,1,0
TDMS03847,High,3.74,40,3.9,2,55.2,0.727,This_Week,65.1,3,3,0,1,0
TDMS03848,Critical,6.43,20,29.9,2,48.0,0.936,Immediate,85.5,4,4,0,1,0
TDMS03849,High,5.27,40,18.3,0,55.1,0.678,This_Week,65.7,3,3,0,1,0
TDMS03850,Critical,5.08,20,24.8,4,36.3,0.634,Immediate,75.2,4,4,0,1,0
TDMS03851,High,5.53,40,20.7,2,74.4,0.834,This_Month,59.9,3,2,0,1,0
TDMS03852,Critical,5.42,20,8.0,1,69.6,0.722,Immediate,78.5,4,4,0,1,0
TDMS03853,High,5.01,40,10.8,3,34.2,0.847,This_Week,62.9,3,3,0,1,0
TDMS03854,Critical,4.93,20,12.0,2,40.5,0.77,Immediate,73.3,4,4,0,1,0
TDMS03855,High,3.8,40,26.0,3,49.0,0.816,This_Week,72.2,3,3,0,1,0
TDMS03856,Medium,3.36,35,9.9,4,18.4,0.63,This_Month,45.7,2,2,0,1,0
TDMS03857,Medium,3.88,60,15.1,0,50.9,0.699,This_Month,51.4,2,2,0,1,0
TDMS03858,Medium,3.04,60,26.4,2,27.1,0.827,This_Month,41.7,2,2,0,1,0
TDMS03859,High,3.71,40,2.3,2,60.6,0.757,This_Week,65.1,3,3,0,1,0
TDMS03860,Critical,4.31,20,27.2,4,54.0,0.863,Immediate,79.4,4,4,0,1,0
TDMS03861,High,4.25,0,10.7,3,61.3,0.899,This_Month,43.8,3,2,0,1,0
TDMS03862,Medium,2.9,60,27.4,0,33.5,0.628,This_Month,49.3,2,2,0,1,0
TDMS03863,Critical,5.07,20,4.7,3,79.8,0.691,Immediate,68.4,4,4,0,1,0
TDMS03864,Critical,4.82,20,7.6,3,51.3,0.729,Immediate,83.2,4,4,0,1,0
TDMS03865,High,3.62,40,29.4,2,57.6,0.725,This_Week,68.9,3,3,0,1,0
TDMS03866,High,5.39,40,21.4,3,37.5,0.677,This_Week,64.5,3,3,0,1,0
TDMS03867,High,3.8,40,10.4,1,73.2,0.668,This_Week,63.0,3,3,0,1,0
TDMS03868,Critical,4.63,20,27.2,7,74.0,0.68,Immediate,76.0,4,4,0,1,0
TDMS03869,Medium,3.69,60,3.6,1,28.1,0.656,This_Month,40.1,2,2,0,1,0
TDMS03870,Medium,3.34,60,23.1,4,37.2,0.803,This_Month,52.9,2,2,0,1,0
TDMS03871,Critical,6.19,20,24.8,2,44.1,0.815,Immediate,76.6,4,4,0,1,0
TDMS03872,Medium,3.25,60,16.6,0,42.2,0.629,This_Month,54.3,2,2,0,1,0
TDMS03873,Medium,3.68,48,22.4,2,31.9,0.749,This_Month,50.0,2,2,0,1,0
TDMS03874,High,4.05,40,6.6,0,39.7,0.621,This_Week,61.0,3,3,0,1,0
TDMS03875,Critical,3.88,20,19.5,2,46.6,0.821,Immediate,73.4,4,4,0,1,0
TDMS03876,High,4.42,40,18.3,0,34.5,0.666,This_Week,66.9,3,3,0,1,0
TDMS03877,Critical,4.4,20,17.7,3,36.8,0.846,Immediate,79.3,4,4,0,1,0
TDMS03878,High,4.96,40,2.0,1,59.5,0.681,This_Week,64.2,3,3,0,1,0
TDMS03879,High,4.26,40,12.9,1,59.1,0.619,This_Week,60.0,3,3,0,1,0
TDMS03880,Medium,4.13,60,6.1,5,24.9,0.928,This_Month,48.9,2,2,0,1,0
TDMS03881,Medium,4.33,60,19.7,1,22.5,0.745,This_Month,45.0,2,2,0,1,0
TDMS03882,Critical,6.13,20,13.6,4,55.1,0.84,Immediate,79.1,4,4,0,1,0
TDMS03883,Critical,4.78,20,1.7,1,79.4,0.643,Immediate,71.9,4,4,0,1,0
TDMS03884,Medium,2.01,60,9.7,4,69.9,0.657,This_Month,56.3,2,2,0,1,0
TDMS03885,High,3.79,40,14.1,0,42.2,0.746,This_Week,62.9,3,3,0,1,0
TDMS03886,Critical,5.14,20,6.1,3,66.6,0.672,Immediate,77.4,4,4,0,1,0
TDMS03887,Critical,5.4,20,13.3,2,38.1,0.768,Immediate,78.6,4,4,0,1,0
TDMS03888,Critical,5.47,20,21.2,2,45.8,0.812,Immediate,81.5,4,4,0,1,0
TDMS03889,High,3.95,40,26.1,0,34.9,0.674,This_Week,67.7,3,3,0,1,0
TDMS03890,Medium,3.12,60,17.2,1,57.5,0.676,This_Month,51.4,2,2,0,1,0
TDMS03891,Medium,3.33,60,18.4,2,37.9,0.84,This_Month,41.6,2,2,0,1,0
TDMS03892,Medium,3.53,60,7.5,3,44.6,0.911,This_Month,49.0,2,2,0,1,0
TDMS03893,High,4.06,40,6.5,0,82.4,0.602,This_Week,60.6,3,3,0,1,0
TDMS03894,High,4.01,40,3.6,1,39.8,0.659,This_Week,66.8,3,3,0,1,0
TDMS03895,Medium,4.29,60,7.0,0,59.0,0.691,This_Month,52.2,2,2,0,1,0
TDMS03896,Medium,3.53,60,14.6,1,23.1,0.819,This_Month,56.0,2,2,0,1,0
TDMS03897,Critical,5.34,20,12.6,3,64.7,0.709,Immediate,78.9,4,4,0,1,0
TDMS03898,Medium,3.41,60,7.7,1,56.7,0.611,This_Month,52.5,2,2,0,1,0
TDMS03899,Critical,5.26,20,8.8,0,67.1,0.674,Immediate,74.5,4,4,0,1,0
TDMS03900,Critical,5.92,20,22.8,2,75.6,0.798,Immediate,79.6,4,4,0,1,0
TDMS03901,High,3.35,18,3.3,0,52.0,0.897,This_Month,53.3,3,2,0,1,0
TDMS03902,Medium,4.26,60,1.7,0,18.6,0.654,This_Month,53.3,2,2,0,1,0
TDMS03903,High,3.48,40,8.5,4,25.9,0.734,This_Week,60.1,3,3,0,1,0
TDMS03904,Medium,3.87,58,17.4,0,25.3,0.674,This_Month,51.0,2,2,0,1,0
TDMS03905,Medium,3.94,60,12.5,1,20.3,0.637,This_Month,46.3,2,2,0,1,0
TDMS03906,High,4.31,40,15.0,4,80.6,0.825,This_Week,70.1,3,3,0,1,0
TDMS03907,High,4.02,40,7.2,0,41.0,0.736,This_Week,61.4,3,3,0,1,0
TDMS03908,High,3.59,40,8.5,0,60.7,0.581,This_Week,67.9,3,3,0,1,0
TDMS03909,Critical,4.66,19,7.2,1,59.0,0.905,Immediate,75.8,4,4,0,1,0
TDMS03910,Medium,2.43,60,21.6,1,34.0,0.667,This_Month,55.2,2,2,0,1,0
TDMS03911,High,4.11,40,13.3,3,39.4,0.704,This_Month,57.9,3,2,0,1,0
TDMS03912,High,4.9,40,28.4,1,71.1,0.74,This_Week,61.8,3,3,0,1,0
TDMS03913,High,5.11,40,25.7,0,60.2,0.547,This_Month,57.9,3,2,0,1,0
TDMS03914,Medium,3.62,60,18.6,4,47.9,0.787,This_Month,49.0,2,2,0,1,0
TDMS03915,Medium,3.34,60,27.3,2,26.3,0.603,This_Month,47.2,2,2,0,1,0
TDMS03916,Medium,4.02,60,18.0,1,26.3,0.763,This_Month,50.8,2,2,0,1,0
TDMS03917,Medium,4.77,60,10.4,2,49.0,0.86,This_Month,47.7,2,2,0,1,0
TDMS03918,Medium,2.58,60,26.7,3,27.1,0.868,This_Month,42.5,2,2,0,1,0
TDMS03919,Medium,2.91,60,25.4,2,45.8,0.743,This_Month,46.3,2,2,0,1,0
TDMS03920,Medium,3.85,7,15.5,3,27.2,0.833,Programmed,27.6,2,1,0,1,0
TDMS03921,Medium,3.57,0,7.5,0,35.6,0.815,Programmed,34.7,2,1,0,1,0
TDMS03922,Medium,2.78,60,25.4,3,40.6,0.824,This_Month,53.1,2,2,0,1,0
TDMS03923,Critical,4.3,20,20.1,3,64.0,0.798,Immediate,78.6,4,4,0,1,0
TDMS03924,Medium,3.55,60,13.2,6,52.5,0.798,This_Week,60.0,2,3,0,1,0
TDMS03925,High,4.07,40,10.8,1,56.1,0.752,This_Week,61.1,3,3,0,1,0
TDMS03926,Medium,3.88,0,25.8,1,26.4,0.732,Programmed,25.0,2,1,0,1,0
TDMS03927,High,3.97,40,27.9,2,43.4,0.754,This_Week,72.8,3,3,0,1,0
TDMS03928,Medium,3.92,60,26.3,6,50.5,0.714,This_Month,56.4,2,2,0,1,0
TDMS03929,High,4.65,40,23.2,3,42.1,0.796,This_Month,58.4,3,2,0,1,0
TDMS03930,High,3.72,40,2.6,0,52.5,0.654,This_Week,60.7,3,3,0,1,0
TDMS03931,Critical,6.5,3,19.7,1,46.8,0.829,Immediate,67.9,4,4,0,1,0
TDMS03932,Critical,3.69,20,5.5,1,43.3,0.665,Immediate,73.8,4,4,0,1,0
TDMS03933,Critical,5.03,20,1.8,3,50.5,0.908,Immediate,78.5,4,4,0,1,0
TDMS03934,Critical,4.72,20,7.2,2,66.0,0.679,Immediate,75.1,4,4,0,1,0
TDMS03935,High,4.29,40,10.3,3,44.6,0.783,This_Week,61.4,3,3,0,1,0
TDMS03936,High,4.65,40,8.3,2,71.5,0.936,This_Week,63.3,3,3,0,1,0
TDMS03937,Critical,5.48,20,26.3,4,43.2,0.811,Immediate,76.0,4,4,0,1,0
TDMS03938,Critical,3.97,20,5.2,2,47.6,0.845,Immediate,72.3,4,4,0,1,0
TDMS03939,Critical,5.37,20,15.8,1,45.0,0.62,Immediate,85.4,4,4,0,1,0
TDMS03940,Medium,3.57,60,19.1,1,29.2,0.775,This_Month,55.6,2,2,0,1,0
TDMS03941,Critical,4.08,20,6.4,1,41.3,0.79,Immediate,80.7,4,4,0,1,0
TDMS03942,Medium,4.45,60,11.5,0,29.7,0.548,This_Month,49.7,2,2,0,1,0
TDMS03943,Medium,2.98,60,23.6,3,31.4,0.698,This_Month,55.8,2,2,0,1,0
TDMS03944,Medium,3.6,0,29.3,0,52.8,0.601,Programmed,28.7,2,1,0,1,0
TDMS03945,Medium,4.84,60,15.7,3,29.0,0.748,This_Month,56.6,2,2,0,1,0
TDMS03946,Medium,3.56,60,11.5,1,55.7,0.752,This_Month,52.0,2,2,0,1,0
TDMS03947,Medium,2.86,60,5.9,3,26.7,0.795,This_Month,56.2,2,2,0,1,0
TDMS03948,Critical,4.37,20,6.8,1,51.1,0.737,Immediate,73.1,4,4,0,1,0
TDMS03949,Medium,3.58,0,2.3,1,61.2,0.785,Programmed,25.0,2,1,0,1,0
TDMS03950,High,5.22,40,13.0,3,55.7,0.71,This_Week,60.6,3,3,0,1,0
TDMS03951,High,3.98,40,1.6,2,62.9,0.812,This_Week,62.7,3,3,0,1,0
TDMS03952,High,5.25,40,5.8,2,52.7,0.922,This_Week,62.8,3,3,0,1,0
TDMS03953,Critical,5.05,20,12.5,1,41.2,0.639,Immediate,84.8,4,4,0,1,0
TDMS03954,High,5.18,40,27.4,0,57.6,0.743,This_Week,61.4,3,3,0,1,0
TDMS03955,Critical,4.7,20,24.9,5,48.7,0.871,Immediate,78.0,4,4,0,1,0
TDMS03956,Medium,3.52,60,24.4,2,28.0,0.722,This_Month,56.4,2,2,0,1,0
TDMS03957,Medium,2.59,60,2.2,3,49.7,0.719,This_Month,51.7,2,2,0,1,0
TDMS03958,Medium,3.19,0,25.0,2,22.3,0.96,Programmed,29.9,2,1,0,1,0
TDMS03959,High,4.76,32,10.3,1,60.1,0.653,This_Week,62.2,3,3,0,1,0
TDMS03960,High,4.53,40,10.8,2,56.3,0.879,This_Week,67.1,3,3,0,1,0
TDMS03961,Medium,3.77,60,17.6,1,55.6,0.752,This_Month,54.1,2,2,0,1,0
TDMS03962,Critical,5.47,20,23.9,1,72.2,0.695,Immediate,85.6,4,4,0,1,0
TDMS03963,Medium,4.57,60,10.2,1,56.9,0.744,This_Month,53.1,2,2,0,1,0
TDMS03964,Critical,5.01,20,2.2,1,58.5,0.652,Immediate,69.0,4,4,0,1,0
TDMS03965,High,4.82,0,9.3,1,53.7,0.831,This_Month,52.7,3,2,0,1,0
TDMS03966,High,4.52,5,18.0,4,30.6,0.88,This_Month,48.9,3,2,0,1,0
TDMS03967,High,3.96,40,14.0,2,38.4,0.765,This_Week,63.6,3,3,0,1,0
TDMS03968,Critical,5.45,20,12.1,2,44.5,0.809,Immediate,82.4,4,4,0,1,0
TDMS03969,High,4.21,40,6.2,4,27.3,0.836,This_Week,63.9,3,3,0,1,0
TDMS03970,Medium,4.38,60,27.6,2,44.1,0.84,This_Month,46.1,2,2,0,1,0
TDMS03971,High,4.47,40,29.0,5,44.0,0.891,This_Week,63.4,3,3,0,1,0
TDMS03972,Medium,3.95,60,2.1,1,50.4,0.706,This_Month,50.4,2,2,0,1,0
TDMS03973,Medium,3.33,0,24.2,3,46.6,0.854,Programmed,25.0,2,1,0,1,0
TDMS03974,Medium,3.66,60,19.6,1,76.8,0.711,This_Month,51.5,2,2,0,1,0
TDMS03975,High,4.55,40,24.4,2,47.2,0.695,This_Week,64.3,3,3,0,1,0
TDMS03976,Critical,5.06,20,18.4,3,46.3,0.784,Immediate,83.4,4,4,0,1,0
TDMS03977,High,5.29,15,9.5,1,33.3,0.796,This_Month,48.1,3,2,0,1,0
TDMS03978,High,4.45,40,25.3,2,38.4,0.78,This_Week,72.0,3,3,0,1,0
TDMS03979,Critical,4.14,20,10.6,0,42.7,0.575,Immediate,73.5,4,4,0,1,0
TDMS03980,Critical,5.34,20,8.1,1,58.3,0.725,Immediate,85.7,4,4,0,1,0
TDMS03981,High,4.31,40,27.8,3,30.2,0.889,This_Week,63.7,3,3,0,1,0
TDMS03982,Medium,4.07,60,29.5,2,21.1,0.749,This_Month,53.2,2,2,0,1,0
TDMS03983,Medium,3.63,60,25.1,2,26.7,0.756,This_Month,52.5,2,2,0,1,0
TDMS03984,High,4.05,40,11.7,2,55.2,0.865,This_Week,65.0,3,3,0,1,0
TDMS03985,Critical,5.3,20,26.9,3,47.6,0.588,Immediate,82.1,4,4,0,1,0
TDMS03986,Critical,4.08,20,26.7,5,41.9,0.764,Immediate,86.3,4,4,0,1,0
TDMS03987,High,4.49,40,2.9,0,32.0,0.621,This_Week,65.9,3,3,0,1,0
TDMS03988,Critical,4.06,20,25.4,3,50.0,0.868,Immediate,73.4,4,4,0,1,0
TDMS03989,Medium,3.33,60,5.4,1,23.1,0.623,This_Month,49.8,2,2,0,1,0
TDMS03990,Medium,4.42,8,16.0,3,46.5,0.944,Programmed,26.3,2,1,0,1,0
TDMS03991,High,4.03,40,9.2,1,40.2,0.827,This_Week,69.9,3,3,0,1,0
TDMS03992,Critical,4.26,20,6.4,3,66.1,0.796,Immediate,82.5,4,4,0,1,0
TDMS03993,Medium,3.58,60,7.9,1,57.6,0.641,This_Month,50.2,2,2,0,1,0
TDMS03994,High,4.35,40,27.9,4,39.4,0.735,This_Week,64.6,3,3,0,1,0
TDMS03995,Medium,3.86,60,13.4,0,24.8,0.727,This_Month,47.4,2,2,0,1,0
TDMS03996,Critical,4.54,20,21.2,3,29.3,0.906,Immediate,75.3,4,4,0,1,0
TDMS03997,Medium,2.94,60,17.3,1,14.5,0.623,Programmed,37.7,2,1,0,1,0
TDMS03998,High,3.5,40,2.7,1,34.1,0.5,This_Week,62.8,3,3,0,1,0
TDMS03999,High,2.88,40,26.9,0,59.4,0.712,This_Month,52.7,3,2,0,1,0
TDMS04000,High,4.52,8,23.6,5,39.7,0.908,This_Month,53.0,3,2,0,1,0
TDMS04001,Critical,5.93,20,18.7,1,66.9,0.647,Immediate,76.0,4,4,0,1,0
TDMS04002,Medium,3.61,60,29.0,4,30.9,0.703,This_Month,54.6,2,2,0,1,0
TDMS04003,High,4.2,40,12.8,3,31.6,0.655,This_Week,67.6,3,3,0,1,0
TDMS04004,Critical,4.24,20,3.5,0,39.0,0.768,Immediate,71.6,4,4,0,1,0
TDMS04005,High,4.0,31,27.3,2,35.5,0.757,This_Week,64.0,3,3,0,1,0
TDMS04006,High,4.45,40,17.4,4,39.4,0.791,This_Week,60.9,3,3,0,1,0
TDMS04007,Critical,4.27,20,22.2,3,49.1,0.633,Immediate,83.5,4,4,0,1,0
TDMS04008,Medium,3.99,60,5.8,0,34.7,0.633,This_Month,55.4,2,2,0,1,0
TDMS04009,Medium,4.04,60,18.8,3,34.4,0.711,This_Month,49.4,2,2,0,1,0
TDMS04010,Medium,3.91,60,20.4,1,34.7,0.662,This_Month,50.2,2,2,0,1,0
TDMS04011,Critical,4.52,20,9.9,0,60.7,0.709,Immediate,78.0,4,4,0,1,0
TDMS04012,Critical,5.3,20,18.3,3,40.6,0.758,Immediate,70.0,4,4,0,1,0
TDMS04013,Medium,3.18,60,9.0,2,51.3,0.791,This_Month,57.9,2,2,0,1,0
TDMS04014,High,4.98,15,29.0,5,69.3,0.956,This_Week,62.4,3,3,0,1,0
TDMS04015,High,3.87,0,15.2,2,60.1,0.831,This_Month,51.5,3,2,0,1,0
TDMS04016,Medium,4.06,60,1.7,2,48.2,0.91,This_Month,57.3,2,2,0,1,0
TDMS04017,Critical,5.0,20,5.3,1,60.8,0.504,Immediate,80.5,4,4,0,1,0
TDMS04018,Medium,3.81,60,16.3,5,25.4,0.722,This_Month,42.4,2,2,0,1,0
TDMS04019,High,5.06,40,19.9,0,39.7,0.811,This_Week,65.7,3,3,0,1,0
TDMS04020,High,3.47,40,11.4,4,28.7,0.84,This_Week,60.5,3,3,0,1,0
TDMS04021,High,3.55,40,19.8,2,39.2,0.832,This_Week,65.8,3,3,0,1,0
TDMS04022,High,3.37,24,20.1,4,34.6,0.827,This_Week,61.2,3,3,0,1,0
TDMS04023,High,3.96,40,12.5,3,62.1,0.691,This_Week,70.0,3,3,0,1,0
TDMS04024,Critical,4.62,20,24.2,6,53.5,0.745,Immediate,83.3,4,4,0,1,0
TDMS04025,High,4.3,40,3.6,1,44.0,0.664,This_Week,64.1,3,3,0,1,0
TDMS04026,Critical,4.62,20,6.4,2,64.0,0.773,Immediate,71.7,4,4,0,1,0
TDMS04027,Medium,4.04,60,18.4,3,41.3,0.698,This_Month,47.3,2,2,0,1,0
TDMS04028,Critical,5.2,20,22.3,0,69.2,0.724,Immediate,80.1,4,4,0,1,0
TDMS04029,Critical,6.05,20,6.9,1,41.2,0.639,Immediate,71.8,4,4,0,1,0
TDMS04030,High,4.66,40,25.9,4,56.6,0.722,This_Month,56.9,3,2,0,1,0
TDMS04031,Medium,2.48,60,27.4,2,24.4,0.826,This_Month,50.8,2,2,0,1,0
TDMS04032,Medium,3.47,60,25.7,7,39.6,0.829,This_Month,52.9,2,2,0,1,0
TDMS04033,Critical,5.79,20,2.3,0,34.4,0.732,Immediate,82.6,4,4,0,1,0
TDMS04034,Critical,6.34,20,2.3,2,59.6,0.741,Immediate,83.1,4,4,0,1,0
TDMS04035,Critical,4.39,20,28.2,1,50.9,0.662,Immediate,79.9,4,4,0,1,0
TDMS04036,High,4.33,40,1.5,1,70.1,0.733,This_Week,66.9,3,3,0,1,0
TDMS04037,High,5.54,40,5.2,2,35.1,0.862,This_Week,63.7,3,3,0,1,0
TDMS04038,High,4.22,40,25.4,2,21.7,0.795,This_Week,66.3,3,3,0,1,0
TDMS04039,Medium,3.64,60,8.2,4,55.6,0.792,This_Month,58.1,2,2,0,1,0
TDMS04040,High,3.38,40,6.2,0,51.4,0.53,This_Week,61.2,3,3,0,1,0
TDMS04041,High,4.86,40,8.2,2,43.8,0.637,This_Week,67.8,3,3,0,1,0
TDMS04042,Medium,3.46,60,28.1,2,65.2,0.709,This_Month,46.0,2,2,0,1,0
TDMS04043,High,3.76,40,21.2,1,68.9,0.62,This_Month,57.6,3,2,0,1,0
TDMS04044,Medium,4.62,60,8.5,3,24.0,0.86,This_Month,55.4,2,2,0,1,0
TDMS04045,Critical,4.55,20,23.9,1,44.1,0.614,Immediate,68.1,4,4,0,1,0
TDMS04046,Medium,3.35,60,20.9,2,27.8,0.73,This_Month,42.5,2,2,0,1,0
TDMS04047,Medium,4.39,60,11.0,2,33.6,0.866,This_Month,49.0,2,2,0,1,0
TDMS04048,Medium,4.21,60,23.9,6,17.3,0.632,This_Month,50.9,2,2,0,1,0
TDMS04049,Critical,4.72,20,13.7,1,36.1,0.574,Immediate,77.8,4,4,0,1,0
TDMS04050,High,4.72,40,13.8,2,51.9,0.856,This_Week,63.9,3,3,0,1,0
TDMS04051,Medium,4.73,60,28.3,3,27.1,0.88,This_Month,42.2,2,2,0,1,0
TDMS04052,Critical,6.13,20,21.5,3,63.9,0.738,Immediate,67.6,4,4,0,1,0
TDMS04053,High,4.26,0,26.1,4,35.4,0.88,This_Month,54.5,3,2,0,1,0
TDMS04054,Critical,4.25,20,8.6,5,76.4,0.744,Immediate,67.6,4,4,0,1,0
TDMS04055,Critical,5.0,20,10.8,0,66.4,0.542,Immediate,80.7,4,4,0,1,0
TDMS04056,Medium,3.03,60,29.0,3,23.5,0.809,This_Month,59.6,2,2,0,1,0
TDMS04057,High,4.09,40,2.2,0,29.8,0.551,This_Week,61.1,3,3,0,1,0
TDMS04058,Medium,3.94,60,9.8,0,74.6,0.718,This_Month,56.8,2,2,0,1,0
TDMS04059,Critical,5.43,20,25.1,4,65.1,0.88,Immediate,71.7,4,4,0,1,0
TDMS04060,Medium,3.11,60,27.8,2,28.6,0.842,This_Month,44.9,2,2,0,1,0
TDMS04061,High,4.46,40,27.2,2,44.0,0.601,This_Week,65.7,3,3,0,1,0
TDMS04062,Medium,2.87,60,4.7,0,29.7,0.679,This_Month,54.8,2,2,0,1,0
TDMS04063,Critical,5.83,20,3.9,0,65.9,0.715,Immediate,83.8,4,4,0,1,0
TDMS04064,Medium,3.08,60,7.0,0,54.4,0.761,This_Month,55.8,2,2,0,1,0
TDMS04065,Critical,5.56,20,24.7,4,69.8,0.637,Immediate,74.6,4,4,0,1,0
TDMS04066,Medium,4.02,60,19.5,3,22.2,0.884,This_Month,57.3,2,2,0,1,0
TDMS04067,Critical,5.1,20,23.6,1,68.9,0.785,Immediate,86.6,4,4,0,1,0
TDMS04068,High,4.83,40,19.7,2,63.4,0.793,This_Week,64.5,3,3,0,1,0
TDMS04069,Critical,4.73,6,18.5,3,62.7,0.881,Immediate,72.1,4,4,0,1,0
TDMS04070,High,5.04,40,21.4,0,38.8,0.659,This_Month,59.2,3,2,0,1,0
TDMS04071,Critical,4.9,20,2.8,0,47.6,0.7,Immediate,72.1,4,4,0,1,0
TDMS04072,High,5.47,40,2.7,2,30.5,0.728,This_Week,63.4,3,3,0,1,0
TDMS04073,Critical,4.39,20,3.2,1,45.1,0.525,Immediate,69.3,4,4,0,1,0
TDMS04074,Critical,4.95,20,14.0,1,46.1,0.705,Immediate,75.7,4,4,0,1,0
TDMS04075,High,3.63,40,4.2,1,60.9,0.647,This_Week,73.3,3,3,0,1,0
TDMS04076,Critical,5.77,20,28.0,2,50.6,0.706,Immediate,79.7,4,4,0,1,0
TDMS04077,High,2.91,40,21.8,0,52.9,0.761,This_Week,68.2,3,3,0,1,0
TDMS04078,High,5.4,4,3.8,4,31.9,0.842,This_Month,56.3,3,2,0,1,0
TDMS04079,High,4.28,40,7.3,0,67.8,0.576,This_Week,62.2,3,3,0,1,0
TDMS04080,Medium,3.81,60,2.3,0,52.2,0.541,This_Month,53.2,2,2,0,1,0
TDMS04081,High,5.36,40,13.5,2,37.3,0.886,This_Week,64.6,3,3,0,1,0
TDMS04082,Critical,4.43,20,27.7,2,46.3,0.759,Immediate,82.4,4,4,0,1,0
TDMS04083,Medium,3.3,60,7.6,0,54.2,0.683,This_Month,52.7,2,2,0,1,0
TDMS04084,High,3.74,40,28.4,3,33.4,0.778,This_Week,68.1,3,3,0,1,0
TDMS04085,Critical,4.36,20,18.9,2,41.4,0.757,Immediate,73.5,4,4,0,1,0
TDMS04086,High,4.65,40,15.0,4,27.3,0.849,This_Week,71.7,3,3,0,1,0
TDMS04087,Critical,5.46,20,25.6,8,30.4,0.773,Immediate,84.0,4,4,0,1,0
TDMS04088,Medium,2.83,41,2.0,1,54.2,0.768,This_Month,48.1,2,2,0,1,0
TDMS04089,High,4.54,40,1.1,1,31.4,0.668,This_Month,59.2,3,2,0,1,0
TDMS04090,Critical,4.54,13,5.7,2,32.4,0.96,Immediate,66.3,4,4,0,1,0
TDMS04091,Medium,4.48,60,4.5,2,27.0,0.656,This_Month,47.6,2,2,0,1,0
TDMS04092,High,4.85,40,17.3,1,61.2,0.743,This_Month,57.7,3,2,0,1,0
TDMS04093,Medium,3.65,60,10.7,1,53.3,0.656,This_Month,52.1,2,2,0,1,0
TDMS04094,Medium,4.2,26,18.0,4,30.5,0.841,Programmed,25.0,2,1,0,1,0
TDMS04095,High,4.32,40,15.8,2,52.7,0.931,This_Week,69.8,3,3,0,1,0
TDMS04096,Medium,3.94,60,8.9,1,27.9,0.627,This_Month,53.7,2,2,0,1,0
TDMS04097,Medium,4.37,60,3.7,2,30.6,0.759,This_Month,50.3,2,2,0,1,0
TDMS04098,Medium,3.8,60,13.4,0,23.7,0.545,This_Month,51.8,2,2,0,1,0
TDMS04099,Critical,4.67,20,13.2,2,43.4,0.843,Immediate,71.6,4,4,0,1,0
TDMS04100,Critical,4.87,20,6.4,1,43.7,0.658,Immediate,80.4,4,4,0,1,0
TDMS04101,Medium,4.14,60,16.8,2,47.7,0.784,This_Month,56.4,2,2,0,1,0
TDMS04102,High,4.4,40,28.2,2,30.9,0.823,This_Month,54.8,3,2,0,1,0
TDMS04103,Medium,4.15,60,12.6,1,50.3,0.656,This_Month,59.6,2,2,0,1,0
TDMS04104,Medium,4.48,60,3.9,2,26.9,0.747,This_Month,46.0,2,2,0,1,0
TDMS04105,Critical,5.97,20,14.9,3,33.4,0.696,Immediate,76.7,4,4,0,1,0
TDMS04106,High,4.1,40,18.1,2,41.8,0.8,This_Month,54.8,3,2,0,1,0
TDMS04107,Critical,5.22,20,6.8,3,88.0,0.753,Immediate,73.4,4,4,0,1,0
TDMS04108,High,3.17,40,16.9,3,41.4,0.805,This_Week,62.0,3,3,0,1,0
TDMS04109,Critical,3.89,20,24.8,2,61.3,0.723,Immediate,80.5,4,4,0,1,0
TDMS04110,Medium,2.67,60,5.4,1,31.3,0.662,This_Month,45.4,2,2,0,1,0
TDMS04111,High,4.26,40,10.1,1,55.4,0.724,This_Week,64.7,3,3,0,1,0
TDMS04112,High,4.28,40,7.0,2,50.9,0.717,This_Week,61.2,3,3,0,1,0
TDMS04113,Medium,3.76,55,1.3,1,52.4,0.711,This_Month,56.8,2,2,0,1,0
TDMS04114,Medium,3.79,60,2.8,1,32.6,0.782,This_Month,50.3,2,2,0,1,0
TDMS04115,Critical,4.99,20,23.6,5,52.6,0.816,Immediate,72.3,4,4,0,1,0
TDMS04116,Critical,4.87,20,7.0,0,74.9,0.604,Immediate,73.1,4,4,0,1,0
TDMS04117,Critical,3.64,20,6.8,3,42.4,0.92,Immediate,80.6,4,4,0,1,0
TDMS04118,High,4.98,40,4.6,2,77.5,0.87,This_Month,57.8,3,2,0,1,0
TDMS04119,Critical,5.54,20,21.8,1,72.7,0.663,Immediate,75.8,4,4,0,1,0
TDMS04120,High,4.34,40,1.7,2,57.3,0.799,This_Week,60.0,3,3,0,1,0
TDMS04121,High,5.03,40,29.8,1,32.9,0.764,This_Week,62.9,3,3,0,1,0
TDMS04122,Medium,3.72,60,27.7,1,56.9,0.706,This_Month,50.4,2,2,0,1,0
TDMS04123,Medium,3.11,60,5.5,3,24.8,0.84,This_Month,56.6,2,2,0,1,0
TDMS04124,High,3.49,40,29.7,2,40.8,0.798,This_Week,66.0,3,3,0,1,0
TDMS04125,Medium,3.5,60,23.7,1,20.2,0.748,This_Month,40.1,2,2,0,1,0
TDMS04126,Medium,4.07,60,15.7,2,44.8,0.738,Programmed,37.6,2,1,0,1,0
TDMS04127,Medium,5.01,28,15.1,1,57.3,0.697,This_Month,47.6,2,2,0,1,0
TDMS04128,Critical,4.41,20,22.6,4,43.5,0.824,Immediate,79.8,4,4,0,1,0
TDMS04129,High,3.62,40,18.5,0,37.7,0.5,This_Week,60.8,3,3,0,1,0
TDMS04130,High,5.27,37,22.0,3,79.1,0.76,This_Week,66.2,3,3,0,1,0
TDMS04131,Critical,3.93,20,16.0,2,42.7,0.784,Immediate,79.8,4,4,0,1,0
TDMS04132,Medium,4.73,60,22.0,1,46.5,0.617,This_Month,54.9,2,2,0,1,0
TDMS04133,Medium,3.07,60,15.3,2,53.3,0.925,This_Month,51.4,2,2,0,1,0
TDMS04134,Medium,2.84,17,16.7,2,35.0,0.751,Programmed,35.5,2,1,0,1,0
TDMS04135,High,4.01,0,23.0,2,44.5,0.944,This_Month,50.4,3,2,0,1,0
TDMS04136,Critical,5.19,20,2.5,0,43.9,0.5,Immediate,79.4,4,4,0,1,0
TDMS04137,High,4.08,40,10.0,1,37.0,0.687,This_Month,55.8,3,2,0,1,0
TDMS04138,High,5.84,40,13.4,0,47.0,0.655,This_Week,71.1,3,3,0,1,0
TDMS04139,Medium,2.77,60,27.0,1,48.1,0.635,This_Month,57.7,2,2,0,1,0
TDMS04140,Medium,3.95,60,20.0,1,33.4,0.532,This_Month,49.4,2,2,0,1,0
TDMS04141,Critical,5.73,20,2.5,0,68.3,0.768,Immediate,80.8,4,4,0,1,0
TDMS04142,Critical,5.79,20,20.5,2,43.5,0.75,Immediate,80.0,4,4,0,1,0
TDMS04143,Critical,5.76,20,19.1,1,38.1,0.63,Immediate,83.4,4,4,0,1,0
TDMS04144,Medium,4.32,60,4.1,2,42.1,0.729,This_Month,50.4,2,2,0,1,0
TDMS04145,Medium,4.8,60,29.1,3,36.9,0.805,This_Month,50.7,2,2,0,1,0
TDMS04146,Critical,4.45,20,14.8,2,46.6,0.864,Immediate,78.3,4,4,0,1,0
TDMS04147,High,4.96,33,20.9,2,37.1,0.705,This_Week,62.0,3,3,0,1,0
TDMS04148,High,4.7,14,27.5,3,50.1,0.886,This_Month,49.7,3,2,0,1,0
TDMS04149,High,4.77,40,9.6,3,66.1,0.852,This_Week,67.2,3,3,0,1,0
TDMS04150,Critical,5.93,20,22.0,2,83.2,0.784,Immediate,72.8,4,4,0,1,0
TDMS04151,Medium,2.93,60,10.0,1,34.7,0.662,This_Month,49.6,2,2,0,1,0
TDMS04152,Medium,3.88,60,17.1,1,29.0,0.697,This_Month,51.9,2,2,0,1,0
TDMS04153,Critical,4.11,20,3.4,1,70.0,0.654,Immediate,71.8,4,4,0,1,0
TDMS04154,Medium,4.33,60,10.0,1,40.7,0.512,This_Month,51.1,2,2,0,1,0
TDMS04155,Critical,5.46,20,9.8,0,74.9,0.766,Immediate,70.1,4,4,0,1,0
TDMS04156,High,3.5,40,14.3,0,40.2,0.597,This_Week,60.8,3,3,0,1,0
TDMS04157,Medium,3.31,60,2.5,0,76.4,0.517,This_Month,54.2,2,2,0,1,0
TDMS04158,Critical,3.84,20,18.1,1,74.8,0.577,Immediate,76.6,4,4,0,1,0
TDMS04159,Critical,5.34,20,17.5,2,44.3,0.768,Immediate,82.2,4,4,0,1,0
TDMS04160,Critical,4.19,20,1.3,1,42.9,0.634,Immediate,83.3,4,4,0,1,0
TDMS04161,High,4.75,0,10.8,1,28.7,0.608,This_Month,44.4,3,2,0,1,0
TDMS04162,Medium,4.86,60,12.4,1,44.6,0.5,This_Month,44.0,2,2,0,1,0
TDMS04163,Medium,3.73,60,9.8,1,75.2,0.554,This_Month,56.3,2,2,0,1,0
TDMS04164,Critical,5.61,20,5.0,1,41.1,0.544,Immediate,84.2,4,4,0,1,0
TDMS04165,Critical,4.86,20,9.8,0,43.5,0.707,Immediate,86.2,4,4,0,1,0
TDMS04166,Critical,5.88,20,28.6,2,43.3,0.869,Immediate,70.9,4,4,0,1,0
TDMS04167,High,3.89,40,8.1,2,32.7,0.697,This_Week,69.8,3,3,0,1,0
TDMS04168,Medium,4.29,60,5.1,0,32.6,0.66,This_Month,44.4,2,2,0,1,0
TDMS04169,Critical,5.96,20,4.2,2,68.9,0.759,Immediate,76.3,4,4,0,1,0
TDMS04170,High,3.75,40,25.4,1,45.7,0.692,This_Month,54.1,3,2,0,1,0
TDMS04171,Critical,6.02,20,13.4,0,38.7,0.71,Immediate,68.1,4,4,0,1,0
TDMS04172,Medium,3.07,60,20.1,1,64.1,0.763,This_Month,49.8,2,2,0,1,0
TDMS04173,Critical,4.73,20,3.2,0,41.8,0.5,Immediate,75.8,4,4,0,1,0
TDMS04174,Critical,4.31,20,22.8,0,72.3,0.545,Immediate,76.7,4,4,0,1,0
TDMS04175,High,4.32,40,17.5,3,37.4,0.709,This_Week,64.1,3,3,0,1,0
TDMS04176,Critical,4.09,20,4.3,1,92.3,0.733,Immediate,68.2,4,4,0,1,0
TDMS04177,High,4.01,40,28.1,4,39.8,0.76,This_Week,69.3,3,3,0,1,0
TDMS04178,High,4.26,40,28.1,2,59.1,0.701,This_Week,60.2,3,3,0,1,0
TDMS04179,High,4.12,40,28.7,1,54.6,0.701,This_Week,69.4,3,3,0,1,0
TDMS04180,High,4.13,40,27.9,3,38.8,0.854,This_Week,67.7,3,3,0,1,0
TDMS04181,Medium,3.17,60,25.0,4,57.0,0.733,This_Month,47.8,2,2,0,1,0
TDMS04182,High,4.68,34,1.3,3,34.7,0.64,This_Month,55.3,3,2,0,1,0
TDMS04183,High,4.29,40,16.2,6,42.7,0.678,This_Week,67.8,3,3,0,1,0
TDMS04184,Critical,5.37,20,19.0,2,58.6,0.877,Immediate,77.4,4,4,0,1,0
TDMS04185,High,3.26,24,22.7,1,45.1,0.654,This_Week,60.0,3,3,0,1,0
TDMS04186,High,5.67,40,16.5,2,33.5,0.85,This_Week,64.0,3,3,0,1,0
TDMS04187,High,4.29,40,29.9,2,56.5,0.8,This_Week,66.8,3,3,0,1,0
TDMS04188,Critical,5.58,20,27.7,1,68.2,0.676,Immediate,83.5,4,4,0,1,0
TDMS04189,High,4.35,40,20.6,1,36.0,0.758,This_Week,63.9,3,3,0,1,0
TDMS04190,Critical,5.62,20,26.9,3,38.7,0.855,Immediate,74.9,4,4,0,1,0
TDMS04191,High,5.52,40,5.0,3,66.8,0.8,This_Month,55.7,3,2,0,1,0
TDMS04192,Medium,3.62,13,5.7,1,72.0,0.761,Programmed,32.3,2,1,0,1,0
TDMS04193,High,3.65,40,22.5,4,48.0,0.847,This_Week,73.1,3,3,0,1,0
TDMS04194,High,4.55,40,16.7,1,68.2,0.623,This_Week,62.8,3,3,0,1,0
TDMS04195,High,3.62,3,8.0,0,50.0,0.83,This_Month,48.0,3,2,0,1,0
TDMS04196,High,4.63,40,20.2,4,91.8,0.69,This_Month,59.5,3,2,0,1,0
TDMS04197,Critical,5.21,20,2.0,1,57.1,0.666,Immediate,80.3,4,4,0,1,0
TDMS04198,Critical,5.76,20,12.2,0,67.2,0.662,Immediate,67.6,4,4,0,1,0
TDMS04199,High,3.85,0,23.9,1,38.0,0.747,This_Month,54.5,3,2,0,1,0
TDMS04200,Critical,4.22,20,10.5,3,90.7,0.716,Immediate,75.3,4,4,0,1,0
TDMS04201,Medium,3.52,60,25.5,1,27.2,0.645,This_Month,44.3,2,2,0,1,0
TDMS04202,Critical,6.22,20,8.8,1,73.7,0.5,Immediate,73.3,4,4,0,1,0
TDMS04203,High,3.92,40,13.6,3,45.2,0.746,This_Week,72.6,3,3,0,1,0
TDMS04204,Medium,3.93,60,18.0,1,71.0,0.63,This_Month,52.3,2,2,0,1,0
TDMS04205,High,4.97,20,19.9,1,38.8,0.525,This_Month,54.0,3,2,0,1,0
TDMS04206,High,5.31,40,29.2,2,73.9,0.927,This_Week,66.2,3,3,0,1,0
TDMS04207,Critical,4.78,20,11.2,4,39.7,0.8,Immediate,79.4,4,4,0,1,0
TDMS04208,Critical,4.78,20,13.7,1,78.9,0.752,Immediate,77.1,4,4,0,1,0
TDMS04209,High,4.03,40,29.2,6,39.0,0.772,This_Week,69.2,3,3,0,1,0
TDMS04210,High,3.64,40,13.7,1,51.8,0.672,This_Week,65.1,3,3,0,1,0
TDMS04211,Critical,5.76,13,6.6,2,47.7,0.862,Immediate,73.1,4,4,0,1,0
TDMS04212,High,4.04,40,26.0,2,33.1,0.613,This_Week,68.0,3,3,0,1,0
TDMS04213,Critical,5.6,20,1.8,0,46.3,0.729,Immediate,72.5,4,4,0,1,0
TDMS04214,Critical,5.15,20,28.7,4,42.1,0.732,Immediate,79.3,4,4,0,1,0
TDMS04215,Critical,5.58,20,12.8,1,63.5,0.657,Immediate,71.8,4,4,0,1,0
TDMS04216,Medium,3.39,60,23.4,2,22.6,0.737,This_Month,42.6,2,2,0,1,0
TDMS04217,High,3.63,40,20.2,1,44.3,0.6,This_Week,66.2,3,3,0,1,0
TDMS04218,Critical,4.08,20,25.5,2,46.6,0.594,Immediate,73.3,4,4,0,1,0
TDMS04219,High,3.92,40,14.9,3,34.7,0.901,This_Week,74.3,3,3,0,1,0
TDMS04220,High,4.47,20,28.9,4,64.4,0.668,This_Week,60.0,3,3,0,1,0
TDMS04221,Critical,5.29,20,10.6,0,62.6,0.738,Immediate,75.6,4,4,0,1,0
TDMS04222,Critical,5.79,20,9.5,1,27.7,0.66,Immediate,68.1,4,4,0,1,0
TDMS04223,Medium,2.71,60,27.3,2,33.7,0.919,This_Month,55.7,2,2,0,1,0
TDMS04224,High,4.09,0,27.9,3,42.1,0.814,This_Month,45.1,3,2,0,1,0
TDMS04225,High,4.35,24,12.4,3,39.5,0.75,This_Week,65.0,3,3,0,1,0
TDMS04226,Critical,4.52,20,11.2,1,56.4,0.648,Immediate,83.8,4,4,0,1,0
TDMS04227,Critical,5.62,20,28.7,3,50.3,0.867,Immediate,72.3,4,4,0,1,0
TDMS04228,Critical,6.05,20,20.6,4,77.0,0.774,Immediate,67.3,4,4,0,1,0
TDMS04229,Critical,5.17,20,7.1,2,33.7,0.77,Immediate,80.8,4,4,0,1,0
TDMS04230,High,4.91,40,1.3,1,53.9,0.672,This_Month,59.7,3,2,0,1,0
TDMS04231,High,4.63,40,20.8,5,41.0,0.75,This_Month,59.5,3,2,0,1,0
TDMS04232,Medium,3.93,60,8.7,4,57.2,0.73,This_Month,42.9,2,2,0,1,0
TDMS04233,Medium,3.05,60,19.1,2,25.5,0.836,This_Month,52.8,2,2,0,1,0
TDMS04234,Medium,2.93,60,28.4,2,35.4,0.813,This_Month,53.3,2,2,0,1,0
TDMS04235,Medium,3.2,60,15.9,1,49.2,0.723,This_Month,57.1,2,2,0,1,0
TDMS04236,Medium,3.5,60,19.3,4,45.7,0.801,This_Month,47.5,2,2,0,1,0
TDMS04237,High,4.83,40,11.5,0,30.8,0.606,This_Week,66.4,3,3,0,1,0
TDMS04238,Critical,5.88,20,17.9,4,75.5,0.649,Immediate,78.5,4,4,0,1,0
TDMS04239,Medium,3.51,60,12.6,1,65.2,0.611,This_Month,44.5,2,2,0,1,0
TDMS04240,High,4.71,40,21.4,3,26.0,0.702,This_Month,55.6,3,2,0,1,0
TDMS04241,Medium,3.82,60,10.1,1,36.1,0.685,This_Month,53.3,2,2,0,1,0
TDMS04242,Critical,4.14,20,26.1,1,61.2,0.565,Immediate,78.3,4,4,0,1,0
TDMS04243,Medium,3.43,60,20.0,1,53.9,0.611,This_Month,48.0,2,2,0,1,0
TDMS04244,Critical,3.54,20,2.1,0,44.8,0.785,Immediate,78.3,4,4,0,1,0
TDMS04245,Medium,4.04,60,20.7,2,20.3,0.787,This_Month,50.6,2,2,0,1,0
TDMS04246,High,4.66,40,3.5,2,58.4,0.766,This_Week,67.9,3,3,0,1,0
TDMS04247,High,5.9,40,9.9,0,29.6,0.582,This_Week,65.8,3,3,0,1,0
TDMS04248,Critical,5.41,20,11.9,1,39.6,0.624,Immediate,72.8,4,4,0,1,0
TDMS04249,Medium,3.83,14,19.2,2,43.6,0.75,Programmed,36.4,2,1,0,1,0
TDMS04250,Medium,3.05,60,19.4,3,42.1,0.895,This_Month,48.7,2,2,0,1,0
TDMS04251,Medium,4.07,60,2.7,0,47.8,0.572,This_Week,60.1,2,3,0,1,0
DEF00001,Low,2.4,221,33.3,2,0.63,0.86,Immediate,38.4,1,4,0,0,1
DEF00002,Critical,6.7,70,4.6,0,0.26,0.92,Immediate,70.1,4,4,0,0,1
DEF00003,Medium,8.8,243,29.4,4,0.08,0.96,Immediate,49.1,2,4,0,0,1
DEF00004,Low,1.6,108,17.6,1,0.8,0.82,Immediate,43.0,1,4,0,0,1
DEF00005,Critical,11.3,222,22.2,1,0.79,0.74,Immediate,76.8,4,4,0,0,1
DEF00006,High,5.1,328,27.6,3,0.01,0.74,Immediate,71.6,3,4,0,0,1
DEF00007,Low,3.0,222,29.6,3,0.93,0.89,Immediate,46.9,1,4,0,0,1
DEF00008,High,13.6,201,4.6,0,0.13,0.87,Immediate,59.6,3,4,0,0,1
DEF00009,Medium,7.0,338,26.2,4,0.08,0.94,Immediate,50.5,2,4,0,0,1
DEF00010,Medium,9.4,227,14.0,2,0.29,0.9,Immediate,57.7,2,4,0,0,1
DEF00011,High,1.8,37,14.9,3,0.32,0.85,Immediate,57.7,3,4,0,0,1
DEF00012,Medium,2.4,180,16.6,2,0.17,0.84,Immediate,44.7,2,4,0,0,1
DEF00013,Medium,12.3,0,18.2,2,0.65,0.74,This Month,27.7,2,2,0,0,1
DEF00014,High,10.0,25,21.7,0,0.38,0.96,This Week,50.2,3,3,0,0,1
DEF00015,Low,2.7,328,1.6,0,0.95,0.76,Immediate,33.2,1,4,0,0,1
DEF00016,Medium,5.5,127,28.8,0,0.74,0.77,Immediate,52.4,2,4,0,0,1
DEF00017,Medium,5.9,354,33.7,1,0.75,0.97,Immediate,59.8,2,4,0,0,1
DEF00018,High,2.6,0,42.6,7,0.64,0.82,This Week,55.9,3,3,0,0,1
DEF00019,Medium,7.9,233,2.8,0,0.9,0.8,Immediate,42.3,2,4,0,0,1
DEF00020,Low,5.8,180,37.5,3,0.21,0.85,Immediate,49.2,1,4,0,0,1
DEF00021,High,3.7,161,8.0,0,0.28,0.86,Immediate,57.1,3,4,0,0,1
DEF00022,Critical,16.3,168,2.9,0,0.05,0.75,Immediate,69.5,4,4,0,0,1
DEF00023,Medium,4.0,18,2.1,0,0.21,0.93,This Week,28.1,2,3,0,0,1
DEF00024,High,6.5,324,11.9,1,0.61,0.81,Immediate,62.9,3,4,0,0,1
DEF00025,Low,5.3,213,7.8,1,0.35,0.82,Immediate,38.8,1,4,0,0,1
DEF00026,Low,8.9,153,30.9,8,0.2,0.88,Immediate,50.8,1,4,0,0,1
DEF00027,Critical,6.7,317,17.3,1,0.11,0.92,Immediate,75.0,4,4,0,0,1
DEF00028,Low,5.7,247,29.4,1,0.62,0.9,Immediate,50.5,1,4,0,0,1
DEF00029,Medium,2.9,215,38.8,1,0.12,0.74,Immediate,60.3,2,4,0,0,1
DEF00030,High,6.2,200,3.1,1,0.79,0.83,Immediate,62.6,3,4,0,0,1
DEF00031,Medium,12.7,10,44.2,9,0.12,0.7,This Month,42.4,2,2,0,0,1
DEF00032,Low,3.9,75,33.2,3,0.52,0.91,Immediate,57.4,1,4,0,0,1
DEF00033,Low,6.1,79,30.5,0,0.35,0.82,Immediate,47.7,1,4,0,0,1
DEF00034,Low,7.6,219,42.9,2,0.29,0.79,Immediate,38.0,1,4,0,0,1
DEF00035,High,4.0,271,28.9,0,0.74,0.92,Immediate,63.8,3,4,0,0,1
DEF00036,Low,4.9,0,9.8,3,0.26,0.93,Programmed,8.4,1,1,0,0,1
DEF00037,High,4.1,376,16.5,2,0.14,0.86,Immediate,61.2,3,4,0,0,1
DEF00038,Low,3.6,16,36.8,8,0.17,0.72,This Week,36.6,1,3,0,0,1
DEF00039,Critical,17.6,343,4.9,0,0.79,0.76,Immediate,63.5,4,4,0,0,1
DEF00040,Medium,7.0,0,6.1,1,0.54,0.94,This Month,21.4,2,2,0,0,1
DEF00041,Low,8.3,0,14.7,4,0.7,0.92,Programmed,19.3,1,1,0,0,1
DEF00042,High,6.8,13,22.2,3,0.27,0.98,This Week,51.4,3,3,0,0,1
DEF00043,High,14.3,122,38.7,6,0.16,0.8,Immediate,72.3,3,4,0,0,1
DEF00044,High,14.7,58,35.7,2,0.38,0.85,Immediate,62.1,3,4,0,0,1
DEF00045,Critical,4.6,220,22.2,1,0.24,0.78,Immediate,78.5,4,4,0,0,1
DEF00046,Medium,5.8,90,35.1,4,0.34,0.88,Immediate,63.3,2,4,0,0,1
DEF00047,High,1.7,238,28.0,5,0.32,0.94,Immediate,60.8,3,4,0,0,1
DEF00048,Medium,5.2,258,26.4,3,0.11,0.84,Immediate,54.7,2,4,0,0,1
DEF00049,High,8.0,25,6.0,1,0.04,0.8,This Week,54.2,3,3,0,0,1
DEF00050,Low,3.0,348,9.4,0,0.12,0.9,Immediate,38.5,1,4,0,0,1
DEF00051,Low,11.1,153,10.1,3,0.7,0.81,Immediate,40.7,1,4,0,0,1
DEF00052,High,4.7,43,34.7,1,0.96,0.93,Immediate,56.8,3,4,0,0,1
DEF00053,Low,6.6,15,22.5,2,0.02,0.72,This Week,22.9,1,3,0,0,1
DEF00054,Medium,8.4,11,6.8,0,0.23,0.79,This Week,23.3,2,3,0,0,1
DEF00055,Low,2.3,21,5.9,1,0.12,0.93,This Week,20.8,1,3,0,0,1
DEF00056,Critical,16.9,32,16.1,1,0.05,0.71,Immediate,56.6,4,4,0,0,1
DEF00057,High,3.2,286,21.1,0,0.16,0.78,Immediate,66.8,3,4,0,0,1
DEF00058,High,13.6,14,44.9,4,0.16,0.94,This Week,54.8,3,3,0,0,1
DEF00059,Critical,10.9,39,24.7,3,0.53,0.81,Immediate,69.1,4,4,0,0,1
DEF00060,Critical,11.4,284,11.5,2,0.0,0.72,Immediate,69.2,4,4,0,0,1
DEF00061,Medium,3.8,56,20.8,1,0.98,0.78,Immediate,47.8,2,4,0,0,1
DEF00062,Critical,6.6,87,16.6,2,0.31,0.72,Immediate,69.5,4,4,0,0,1
DEF00063,Medium,3.1,15,2.3,0,0.81,0.91,This Week,23.9,2,3,0,0,1
DEF00064,Medium,5.6,0,43.0,2,0.27,0.93,This Month,24.8,2,2,0,0,1
DEF00065,High,4.9,7,36.7,4,0.23,0.71,This Week,49.6,3,3,0,0,1
DEF00066,Medium,7.0,252,23.2,2,0.36,0.87,Immediate,51.5,2,4,0,0,1
DEF00067,Medium,3.5,254,4.8,0,0.79,0.95,Immediate,55.8,2,4,0,0,1
DEF00068,Critical,17.6,126,40.6,6,0.37,0.72,Immediate,89.0,4,4,0,0,1
DEF00069,Medium,7.8,82,29.6,3,0.31,0.8,Immediate,57.7,2,4,0,0,1
DEF00070,Medium,13.0,196,14.9,0,0.03,0.74,Immediate,54.3,2,4,0,0,1
DEF00071,High,7.5,189,5.5,1,0.88,0.82,Immediate,51.7,3,4,0,0,1
DEF00072,Critical,15.9,9,15.4,1,0.08,0.95,Immediate,47.3,4,4,0,0,1
DEF00073,Medium,5.5,108,27.5,3,0.38,0.88,Immediate,55.4,2,4,0,0,1
DEF00074,Medium,11.8,0,23.0,3,0.07,0.96,This Month,26.5,2,2,0,0,1
DEF00075,High,12.2,124,20.9,2,0.04,0.97,Immediate,56.2,3,4,0,0,1
DEF00076,High,13.3,16,30.8,0,0.71,0.77,This Week,44.0,3,3,0,0,1
DEF00077,Low,3.0,237,20.7,2,0.1,0.91,Immediate,37.9,1,4,0,0,1
DEF00078,High,15.3,161,11.3,1,0.08,0.72,Immediate,64.8,3,4,0,0,1
DEF00079,Medium,5.8,22,3.7,0,0.99,0.89,This Week,26.8,2,3,0,0,1
DEF00080,Low,3.7,0,20.6,1,0.19,0.96,Programmed,20.6,1,1,0,0,1
DEF00081,Medium,4.1,314,7.8,1,0.38,0.97,Immediate,50.5,2,4,0,0,1
DEF00082,Medium,3.3,127,19.6,3,0.8,0.88,Immediate,57.2,2,4,0,0,1
DEF00083,Medium,12.6,221,13.8,2,0.67,0.74,Immediate,50.8,2,4,0,0,1
DEF00084,Medium,4.2,142,3.2,2,0.29,0.77,Immediate,49.4,2,4,0,0,1
DEF00085,Low,3.0,0,40.3,1,0.25,0.7,Programmed,16.5,1,1,0,0,1
DEF00086,Low,3.4,126,2.4,0,0.31,0.97,Immediate,35.2,1,4,0,0,1
DEF00087,Low,3.7,140,7.5,0,0.98,0.98,Immediate,38.2,1,4,0,0,1
DEF00088,Medium,12.0,116,6.5,0,0.06,0.78,Immediate,48.4,2,4,0,0,1
DEF00089,Medium,6.3,31,33.3,2,0.63,0.73,Immediate,42.2,2,4,0,0,1
DEF00090,High,13.0,299,39.1,2,0.74,0.95,Immediate,74.7,3,4,0,0,1
DEF00091,Medium,11.0,209,18.8,5,0.72,0.89,Immediate,57.6,2,4,0,0,1
DEF00092,High,9.9,122,13.1,1,0.3,0.75,Immediate,64.6,3,4,0,0,1
DEF00093,High,13.2,242,9.6,0,0.4,0.73,Immediate,58.2,3,4,0,0,1
DEF00094,High,9.3,93,14.8,1,0.05,0.99,Immediate,65.4,3,4,0,0,1
DEF00095,Medium,6.6,40,9.2,3,0.73,0.72,Immediate,38.1,2,4,0,0,1
DEF00096,Medium,7.8,41,8.5,1,0.68,0.89,Immediate,43.8,2,4,0,0,1
DEF00097,Low,2.5,178,11.7,2,0.19,0.8,Immediate,46.0,1,4,0,0,1
DEF00098,Low,9.6,0,17.4,1,0.54,0.86,Programmed,12.5,1,1,0,0,1
DEF00099,Low,3.3,284,18.2,1,0.55,0.86,Immediate,44.9,1,4,0,0,1
DEF00100,Medium,6.7,216,21.8,4,0.77,0.88,Immediate,51.2,2,4,0,0,1
DEF00101,Medium,1.8,140,32.4,1,0.29,0.83,Immediate,57.7,2,4,0,0,1
DEF00102,Low,7.5,229,17.6,4,0.03,0.8,Immediate,49.0,1,4,0,0,1
DEF00103,High,3.9,180,21.5,2,0.36,0.72,Immediate,58.3,3,4,0,0,1
DEF00104,Low,2.9,0,1.3,0,0.12,0.84,Programmed,17.1,1,1,0,0,1
DEF00105,Medium,13.4,201,23.2,2,0.02,0.78,Immediate,51.0,2,4,0,0,1
DEF00106,Critical,6.6,90,31.5,6,0.71,0.75,Immediate,86.1,4,4,0,0,1
DEF00107,Low,4.9,41,36.1,2,0.24,0.89,Immediate,40.4,1,4,0,0,1
DEF00108,High,7.2,36,1.9,0,0.24,0.88,Immediate,51.9,3,4,0,0,1
DEF00109,Critical,11.4,40,39.9,3,0.39,0.91,Immediate,70.9,4,4,0,0,1
DEF00110,High,9.3,293,5.9,0,0.09,0.76,Immediate,61.8,3,4,0,0,1
DEF00111,Low,4.2,0,13.6,2,0.34,0.99,Programmed,15.5,1,1,0,0,1
DEF00112,Low,4.5,0,11.2,0,0.24,0.85,Programmed,12.3,1,1,0,0,1
DEF00113,Medium,4.9,230,33.7,2,0.98,0.94,Immediate,53.3,2,4,0,0,1
DEF00114,Medium,12.3,117,25.2,1,0.35,0.71,Immediate,48.8,2,4,0,0,1
DEF00115,Low,5.3,41,17.9,2,0.08,0.79,Immediate,27.3,1,4,0,0,1
DEF00116,Medium,7.6,301,24.3,1,0.39,0.9,Immediate,45.5,2,4,0,0,1
DEF00117,High,9.4,133,29.1,1,0.11,0.76,Immediate,64.1,3,4,0,0,1
DEF00118,Medium,4.9,68,23.9,4,0.32,0.72,Immediate,57.2,2,4,0,0,1
DEF00119,High,15.0,326,29.8,0,0.08,0.89,Immediate,67.6,3,4,0,0,1
DEF00120,High,15.2,365,1.2,0,0.04,0.7,Immediate,62.2,3,4,0,0,1
DEF00121,Medium,2.7,257,40.0,2,0.51,0.77,Immediate,53.9,2,4,0,0,1
DEF00122,High,4.1,21,38.9,6,0.96,0.75,This Week,55.6,3,3,0,0,1
DEF00123,Medium,1.8,146,27.9,3,0.02,0.93,Immediate,54.5,2,4,0,0,1
DEF00124,Low,3.0,126,15.7,1,0.53,0.93,Immediate,41.4,1,4,0,0,1
DEF00125,Medium,6.8,283,35.1,3,0.37,0.97,Immediate,59.6,2,4,0,0,1
DEF00126,Medium,11.6,27,7.9,0,0.95,0.82,This Week,28.5,2,3,0,0,1
DEF00127,Medium,4.5,232,27.5,4,0.66,0.8,Immediate,53.7,2,4,0,0,1
DEF00128,Medium,10.1,128,12.7,0,0.92,0.97,Immediate,43.9,2,4,0,0,1
DEF00129,Medium,2.5,80,36.3,2,0.93,0.89,Immediate,48.6,2,4,0,0,1
DEF00130,Critical,6.9,45,10.3,2,0.06,0.92,Immediate,66.7,4,4,0,0,1
DEF00131,High,2.7,217,4.2,0,0.18,0.79,Immediate,56.1,3,4,0,0,1
DEF00132,Low,1.5,25,38.1,2,0.69,0.86,This Week,36.4,1,3,0,0,1
DEF00133,Low,6.4,0,21.7,4,0.09,0.85,Programmed,17.8,1,1,0,0,1
DEF00134,High,15.2,118,36.5,1,0.3,0.84,Immediate,65.3,3,4,0,0,1
DEF00135,Low,5.7,189,12.4,2,0.26,0.84,Immediate,45.7,1,4,0,0,1
DEF00136,Low,6.8,155,21.2,2,0.68,0.75,Immediate,38.3,1,4,0,0,1
DEF00137,Medium,7.6,158,20.0,0,0.74,0.71,Immediate,49.8,2,4,0,0,1
DEF00138,Low,2.5,0,44.8,1,0.16,0.79,Programmed,16.6,1,1,0,0,1
DEF00139,Medium,6.6,295,24.5,0,0.96,0.78,Immediate,55.4,2,4,0,0,1
DEF00140,Medium,3.1,330,28.2,2,0.29,0.74,Immediate,52.7,2,4,0,0,1
DEF00141,High,2.8,292,17.6,0,0.39,0.81,Immediate,61.4,3,4,0,0,1
DEF00142,Low,3.1,48,34.3,5,0.63,0.96,Immediate,39.2,1,4,0,0,1
DEF00143,High,14.4,194,32.4,2,0.97,0.81,Immediate,69.3,3,4,0,0,1
DEF00144,Medium,4.7,188,43.6,4,0.37,0.71,Immediate,59.6,2,4,0,0,1
DEF00145,Low,9.0,271,1.0,0,0.56,0.87,Immediate,37.3,1,4,0,0,1
DEF00146,High,3.4,370,23.2,4,0.14,0.71,Immediate,67.9,3,4,0,0,1
DEF00147,Low,2.6,97,43.5,1,0.93,0.76,Immediate,43.8,1,4,0,0,1
DEF00148,High,6.4,19,9.3,0,0.38,0.78,This Week,42.7,3,3,0,0,1
DEF00149,Medium,7.6,9,2.9,1,0.11,0.87,This Month,22.5,2,2,0,0,1
DEF00150,Medium,10.9,102,14.1,1,0.78,0.71,Immediate,48.7,2,4,0,0,1
DEF00151,Medium,5.6,132,26.9,2,0.75,0.82,Immediate,50.0,2,4,0,0,1
DEF00152,Low,11.3,251,14.4,0,0.78,0.89,Immediate,39.8,1,4,0,0,1
DEF00153,Medium,4.5,33,38.1,0,0.38,0.86,Immediate,46.0,2,4,0,0,1
DEF00154,High,6.2,18,27.7,4,0.28,0.9,This Week,54.6,3,3,0,0,1
DEF00155,High,6.1,70,5.2,0,0.24,0.72,Immediate,62.7,3,4,0,0,1
DEF00156,Low,4.6,54,43.7,8,0.31,0.98,Immediate,43.5,1,4,0,0,1
DEF00157,Low,1.7,174,38.2,1,0.14,0.83,Immediate,41.7,1,4,0,0,1
DEF00158,Low,4.8,237,23.0,2,0.05,0.94,Immediate,44.0,1,4,0,0,1
DEF00159,Critical,9.6,183,33.8,5,0.09,0.96,Immediate,85.0,4,4,0,0,1
DEF00160,Low,1.8,318,33.3,3,0.13,0.71,Immediate,42.2,1,4,0,0,1
DEF00161,Medium,12.1,235,7.9,1,0.76,0.85,Immediate,51.3,2,4,0,0,1
DEF00162,High,4.9,370,7.5,2,0.34,0.89,Immediate,55.2,3,4,0,0,1
DEF00163,Low,3.2,1,25.7,4,0.3,0.72,Programmed,17.1,1,1,0,0,1
DEF00164,Low,4.7,155,12.6,2,0.34,0.87,Immediate,39.4,1,4,0,0,1
DEF00165,High,13.3,358,25.4,1,0.32,0.89,Immediate,61.0,3,4,0,0,1
DEF00166,Medium,3.5,185,44.5,4,0.63,0.97,Immediate,62.3,2,4,0,0,1
DEF00167,Low,9.5,0,29.5,3,0.18,0.88,Programmed,10.1,1,1,0,0,1
DEF00168,High,11.4,302,12.6,2,0.1,0.77,Immediate,71.1,3,4,0,0,1
DEF00169,High,13.2,220,28.8,5,0.35,0.82,Immediate,71.0,3,4,0,0,1
DEF00170,Medium,8.2,84,28.0,0,0.2,0.74,Immediate,49.8,2,4,0,0,1
DEF00171,Critical,13.1,377,18.7,1,0.95,0.82,Immediate,83.0,4,4,0,0,1
DEF00172,Critical,3.9,26,37.2,5,0.17,0.93,Immediate,75.3,4,4,0,0,1
DEF00173,Low,4.6,124,36.4,2,0.82,0.73,Immediate,50.3,1,4,0,0,1
DEF00174,Medium,5.3,347,12.6,1,0.69,0.78,Immediate,48.3,2,4,0,0,1
DEF00175,Critical,6.8,35,37.4,2,0.01,0.71,Immediate,74.1,4,4,0,0,1
DEF00176,Low,10.7,20,10.7,0,0.96,0.76,This Week,23.7,1,3,0,0,1
DEF00177,Low,5.1,103,5.2,0,0.84,0.88,Immediate,36.7,1,4,0,0,1
DEF00178,Low,2.5,55,36.3,2,0.32,0.98,Immediate,47.0,1,4,0,0,1
DEF00179,High,6.7,264,20.8,2,0.31,0.77,Immediate,57.0,3,4,0,0,1
DEF00180,High,3.8,99,22.2,1,0.22,0.79,Immediate,68.4,3,4,0,0,1
DEF00181,High,6.7,285,42.8,3,0.3,0.93,Immediate,70.3,3,4,0,0,1
DEF00182,Medium,3.6,311,31.1,5,0.83,0.86,Immediate,60.3,2,4,0,0,1
DEF00183,Low,2.9,271,31.4,4,0.33,0.87,Immediate,46.6,1,4,0,0,1
DEF00184,Medium,7.6,52,5.0,0,0.83,0.7,Immediate,47.8,2,4,0,0,1
DEF00185,Critical,9.4,308,7.6,1,0.66,0.97,Immediate,69.6,4,4,0,0,1
DEF00186,Medium,12.6,0,21.6,2,0.12,0.77,This Month,28.1,2,2,0,0,1
DEF00187,Medium,5.1,222,26.9,3,0.86,0.81,Immediate,49.8,2,4,0,0,1
DEF00188,Low,4.9,164,19.2,1,0.01,0.88,Immediate,45.9,1,4,0,0,1
DEF00189,Low,4.0,0,40.0,3,0.34,0.93,Programmed,23.2,1,1,0,0,1
DEF00190,Low,7.8,271,31.7,3,0.2,0.97,Immediate,39.7,1,4,0,0,1
DEF00191,High,5.8,43,5.6,0,0.93,0.82,Immediate,57.5,3,4,0,0,1
DEF00192,High,6.2,328,26.3,3,0.02,0.8,Immediate,69.3,3,4,0,0,1
DEF00193,Medium,7.6,211,6.8,1,0.74,0.77,Immediate,45.5,2,4,0,0,1
DEF00194,Medium,6.1,7,30.2,4,0.53,0.98,This Month,41.7,2,2,0,0,1
DEF00195,Low,9.1,0,10.2,0,0.3,0.77,Programmed,11.0,1,1,0,0,1
DEF00196,Low,2.4,330,1.1,0,0.18,0.89,Immediate,41.1,1,4,0,0,1
DEF00197,High,7.5,130,14.6,1,0.69,0.73,Immediate,62.6,3,4,0,0,1
DEF00198,High,10.5,294,3.5,1,0.62,0.71,Immediate,58.3,3,4,0,0,1
DEF00199,Critical,5.8,240,39.2,4,0.5,0.95,Immediate,86.6,4,4,0,0,1
DEF00200,Low,10.3,0,8.2,0,0.27,0.82,Programmed,11.6,1,1,0,0,1
DEF00201,High,13.5,390,43.1,7,0.71,0.89,Immediate,80.3,3,4,0,0,1
DEF00202,Low,3.1,221,24.8,1,1.0,0.72,Immediate,43.6,1,4,0,0,1
DEF00203,Low,3.5,163,36.4,4,0.14,0.96,Immediate,50.6,1,4,0,0,1
DEF00204,High,7.6,135,19.4,5,0.25,0.78,Immediate,66.2,3,4,0,0,1
DEF00205,Medium,8.7,139,13.7,3,0.12,0.77,Immediate,52.8,2,4,0,0,1
DEF00206,High,3.6,361,18.4,2,0.63,0.75,Immediate,62.3,3,4,0,0,1
DEF00207,Medium,1.7,53,45.0,6,0.69,0.78,Immediate,49.9,2,4,0,0,1
DEF00208,Medium,12.1,197,32.8,4,0.28,0.82,Immediate,54.2,2,4,0,0,1
DEF00209,High,5.6,0,33.7,4,0.29,0.88,This Week,46.7,3,3,0,0,1
DEF00210,Low,10.2,0,10.4,0,0.07,0.86,Programmed,18.9,1,1,0,0,1
DEF00211,High,14.6,1,32.0,3,0.2,0.88,This Week,50.1,3,3,0,0,1
DEF00212,Medium,4.7,79,6.6,0,0.02,0.8,Immediate,47.9,2,4,0,0,1
DEF00213,Medium,7.1,0,16.1,3,0.02,0.71,This Month,24.1,2,2,0,0,1
DEF00214,Low,3.9,0,1.8,0,0.06,0.72,Programmed,3.5,1,1,0,0,1
DEF00215,Medium,5.7,210,38.9,6,0.9,0.75,Immediate,54.7,2,4,0,0,1
DEF00216,Medium,4.8,172,42.5,10,0.76,0.95,Immediate,61.4,2,4,0,0,1
DEF00217,Medium,6.1,213,27.1,3,0.69,0.78,Immediate,56.6,2,4,0,0,1
DEF00218,Low,6.8,0,37.3,2,0.82,0.87,Programmed,21.6,1,1,0,0,1
DEF00219,Critical,4.0,220,18.3,2,0.22,0.9,Immediate,78.6,4,4,0,0,1
DEF00220,Medium,7.0,314,44.0,1,0.16,0.72,Immediate,60.0,2,4,0,0,1
DEF00221,Low,6.0,43,36.0,4,0.33,0.82,Immediate,47.4,1,4,0,0,1
DEF00222,Critical,7.6,346,42.9,4,0.38,0.77,Immediate,81.2,4,4,0,0,1
DEF00223,High,15.8,194,23.6,3,0.18,0.83,Immediate,70.3,3,4,0,0,1
DEF00224,Medium,4.9,76,39.4,4,0.2,0.83,Immediate,55.2,2,4,0,0,1
DEF00225,Medium,7.2,99,38.9,9,0.19,0.85,Immediate,57.1,2,4,0,0,1
DEF00226,Medium,4.3,186,37.7,3,0.36,0.84,Immediate,60.0,2,4,0,0,1
DEF00227,Medium,3.9,330,12.7,0,0.78,0.83,Immediate,48.5,2,4,0,0,1
DEF00228,Critical,11.2,85,1.7,0,0.71,0.85,Immediate,70.0,4,4,0,0,1
DEF00229,Low,2.6,271,42.4,1,0.79,0.73,Immediate,42.1,1,4,0,0,1
DEF00230,Low,5.0,109,36.1,3,0.2,0.82,Immediate,42.5,1,4,0,0,1
DEF00231,Low,4.1,130,8.4,0,0.89,0.89,Immediate,34.9,1,4,0,0,1
DEF00232,Low,4.9,0,2.0,1,0.25,0.95,Programmed,11.2,1,1,0,0,1
DEF00233,Low,1.5,0,22.8,0,0.11,0.93,Programmed,15.8,1,1,0,0,1
DEF00234,High,5.9,81,23.0,3,0.29,0.79,Immediate,68.1,3,4,0,0,1
DEF00235,Medium,3.3,66,34.5,4,0.21,0.82,Immediate,54.7,2,4,0,0,1
DEF00236,Medium,5.7,363,35.8,1,0.35,0.71,Immediate,57.2,2,4,0,0,1
DEF00237,Medium,7.9,137,44.9,4,0.66,0.92,Immediate,58.4,2,4,0,0,1
DEF00238,Medium,5.0,0,12.6,0,1.0,0.94,This Month,24.4,2,2,0,0,1
DEF00239,Medium,8.2,341,26.3,1,0.8,0.74,Immediate,49.9,2,4,0,0,1
DEF00240,Low,7.5,0,14.4,2,0.33,0.97,Programmed,15.8,1,1,0,0,1
DEF00241,Low,8.5,210,30.5,3,0.67,0.83,Immediate,43.3,1,4,0,0,1
DEF00242,Medium,11.5,0,17.6,0,0.65,0.91,This Month,15.1,2,2,0,0,1
DEF00243,High,5.2,344,13.5,1,0.34,0.72,Immediate,53.0,3,4,0,0,1
DEF00244,High,7.1,248,2.9,0,0.25,0.85,Immediate,55.7,3,4,0,0,1
DEF00245,Low,2.2,103,24.5,0,0.06,0.75,Immediate,44.4,1,4,0,0,1
DEF00246,Medium,1.5,136,7.8,0,0.87,0.72,Immediate,39.3,2,4,0,0,1
DEF00247,Low,7.2,202,22.6,2,0.99,0.78,Immediate,45.1,1,4,0,0,1
DEF00248,Low,5.7,100,27.2,6,0.08,0.89,Immediate,44.6,1,4,0,0,1
DEF00249,Low,9.1,227,43.0,8,0.16,0.87,Immediate,56.1,1,4,0,0,1
DEF00250,Medium,6.5,58,32.8,4,0.34,0.73,Immediate,60.6,2,4,0,0,1
DEF00251,High,6.5,361,41.1,4,0.87,0.91,Immediate,73.7,3,4,0,0,1
DEF00252,Low,1.0,243,9.2,0,0.2,0.83,Immediate,39.7,1,4,0,0,1
DEF00253,High,8.5,169,42.0,5,0.83,0.8,Immediate,70.7,3,4,0,0,1
DEF00254,Medium,6.5,188,12.3,1,0.01,0.91,Immediate,52.1,2,4,0,0,1
DEF00255,Low,3.5,55,35.5,3,0.01,0.81,Immediate,45.9,1,4,0,0,1
DEF00256,Medium,4.4,346,9.7,2,0.37,0.82,Immediate,53.5,2,4,0,0,1
DEF00257,Medium,2.9,342,4.7,1,0.13,0.9,Immediate,41.3,2,4,0,0,1
DEF00258,Medium,7.3,306,8.7,1,0.29,0.97,Immediate,37.2,2,4,0,0,1
DEF00259,High,8.5,52,10.5,3,0.69,0.88,Immediate,61.2,3,4,0,0,1
DEF00260,High,2.7,154,27.7,1,0.25,0.9,Immediate,68.5,3,4,0,0,1
DEF00261,Medium,5.5,173,42.9,5,0.11,0.75,Immediate,51.7,2,4,0,0,1
DEF00262,Medium,3.7,263,44.0,5,0.02,0.81,Immediate,69.5,2,4,0,0,1
DEF00263,Medium,8.6,161,42.9,2,0.95,0.97,Immediate,57.8,2,4,0,0,1
DEF00264,Low,5.7,14,3.4,1,0.55,0.87,This Week,16.5,1,3,0,0,1
DEF00265,High,3.3,72,9.9,4,0.0,0.92,Immediate,67.6,3,4,0,0,1
DEF00266,Low,3.6,34,19.0,1,0.8,0.92,Immediate,30.9,1,4,0,0,1
DEF00267,Low,8.6,280,4.8,0,0.22,0.92,Immediate,37.3,1,4,0,0,1
DEF00268,High,7.7,275,17.8,1,0.19,0.75,Immediate,62.5,3,4,0,0,1
DEF00269,Critical,10.3,378,5.1,3,0.57,0.71,Immediate,72.0,4,4,0,0,1
DEF00270,Critical,6.2,157,13.7,1,0.36,0.86,Immediate,74.3,4,4,0,0,1
DEF00271,High,4.5,242,25.4,2,0.01,0.84,Immediate,66.2,3,4,0,0,1
DEF00272,Medium,3.2,333,17.5,2,0.61,0.77,Immediate,50.9,2,4,0,0,1
DEF00273,Medium,4.2,27,19.8,1,0.79,0.78,This Week,32.7,2,3,0,0,1
DEF00274,High,4.1,254,28.8,2,0.23,0.81,Immediate,70.4,3,4,0,0,1
DEF00275,Medium,6.6,127,23.4,2,0.0,0.97,Immediate,54.1,2,4,0,0,1
DEF00276,Low,5.6,194,20.9,3,0.4,0.73,Immediate,49.3,1,4,0,0,1
DEF00277,Critical,18.6,307,29.9,4,0.03,0.97,Immediate,78.7,4,4,0,0,1
DEF00278,High,4.0,13,36.2,1,0.28,0.74,This Week,42.8,3,3,0,0,1
DEF00279,Low,4.4,269,18.7,0,0.21,0.79,Immediate,49.0,1,4,0,0,1
DEF00280,Medium,12.0,219,27.4,1,0.15,0.84,Immediate,54.3,2,4,0,0,1
DEF00281,Medium,4.4,380,35.7,2,0.2,0.84,Immediate,55.8,2,4,0,0,1
DEF00282,Medium,5.5,225,18.4,2,0.33,0.75,Immediate,46.8,2,4,0,0,1
DEF00283,Medium,2.1,234,16.2,0,0.36,0.97,Immediate,45.3,2,4,0,0,1
DEF00284,High,9.9,335,12.2,0,0.11,0.85,Immediate,62.2,3,4,0,0,1
DEF00285,Low,1.7,7,17.2,4,0.74,0.88,Programmed,18.6,1,1,0,0,1
DEF00286,Low,3.3,92,11.8,2,0.09,0.91,Immediate,43.5,1,4,0,0,1
DEF00287,Medium,2.9,272,25.5,3,0.04,0.71,Immediate,57.6,2,4,0,0,1
DEF00288,Low,9.2,181,15.8,2,0.38,0.86,Immediate,47.8,1,4,0,0,1
DEF00289,High,11.1,345,5.6,0,0.4,0.83,Immediate,62.4,3,4,0,0,1
DEF00290,High,3.5,31,29.7,5,0.89,0.71,Immediate,55.8,3,4,0,0,1
DEF00291,High,2.7,50,25.8,3,0.3,0.96,Immediate,65.1,3,4,0,0,1
DEF00292,Medium,3.9,68,26.2,3,0.68,0.92,Immediate,47.6,2,4,0,0,1
DEF00293,Medium,8.4,104,10.4,1,0.2,0.84,Immediate,45.2,2,4,0,0,1
DEF00294,Low,5.0,134,7.1,0,0.87,0.78,Immediate,39.0,1,4,0,0,1
DEF00295,Low,5.3,236,10.9,0,0.9,0.71,Immediate,39.1,1,4,0,0,1
DEF00296,Low,4.7,134,5.1,1,0.15,0.96,Immediate,44.9,1,4,0,0,1
DEF00297,High,8.4,35,8.8,0,0.31,0.85,Immediate,44.9,3,4,0,0,1
DEF00298,Critical,18.4,367,23.7,3,0.02,0.78,Immediate,75.0,4,4,0,0,1
DEF00299,Critical,8.9,127,45.0,3,0.75,0.91,Immediate,84.1,4,4,0,0,1
DEF00300,Low,4.1,241,6.8,1,0.38,0.79,Immediate,39.6,1,4,0,0,1
DEF00301,Low,6.4,202,12.3,3,0.85,0.98,Immediate,41.0,1,4,0,0,1
DEF00302,Low,1.0,205,18.5,3,0.02,0.83,Immediate,50.9,1,4,0,0,1
DEF00303,Critical,17.6,33,27.7,2,0.19,0.83,Immediate,67.1,4,4,0,0,1
DEF00304,Medium,6.9,139,3.4,1,0.12,0.85,Immediate,50.8,2,4,0,0,1
DEF00305,Low,3.8,211,8.1,1,0.03,0.79,Immediate,39.2,1,4,0,0,1
DEF00306,Low,3.9,0,19.5,1,0.8,0.89,Programmed,19.3,1,1,0,0,1
DEF00307,High,8.4,180,3.6,1,0.96,0.84,Immediate,60.7,3,4,0,0,1
DEF00308,High,10.4,168,29.9,2,0.28,0.8,Immediate,70.7,3,4,0,0,1
DEF00309,High,3.8,141,39.3,2,0.36,0.89,Immediate,72.5,3,4,0,0,1
DEF00310,Medium,7.9,108,30.7,3,0.54,0.7,Immediate,65.7,2,4,0,0,1
DEF00311,Medium,5.4,291,12.8,0,0.31,0.99,Immediate,49.9,2,4,0,0,1
DEF00312,Medium,4.3,0,32.6,2,0.22,0.79,This Month,35.8,2,2,0,0,1
DEF00313,Medium,4.9,131,37.0,4,0.29,0.72,Immediate,54.4,2,4,0,0,1
DEF00314,Critical,6.6,118,43.6,5,0.21,0.81,Immediate,85.3,4,4,0,0,1
DEF00315,Critical,16.5,389,18.6,5,0.05,0.8,Immediate,79.2,4,4,0,0,1
DEF00316,Low,2.4,189,17.2,1,0.95,0.72,Immediate,34.2,1,4,0,0,1
DEF00317,Medium,11.0,256,32.6,3,0.78,0.89,Immediate,52.4,2,4,0,0,1
DEF00318,High,3.8,387,9.3,2,0.31,0.78,Immediate,58.0,3,4,0,0,1
DEF00319,Critical,16.0,175,3.9,0,0.82,0.85,Immediate,67.2,4,4,0,0,1
DEF00320,Medium,8.2,23,39.5,4,0.0,0.96,This Week,40.0,2,3,0,0,1
DEF00321,High,13.6,304,12.0,1,0.56,0.72,Immediate,63.3,3,4,0,0,1
DEF00322,Medium,4.0,167,10.8,1,0.02,0.82,Immediate,39.2,2,4,0,0,1
DEF00323,Critical,7.8,358,29.4,3,0.31,0.7,Immediate,77.6,4,4,0,0,1
DEF00324,Low,9.2,12,34.7,4,0.16,0.84,This Week,29.0,1,3,0,0,1
DEF00325,Medium,7.2,291,18.3,2,0.68,0.77,Immediate,47.0,2,4,0,0,1
DEF00326,Medium,5.2,21,33.7,4,0.39,0.88,This Week,40.3,2,3,0,0,1
DEF00327,High,3.7,120,15.2,3,0.12,0.97,Immediate,65.2,3,4,0,0,1
DEF00328,Low,7.7,281,12.3,2,0.99,0.82,Immediate,39.1,1,4,0,0,1
DEF00329,Low,3.1,311,43.2,3,0.99,0.72,Immediate,48.8,1,4,0,0,1
DEF00330,High,6.3,106,12.5,1,0.8,0.82,Immediate,61.8,3,4,0,0,1
DEF00331,Medium,2.7,192,12.0,2,0.7,0.73,Immediate,47.2,2,4,0,0,1
DEF00332,Medium,4.5,254,1.2,0,0.93,0.87,Immediate,44.2,2,4,0,0,1
DEF00333,Low,4.0,0,6.5,0,0.04,0.86,Programmed,12.8,1,1,0,0,1
DEF00334,Low,3.5,2,25.9,2,0.67,0.85,Programmed,16.2,1,1,0,0,1
DEF00335,High,9.3,277,29.5,3,0.93,0.92,Immediate,75.9,3,4,0,0,1
DEF00336,High,9.4,315,41.6,5,0.98,0.79,Immediate,74.4,3,4,0,0,1
DEF00337,Critical,8.4,41,21.2,4,0.19,0.71,Immediate,72.2,4,4,0,0,1
DEF00338,Medium,3.9,289,17.8,2,0.36,0.9,Immediate,50.4,2,4,0,0,1
DEF00339,High,14.5,244,40.8,2,0.64,0.75,Immediate,71.8,3,4,0,0,1
DEF00340,Low,10.9,0,6.2,0,0.82,0.86,Programmed,8.4,1,1,0,0,1
DEF00341,High,4.0,366,6.9,0,0.16,0.96,Immediate,62.1,3,4,0,0,1
DEF00342,High,9.1,13,41.9,4,0.29,0.8,This Week,56.7,3,3,0,0,1
DEF00343,Medium,1.9,221,25.9,6,0.52,0.91,Immediate,56.6,2,4,0,0,1
DEF00344,Low,3.8,68,11.1,2,0.31,0.87,Immediate,32.8,1,4,0,0,1
DEF00345,High,14.7,362,43.5,5,0.08,0.83,Immediate,72.8,3,4,0,0,1
DEF00346,Low,3.8,97,39.3,1,0.03,0.86,Immediate,44.9,1,4,0,0,1
DEF00347,High,14.8,363,41.1,3,0.13,0.9,Immediate,69.5,3,4,0,0,1
DEF00348,Medium,4.3,0,43.2,3,0.95,0.85,This Month,30.3,2,2,0,0,1
DEF00349,Medium,12.6,42,22.0,3,0.34,0.95,Immediate,44.7,2,4,0,0,1
DEF00350,Medium,3.2,0,18.1,4,0.55,0.74,This Month,27.7,2,2,0,0,1
DEF00351,Low,2.6,197,4.9,3,0.63,0.83,Immediate,39.9,1,4,0,0,1
DEF00352,Critical,6.0,84,30.2,2,0.04,0.96,Immediate,75.2,4,4,0,0,1
DEF00353,Medium,8.2,129,6.6,0,0.08,0.87,Immediate,39.8,2,4,0,0,1
DEF00354,High,12.9,8,25.9,3,0.08,0.91,This Week,47.5,3,3,0,0,1
DEF00355,Low,6.1,0,13.2,3,0.08,0.95,Programmed,17.6,1,1,0,0,1
DEF00356,Critical,8.2,164,22.0,1,0.61,0.83,Immediate,76.9,4,4,0,0,1
DEF00357,Medium,11.5,272,15.3,0,0.1,0.98,Immediate,51.7,2,4,0,0,1
DEF00358,Low,2.0,56,4.4,1,0.37,0.79,Immediate,39.7,1,4,0,0,1
DEF00359,Low,1.6,17,2.6,1,0.01,0.76,This Week,13.6,1,3,0,0,1
DEF00360,Medium,4.8,310,26.7,2,0.15,0.73,Immediate,48.7,2,4,0,0,1
DEF00361,Low,4.0,233,4.2,0,0.53,0.92,Immediate,34.6,1,4,0,0,1
DEF00362,Low,4.7,232,12.6,2,0.54,0.84,Immediate,37.8,1,4,0,0,1
DEF00363,High,5.8,28,8.7,2,0.93,0.81,This Week,53.5,3,3,0,0,1
DEF00364,Medium,3.2,154,43.1,5,0.54,0.96,Immediate,63.4,2,4,0,0,1
DEF00365,Low,4.7,327,33.1,5,0.2,0.99,Immediate,46.1,1,4,0,0,1
DEF00366,High,9.5,252,1.8,0,0.5,0.87,Immediate,50.5,3,4,0,0,1
DEF00367,Low,2.7,0,3.2,2,0.83,0.73,Programmed,5.4,1,1,0,0,1
DEF00368,Critical,16.3,138,10.9,1,0.13,0.74,Immediate,80.2,4,4,0,0,1
DEF00369,Medium,6.1,184,38.4,6,0.01,0.89,Immediate,56.0,2,4,0,0,1
DEF00370,Low,2.3,126,24.6,3,0.56,0.73,Immediate,51.2,1,4,0,0,1
DEF00371,Medium,7.5,82,44.0,7,0.19,0.74,Immediate,59.2,2,4,0,0,1
DEF00372,Medium,5.2,192,19.5,1,0.71,0.89,Immediate,50.5,2,4,0,0,1
DEF00373,Medium,8.5,0,15.4,2,0.64,0.85,This Month,24.9,2,2,0,0,1
DEF00374,Medium,4.1,278,31.8,3,0.83,0.76,Immediate,50.7,2,4,0,0,1
DEF00375,High,9.4,234,23.7,1,0.36,0.89,Immediate,66.4,3,4,0,0,1
DEF00376,High,5.9,76,24.6,1,0.8,0.82,Immediate,58.0,3,4,0,0,1
DEF00377,Critical,15.9,24,31.1,3,0.36,0.87,Immediate,67.3,4,4,0,0,1
DEF00378,Critical,7.2,273,5.4,0,0.21,0.81,Immediate,80.8,4,4,0,0,1
DEF00379,Critical,5.3,108,29.6,4,0.63,0.95,Immediate,83.1,4,4,0,0,1
DEF00380,Medium,5.3,167,19.5,2,0.58,0.92,Immediate,53.0,2,4,0,0,1
DEF00381,Medium,4.2,289,16.2,2,0.5,0.86,Immediate,56.7,2,4,0,0,1
DEF00382,Critical,3.4,27,22.3,0,0.31,0.83,Immediate,52.4,4,4,0,0,1
DEF00383,Medium,11.2,0,8.6,1,0.57,0.91,This Month,13.7,2,2,0,0,1
DEF00384,Low,2.4,129,27.8,2,0.02,0.71,Immediate,46.2,1,4,0,0,1
DEF00385,Low,8.2,92,10.6,1,0.3,0.85,Immediate,42.5,1,4,0,0,1
DEF00386,High,1.3,82,7.0,2,0.12,0.88,Immediate,56.7,3,4,0,0,1
DEF00387,High,5.6,258,28.0,2,0.05,0.98,Immediate,68.1,3,4,0,0,1
DEF00388,Medium,2.8,359,13.1,1,0.09,0.88,Immediate,50.6,2,4,0,0,1
DEF00389,Medium,4.2,356,44.2,3,0.69,0.76,Immediate,57.3,2,4,0,0,1
DEF00390,Low,1.1,0,26.2,3,0.05,0.88,Programmed,17.5,1,1,0,0,1
DEF00391,High,8.5,111,35.4,3,0.98,0.85,Immediate,81.9,3,4,0,0,1
DEF00392,Low,2.1,171,12.8,3,0.94,0.95,Immediate,48.4,1,4,0,0,1
DEF00393,Medium,10.6,298,40.2,5,0.37,0.86,Immediate,57.1,2,4,0,0,1
DEF00394,Low,2.0,248,32.6,5,0.52,0.9,Immediate,44.2,1,4,0,0,1
DEF00395,Medium,6.2,305,44.0,1,0.2,0.83,Immediate,55.3,2,4,0,0,1
DEF00396,Critical,3.8,193,6.2,1,0.35,0.93,Immediate,69.5,4,4,0,0,1
DEF00397,High,6.8,271,43.5,4,0.23,0.71,Immediate,74.2,3,4,0,0,1
DEF00398,Critical,6.0,372,21.9,0,0.17,0.96,Immediate,78.6,4,4,0,0,1
DEF00399,Medium,5.3,139,41.8,3,0.58,0.82,Immediate,60.5,2,4,0,0,1
DEF00400,High,5.9,222,12.9,1,0.67,0.73,Immediate,55.1,3,4,0,0,1
DEF00401,Low,8.1,100,3.3,0,0.36,0.8,Immediate,37.5,1,4,0,0,1
DEF00402,Low,5.1,204,2.9,0,0.34,0.89,Immediate,34.3,1,4,0,0,1
DEF00403,Low,1.5,268,42.9,5,0.03,0.79,Immediate,52.1,1,4,0,0,1
DEF00404,Medium,7.8,327,41.0,7,0.35,0.97,Immediate,57.8,2,4,0,0,1
DEF00405,Low,1.8,247,4.2,0,0.23,0.94,Immediate,36.5,1,4,0,0,1
DEF00406,Critical,4.7,392,28.8,1,0.94,0.78,Immediate,78.5,4,4,0,0,1
DEF00407,Medium,5.6,0,30.7,4,0.07,0.76,This Month,25.2,2,2,0,0,1
DEF00408,Critical,8.1,371,33.9,2,0.26,0.9,Immediate,86.1,4,4,0,0,1
DEF00409,Low,9.3,72,35.8,3,0.61,0.77,Immediate,46.1,1,4,0,0,1
DEF00410,Medium,4.8,196,1.9,0,0.94,0.97,Immediate,46.2,2,4,0,0,1
DEF00411,High,4.4,238,29.7,2,0.16,0.94,Immediate,71.3,3,4,0,0,1
DEF00412,High,12.9,350,30.3,2,0.1,0.96,Immediate,67.4,3,4,0,0,1
DEF00413,Critical,17.2,370,24.6,6,0.12,0.82,Immediate,79.1,4,4,0,0,1
DEF00414,Critical,8.8,329,22.2,2,0.36,0.71,Immediate,74.0,4,4,0,0,1
DEF00415,Low,5.3,132,39.7,4,0.08,0.93,Immediate,44.2,1,4,0,0,1
DEF00416,Medium,1.1,279,41.2,6,0.77,0.75,Immediate,55.1,2,4,0,0,1
DEF00417,Low,6.7,0,24.3,2,0.94,0.83,Programmed,15.7,1,1,0,0,1
DEF00418,Medium,4.4,0,2.5,0,0.53,0.76,This Month,22.3,2,2,0,0,1
DEF00419,High,5.8,209,25.2,2,0.05,0.94,Immediate,63.4,3,4,0,0,1
DEF00420,Medium,4.6,356,30.1,3,0.7,0.82,Immediate,54.9,2,4,0,0,1
DEF00421,Medium,6.1,339,36.8,4,0.19,0.82,Immediate,58.5,2,4,0,0,1
DEF00422,High,7.8,287,19.6,1,0.79,0.9,Immediate,62.0,3,4,0,0,1
DEF00423,Medium,5.6,12,15.3,3,0.32,0.89,This Week,35.3,2,3,0,0,1
DEF00424,Medium,4.6,323,10.8,1,0.27,0.86,Immediate,43.2,2,4,0,0,1
DEF00425,High,6.3,2,8.9,1,0.36,0.97,This Week,35.4,3,3,0,0,1
DEF00426,Medium,3.5,13,18.1,2,0.65,0.95,This Week,36.0,2,3,0,0,1
DEF00427,Medium,9.0,85,40.2,1,0.61,0.75,Immediate,55.4,2,4,0,0,1
DEF00428,High,3.8,172,10.1,0,0.27,0.9,Immediate,51.8,3,4,0,0,1
DEF00429,High,6.0,225,15.0,2,0.9,0.85,Immediate,56.3,3,4,0,0,1
DEF00430,High,5.7,357,15.9,3,0.54,0.97,Immediate,66.9,3,4,0,0,1
DEF00431,High,6.8,263,12.6,2,0.64,0.74,Immediate,61.4,3,4,0,0,1
DEF00432,Low,5.7,0,43.8,2,0.22,0.94,Programmed,21.6,1,1,0,0,1
DEF00433,Medium,8.3,198,13.3,2,0.16,0.82,Immediate,42.1,2,4,0,0,1
DEF00434,High,8.0,105,32.8,0,0.26,0.8,Immediate,58.6,3,4,0,0,1
DEF00435,Medium,3.3,111,5.6,0,0.27,0.77,Immediate,50.4,2,4,0,0,1
DEF00436,Medium,7.2,340,17.6,1,0.76,0.83,Immediate,48.4,2,4,0,0,1
DEF00437,High,4.4,128,9.1,0,0.65,0.74,Immediate,59.6,3,4,0,0,1
DEF00438,Critical,11.3,195,41.4,4,0.13,0.97,Immediate,86.7,4,4,0,0,1
DEF00439,Medium,5.5,366,31.2,5,0.92,0.73,Immediate,63.9,2,4,0,0,1
DEF00440,Medium,8.9,65,38.9,4,0.98,0.96,Immediate,55.3,2,4,0,0,1
DEF00441,Low,4.8,70,42.5,5,0.2,0.78,Immediate,50.9,1,4,0,0,1
DEF00442,Medium,8.6,129,7.7,1,0.11,0.95,Immediate,51.2,2,4,0,0,1
DEF00443,Medium,12.2,99,7.4,0,0.08,0.8,Immediate,43.3,2,4,0,0,1
DEF00444,High,5.8,18,28.7,1,0.98,0.91,This Week,48.4,3,3,0,0,1
DEF00445,Low,3.2,329,33.3,2,0.17,0.8,Immediate,41.2,1,4,0,0,1
DEF00446,High,7.3,262,22.7,2,0.78,0.85,Immediate,65.1,3,4,0,0,1
DEF00447,Medium,3.2,103,21.5,2,0.01,0.8,Immediate,52.8,2,4,0,0,1
DEF00448,Low,6.4,0,42.0,4,0.09,0.89,Programmed,18.8,1,1,0,0,1
DEF00449,High,7.0,83,26.2,2,0.94,0.84,Immediate,61.8,3,4,0,0,1
DEF00450,Low,4.7,60,39.5,0,0.36,0.84,Immediate,43.9,1,4,0,0,1
DEF00451,Low,4.5,250,5.2,1,0.33,0.86,Immediate,37.8,1,4,0,0,1
DEF00452,High,8.8,212,21.0,5,0.57,0.95,Immediate,68.4,3,4,0,0,1
DEF00453,Low,4.5,92,17.5,2,0.59,0.9,Immediate,49.2,1,4,0,0,1
DEF00454,Medium,4.2,223,6.6,0,0.35,0.86,Immediate,45.9,2,4,0,0,1
DEF00455,Medium,2.9,100,36.6,4,0.71,0.72,Immediate,57.1,2,4,0,0,1
DEF00456,Low,5.2,239,2.8,0,0.38,0.85,Immediate,34.4,1,4,0,0,1
DEF00457,Low,3.0,164,14.4,2,0.29,0.85,Immediate,44.2,1,4,0,0,1
DEF00458,Critical,15.5,64,27.1,0,0.32,0.91,Immediate,80.2,4,4,0,0,1
DEF00459,Low,1.7,30,30.6,1,0.18,0.79,This Week,36.6,1,3,0,0,1
DEF00460,Low,9.2,246,40.3,2,0.24,0.72,Immediate,45.7,1,4,0,0,1
DEF00461,Low,3.4,60,40.9,3,0.71,0.82,Immediate,50.4,1,4,0,0,1
DEF00462,Low,10.0,0,16.6,0,0.18,0.71,Programmed,15.1,1,1,0,0,1
DEF00463,Low,3.3,122,8.9,0,0.31,0.9,Immediate,33.3,1,4,0,0,1
DEF00464,Low,8.9,83,35.1,4,0.27,0.74,Immediate,44.6,1,4,0,0,1
DEF00465,Low,9.3,0,6.1,0,0.31,0.83,Programmed,3.9,1,1,0,0,1
DEF00466,High,7.6,383,29.2,0,0.37,0.73,Immediate,67.8,3,4,0,0,1
DEF00467,High,8.0,217,38.9,9,0.2,0.72,Immediate,76.3,3,4,0,0,1
DEF00468,Critical,9.7,284,30.4,2,0.3,0.84,Immediate,79.0,4,4,0,0,1
DEF00469,Medium,12.1,165,16.2,3,0.05,0.95,Immediate,48.8,2,4,0,0,1
DEF00470,Low,5.1,223,34.7,1,0.02,0.76,Immediate,48.3,1,4,0,0,1
DEF00471,Low,3.9,0,13.5,2,0.19,0.83,Programmed,15.4,1,1,0,0,1
DEF00472,High,6.9,177,17.4,6,0.94,0.89,Immediate,64.9,3,4,0,0,1
DEF00473,High,5.0,358,40.7,4,0.01,0.85,Immediate,76.9,3,4,0,0,1
DEF00474,Medium,1.5,31,24.6,3,0.35,0.96,Immediate,41.8,2,4,0,0,1
DEF00475,Low,4.0,229,28.7,1,0.06,0.9,Immediate,45.9,1,4,0,0,1
DEF00476,High,3.6,176,18.0,1,0.16,0.79,Immediate,71.7,3,4,0,0,1
DEF00477,Medium,7.2,0,19.1,2,0.9,0.9,This Month,25.2,2,2,0,0,1
DEF00478,Low,8.6,0,10.2,1,0.84,0.85,Programmed,16.2,1,1,0,0,1
DEF00479,Critical,5.5,293,37.2,1,0.36,0.96,Immediate,78.2,4,4,0,0,1
DEF00480,High,3.5,385,19.6,0,0.01,0.88,Immediate,69.0,3,4,0,0,1
DEF00481,Critical,5.8,316,33.4,1,0.77,0.92,Immediate,77.0,4,4,0,0,1
DEF00482,High,15.0,306,43.2,3,0.24,0.9,Immediate,65.6,3,4,0,0,1
DEF00483,Medium,6.2,297,27.7,2,0.52,0.85,Immediate,54.1,2,4,0,0,1
DEF00484,Medium,2.7,304,34.8,3,0.06,0.75,Immediate,54.0,2,4,0,0,1
DEF00485,High,5.1,180,9.9,1,0.36,0.89,Immediate,59.8,3,4,0,0,1
DEF00486,Low,1.2,27,31.0,4,0.06,0.88,This Week,31.5,1,3,0,0,1
DEF00487,Critical,6.7,262,2.4,0,0.85,0.78,Immediate,71.2,4,4,0,0,1
DEF00488,Low,3.0,0,21.7,2,0.03,0.79,Programmed,19.0,1,1,0,0,1
DEF00489,Critical,15.4,226,9.2,0,0.03,0.96,Immediate,64.0,4,4,0,0,1
DEF00490,Medium,11.0,333,23.6,3,0.26,0.94,Immediate,53.7,2,4,0,0,1
DEF00491,Low,1.3,252,45.0,2,0.17,0.84,Immediate,44.3,1,4,0,0,1
DEF00492,High,9.7,271,16.4,3,0.59,0.73,Immediate,57.5,3,4,0,0,1
DEF00493,High,14.1,374,4.2,1,0.5,0.92,Immediate,60.6,3,4,0,0,1
DEF00494,Critical,12.2,369,39.6,3,0.0,0.85,Immediate,82.0,4,4,0,0,1
DEF00495,Low,10.4,0,20.3,4,0.66,0.75,Programmed,17.7,1,1,0,0,1
DEF00496,Medium,5.9,28,26.2,1,0.38,0.82,This Week,40.0,2,3,0,0,1
DEF00497,High,4.7,147,18.3,5,0.36,0.75,Immediate,70.2,3,4,0,0,1
DEF00498,High,6.0,381,31.7,3,0.09,0.84,Immediate,70.1,3,4,0,0,1
DEF00499,Low,3.5,279,24.1,0,0.58,0.97,Immediate,37.3,1,4,0,0,1
DEF00500,Medium,3.5,127,23.6,1,0.7,0.89,Immediate,56.3,2,4,0,0,1
DEF00501,Medium,3.2,363,40.1,4,0.78,0.88,Immediate,51.2,2,4,0,0,1
DEF00502,Low,4.5,170,20.2,1,0.3,0.8,Immediate,42.2,1,4,0,0,1
DEF00503,Medium,1.8,261,28.2,1,0.18,0.98,Immediate,54.0,2,4,0,0,1
DEF00504,Critical,9.8,182,22.7,1,0.91,0.96,Immediate,78.6,4,4,0,0,1
DEF00505,Medium,3.0,145,35.1,3,0.55,0.76,Immediate,55.7,2,4,0,0,1
DEF00506,Medium,7.4,235,18.9,2,0.09,0.93,Immediate,53.3,2,4,0,0,1
DEF00507,Critical,9.9,154,17.5,3,0.39,0.97,Immediate,76.9,4,4,0,0,1
DEF00508,Medium,4.0,12,33.7,4,0.19,0.85,This Week,35.8,2,3,0,0,1
DEF00509,Low,4.8,0,6.3,0,0.58,0.96,Programmed,9.4,1,1,0,0,1
DEF00510,Medium,5.2,197,23.2,1,0.65,0.87,Immediate,53.9,2,4,0,0,1
DEF00511,High,14.2,82,22.0,1,0.17,0.91,Immediate,68.5,3,4,0,0,1
DEF00512,Medium,3.7,259,39.8,2,0.17,0.87,Immediate,59.9,2,4,0,0,1
DEF00513,Medium,5.7,264,2.6,0,0.15,0.86,Immediate,43.9,2,4,0,0,1
DEF00514,Medium,6.4,273,31.1,4,0.99,0.77,Immediate,56.6,2,4,0,0,1
DEF00515,High,10.3,64,4.7,0,0.03,0.73,Immediate,59.2,3,4,0,0,1
DEF00516,Critical,3.7,60,34.3,6,0.68,0.77,Immediate,84.6,4,4,0,0,1
DEF00517,High,5.7,48,24.8,3,0.15,0.9,Immediate,53.7,3,4,0,0,1
DEF00518,Medium,3.3,114,21.0,0,0.26,0.81,Immediate,48.7,2,4,0,0,1
DEF00519,High,5.1,147,43.2,7,0.51,0.91,Immediate,79.7,3,4,0,0,1
DEF00520,Medium,5.3,353,3.9,0,0.23,0.79,Immediate,48.5,2,4,0,0,1
DEF00521,High,7.0,96,16.3,3,0.06,0.74,Immediate,61.7,3,4,0,0,1
DEF00522,High,4.7,70,4.7,1,0.95,0.79,Immediate,56.7,3,4,0,0,1
DEF00523,Medium,5.1,258,40.0,3,0.75,0.85,Immediate,54.0,2,4,0,0,1
DEF00524,High,8.1,152,10.7,0,0.01,0.78,Immediate,51.2,3,4,0,0,1
DEF00525,Medium,11.6,161,19.2,1,0.94,0.9,Immediate,45.7,2,4,0,0,1
DEF00526,Medium,5.2,262,12.4,0,0.64,0.78,Immediate,50.5,2,4,0,0,1
DEF00527,Low,10.6,155,11.5,0,0.81,0.79,Immediate,37.9,1,4,0,0,1
DEF00528,Medium,3.0,12,43.5,4,0.19,0.88,This Week,44.0,2,3,0,0,1
DEF00529,High,6.5,244,44.4,2,0.26,0.86,Immediate,63.6,3,4,0,0,1
DEF00530,High,6.7,225,7.6,1,0.32,0.92,Immediate,53.9,3,4,0,0,1
DEF00531,Low,9.9,272,6.6,0,0.13,0.93,Immediate,40.5,1,4,0,0,1
DEF00532,Medium,3.7,118,44.5,10,0.77,0.75,Immediate,61.5,2,4,0,0,1
DEF00533,High,6.9,304,37.3,2,0.21,0.78,Immediate,77.1,3,4,0,0,1
DEF00534,Medium,12.5,275,14.5,2,0.06,0.86,Immediate,48.3,2,4,0,0,1
DEF00535,Medium,2.6,32,4.0,0,0.82,0.95,Immediate,28.2,2,4,0,0,1
DEF00536,Low,2.6,10,12.0,2,0.26,0.9,Programmed,19.5,1,1,0,0,1
DEF00537,Low,5.5,222,16.3,1,0.16,0.89,Immediate,39.5,1,4,0,0,1
DEF00538,Medium,4.5,324,38.8,4,0.13,0.97,Immediate,58.6,2,4,0,0,1
DEF00539,Medium,3.0,232,14.3,2,0.29,0.93,Immediate,49.9,2,4,0,0,1
DEF00540,Medium,5.7,69,43.1,7,0.29,0.99,Immediate,60.2,2,4,0,0,1
DEF00541,Critical,4.2,32,33.4,2,0.15,0.82,Immediate,72.6,4,4,0,0,1
DEF00542,Critical,6.7,57,15.2,0,0.15,0.75,Immediate,69.9,4,4,0,0,1
DEF00543,Medium,5.7,38,40.1,1,0.14,0.82,Immediate,47.4,2,4,0,0,1
DEF00544,Critical,5.5,109,16.8,2,0.17,0.82,Immediate,78.3,4,4,0,0,1
DEF00545,Medium,4.8,160,33.3,3,0.64,0.83,Immediate,50.9,2,4,0,0,1
DEF00546,Low,7.9,0,22.8,1,0.31,0.82,Programmed,15.3,1,1,0,0,1
DEF00547,Low,2.7,266,38.2,5,0.06,0.85,Immediate,43.9,1,4,0,0,1
DEF00548,High,14.9,104,12.9,0,0.74,0.72,Immediate,55.5,3,4,0,0,1
DEF00549,High,3.7,304,26.4,3,0.39,0.9,Immediate,68.9,3,4,0,0,1
DEF00550,Low,2.5,11,21.3,2,0.2,0.91,This Week,17.2,1,3,0,0,1
DEF00551,High,4.2,35,25.0,4,0.99,0.86,Immediate,53.1,3,4,0,0,1
DEF00552,Medium,3.8,308,22.6,1,0.33,0.75,Immediate,46.2,2,4,0,0,1
DEF00553,Low,3.5,96,44.9,6,0.15,0.89,Immediate,55.2,1,4,0,0,1
DEF00554,Medium,3.1,204,32.0,5,0.21,0.9,Immediate,55.8,2,4,0,0,1
DEF00555,High,9.0,364,40.7,4,0.33,0.84,Immediate,66.5,3,4,0,0,1
DEF00556,Medium,4.8,154,8.7,0,0.23,0.96,Immediate,50.6,2,4,0,0,1
DEF00557,Medium,4.4,0,33.9,5,0.34,0.75,This Month,31.6,2,2,0,0,1
DEF00558,High,9.2,85,13.7,0,0.99,0.93,Immediate,68.7,3,4,0,0,1
DEF00559,High,5.8,8,12.7,1,0.01,0.93,This Week,48.2,3,3,0,0,1
DEF00560,Low,4.1,286,35.8,4,0.25,0.84,Immediate,45.2,1,4,0,0,1
DEF00561,Medium,2.9,65,34.2,7,0.16,0.88,Immediate,53.4,2,4,0,0,1
DEF00562,Low,6.7,0,20.8,1,0.33,0.8,Programmed,14.6,1,1,0,0,1
DEF00563,Medium,7.8,73,37.6,1,0.21,0.92,Immediate,55.8,2,4,0,0,1
DEF00564,Medium,5.1,37,37.9,2,0.69,0.85,Immediate,48.2,2,4,0,0,1
DEF00565,High,7.7,299,37.6,2,0.15,0.78,Immediate,73.1,3,4,0,0,1
DEF00566,Low,3.9,268,5.0,3,0.35,0.88,Immediate,33.3,1,4,0,0,1
DEF00567,Medium,6.4,323,28.2,1,0.02,0.92,Immediate,54.3,2,4,0,0,1
DEF00568,Medium,7.8,50,21.6,2,0.52,0.95,Immediate,46.7,2,4,0,0,1
DEF00569,Medium,8.0,61,22.1,7,0.03,0.9,Immediate,58.4,2,4,0,0,1
DEF00570,Medium,4.6,0,31.7,0,0.08,0.79,This Month,35.0,2,2,0,0,1
DEF00571,Medium,14.1,257,25.1,4,0.52,0.93,Immediate,62.1,2,4,0,0,1
DEF00572,Medium,4.7,305,16.9,2,0.32,0.79,Immediate,49.0,2,4,0,0,1
DEF00573,Low,2.9,248,24.9,3,0.21,0.71,Immediate,46.3,1,4,0,0,1
DEF00574,Medium,2.4,151,2.1,0,0.22,0.8,Immediate,39.1,2,4,0,0,1
DEF00575,Medium,5.1,163,3.9,0,0.04,0.89,Immediate,41.5,2,4,0,0,1
DEF00576,Medium,9.7,93,28.8,2,0.68,0.78,Immediate,53.3,2,4,0,0,1
DEF00577,High,10.2,126,36.2,2,0.4,0.96,Immediate,70.7,3,4,0,0,1
DEF00578,Medium,2.5,228,11.3,2,0.86,0.96,Immediate,51.9,2,4,0,0,1
DEF00579,Medium,3.0,288,12.9,2,0.19,0.7,Immediate,52.4,2,4,0,0,1
DEF00580,High,8.8,115,21.1,0,0.17,0.88,Immediate,65.4,3,4,0,0,1
DEF00581,Medium,5.6,145,7.0,0,0.62,0.93,Immediate,48.8,2,4,0,0,1
DEF00582,High,5.4,382,31.9,5,0.0,0.83,Immediate,67.4,3,4,0,0,1
DEF00583,High,1.8,209,9.7,3,0.78,0.77,Immediate,62.1,3,4,0,0,1
DEF00584,Medium,4.3,326,10.8,1,0.77,0.76,Immediate,49.3,2,4,0,0,1
DEF00585,High,4.4,293,6.6,1,0.5,0.86,Immediate,63.1,3,4,0,0,1
DEF00586,Medium,6.7,24,17.9,0,0.11,0.76,This Week,36.4,2,3,0,0,1
DEF00587,Critical,4.1,361,1.6,0,0.23,0.78,Immediate,77.8,4,4,0,0,1
DEF00588,Low,3.5,0,25.9,1,0.62,0.78,Programmed,9.6,1,1,0,0,1
DEF00589,High,4.8,167,34.2,2,0.02,0.75,Immediate,65.2,3,4,0,0,1
DEF00590,Medium,2.1,321,35.1,5,0.14,0.91,Immediate,59.1,2,4,0,0,1
DEF00591,Medium,3.7,227,4.1,1,0.18,0.79,Immediate,48.2,2,4,0,0,1
DEF00592,High,6.4,50,7.9,2,0.06,0.71,Immediate,59.0,3,4,0,0,1
DEF00593,High,9.3,379,16.1,1,0.13,0.97,Immediate,62.1,3,4,0,0,1
DEF00594,High,3.3,250,27.6,2,0.93,0.89,Immediate,59.7,3,4,0,0,1
DEF00595,Medium,1.6,266,22.1,2,0.26,0.87,Immediate,50.8,2,4,0,0,1
DEF00596,Medium,10.8,350,38.7,4,0.28,0.96,Immediate,54.3,2,4,0,0,1
DEF00597,Low,5.5,348,5.8,0,0.34,0.81,Immediate,39.2,1,4,0,0,1
DEF00598,High,4.0,383,8.0,0,0.85,0.72,Immediate,62.9,3,4,0,0,1
DEF00599,Medium,3.9,343,34.3,3,0.08,0.92,Immediate,59.9,2,4,0,0,1
DEF00600,Medium,4.0,185,21.1,0,0.68,0.76,Immediate,53.1,2,4,0,0,1
DEF00601,Critical,5.8,362,9.8,1,0.84,0.95,Immediate,79.7,4,4,0,0,1
DEF00602,Medium,4.1,48,32.0,5,0.4,0.93,Immediate,54.7,2,4,0,0,1
DEF00603,High,6.9,16,43.8,4,0.35,0.92,This Week,53.6,3,3,0,0,1
DEF00604,High,13.5,40,19.1,1,0.32,0.71,Immediate,54.6,3,4,0,0,1
DEF00605,Medium,4.1,194,13.9,0,0.82,0.98,Immediate,47.5,2,4,0,0,1
DEF00606,High,2.8,54,28.1,2,0.01,0.75,Immediate,69.1,3,4,0,0,1
DEF00607,Medium,5.8,35,43.7,1,0.11,0.75,Immediate,41.7,2,4,0,0,1
DEF00608,Medium,1.6,32,38.3,5,0.18,0.93,Immediate,51.4,2,4,0,0,1
DEF00609,High,13.5,251,44.6,8,0.82,0.82,Immediate,72.8,3,4,0,0,1
DEF00610,Low,8.9,270,33.2,4,0.31,0.85,Immediate,46.3,1,4,0,0,1
DEF00611,Medium,6.4,141,28.9,1,0.17,0.9,Immediate,51.8,2,4,0,0,1
DEF00612,Medium,4.1,306,4.1,0,0.93,0.71,Immediate,41.7,2,4,0,0,1
DEF00613,Medium,7.4,46,33.4,4,0.21,0.73,Immediate,46.1,2,4,0,0,1
DEF00614,Critical,10.2,299,16.8,0,0.57,0.9,Immediate,76.1,4,4,0,0,1
DEF00615,High,10.5,230,29.9,3,0.25,0.7,Immediate,66.0,3,4,0,0,1
DEF00616,Low,6.2,57,42.0,4,0.12,0.9,Immediate,50.7,1,4,0,0,1
DEF00617,Medium,7.9,226,28.5,2,0.32,0.97,Immediate,55.7,2,4,0,0,1
DEF00618,Low,10.8,0,30.4,3,0.32,0.97,Programmed,20.5,1,1,0,0,1
DEF00619,Low,5.4,50,27.7,2,0.14,0.85,Immediate,34.2,1,4,0,0,1
DEF00620,Low,8.7,0,9.8,0,0.06,0.96,Programmed,12.6,1,1,0,0,1
DEF00621,Low,3.6,187,36.9,1,0.91,0.71,Immediate,51.0,1,4,0,0,1
DEF00622,High,5.8,182,6.0,0,0.29,0.97,Immediate,62.1,3,4,0,0,1
DEF00623,Critical,9.2,359,33.2,6,0.33,0.72,Immediate,86.7,4,4,0,0,1
DEF00624,High,8.4,302,10.9,1,0.73,0.87,Immediate,62.6,3,4,0,0,1
DEF00625,Medium,6.3,204,9.1,0,0.57,0.91,Immediate,36.8,2,4,0,0,1
DEF00626,High,7.8,142,33.6,1,0.08,0.73,Immediate,60.1,3,4,0,0,1
DEF00627,High,3.8,322,21.4,1,0.97,0.75,Immediate,72.4,3,4,0,0,1
DEF00628,Medium,10.6,210,30.5,3,0.91,0.74,Immediate,62.5,2,4,0,0,1
DEF00629,Critical,16.6,196,28.7,3,0.34,0.77,Immediate,77.8,4,4,0,0,1
DEF00630,High,15.2,133,11.1,2,0.08,0.94,Immediate,64.7,3,4,0,0,1
DEF00631,Low,2.7,292,35.3,2,0.04,0.79,Immediate,46.4,1,4,0,0,1
DEF00632,Low,7.3,21,3.6,1,0.02,0.93,This Week,28.2,1,3,0,0,1
DEF00633,Medium,9.1,222,24.6,0,0.26,0.88,Immediate,52.7,2,4,0,0,1
DEF00634,Low,3.1,327,41.0,4,0.04,0.7,Immediate,60.0,1,4,0,0,1
DEF00635,Medium,5.6,280,27.7,2,0.13,0.77,Immediate,54.6,2,4,0,0,1
DEF00636,Medium,8.2,0,17.7,3,0.17,0.88,This Month,24.8,2,2,0,0,1
DEF00637,Medium,5.0,4,30.0,2,0.82,0.95,This Month,41.0,2,2,0,0,1
DEF00638,Medium,8.3,54,19.1,3,0.34,0.96,Immediate,55.1,2,4,0,0,1
DEF00639,Medium,12.0,262,7.4,1,0.39,0.71,Immediate,55.6,2,4,0,0,1
DEF00640,High,13.4,3,4.9,1,0.05,0.8,This Week,33.2,3,3,0,0,1
DEF00641,Medium,10.6,65,7.0,0,0.34,0.89,Immediate,51.4,2,4,0,0,1
DEF00642,High,4.6,225,25.1,0,0.04,0.7,Immediate,57.5,3,4,0,0,1
DEF00643,Medium,6.3,354,13.2,3,0.38,0.83,Immediate,50.0,2,4,0,0,1
DEF00644,Medium,4.4,47,37.4,1,0.61,0.91,Immediate,51.0,2,4,0,0,1
DEF00645,Medium,8.3,233,18.8,2,0.39,0.73,Immediate,52.8,2,4,0,0,1
DEF00646,Medium,2.3,198,32.8,4,0.93,0.78,Immediate,58.1,2,4,0,0,1
DEF00647,High,4.7,339,24.6,5,0.01,0.88,Immediate,70.2,3,4,0,0,1
DEF00648,Medium,4.5,341,4.0,0,0.95,0.98,Immediate,36.6,2,4,0,0,1
DEF00649,Critical,3.1,333,26.8,1,0.52,0.72,Immediate,76.2,4,4,0,0,1
DEF00650,Medium,9.7,151,37.2,4,0.29,0.77,Immediate,60.6,2,4,0,0,1
DEF00651,Medium,4.0,253,9.3,1,0.03,0.74,Immediate,46.3,2,4,0,0,1
DEF00652,Medium,6.9,105,28.2,1,0.27,0.77,Immediate,53.3,2,4,0,0,1
DEF00653,Critical,10.7,26,1.4,0,0.73,0.82,Immediate,55.2,4,4,0,0,1
DEF00654,Medium,4.8,205,35.9,4,0.09,0.94,Immediate,52.8,2,4,0,0,1
DEF00655,High,3.6,328,19.1,2,0.68,0.76,Immediate,67.5,3,4,0,0,1
DEF00656,High,5.2,183,33.4,2,0.23,0.71,Immediate,70.6,3,4,0,0,1
DEF00657,Medium,5.4,178,32.2,6,0.82,0.78,Immediate,57.9,2,4,0,0,1
DEF00658,Medium,6.1,26,38.4,3,0.1,0.77,This Week,38.1,2,3,0,0,1
DEF00659,High,8.8,385,15.1,2,0.76,0.93,Immediate,56.6,3,4,0,0,1
DEF00660,Low,8.6,252,14.7,0,0.64,0.73,Immediate,33.4,1,4,0,0,1
DEF00661,Medium,3.5,241,6.7,1,0.68,0.82,Immediate,44.9,2,4,0,0,1
DEF00662,High,3.2,309,44.1,2,0.02,0.9,Immediate,74.8,3,4,0,0,1
DEF00663,Medium,8.6,344,5.7,1,0.28,0.79,Immediate,41.2,2,4,0,0,1
DEF00664,Critical,8.2,274,8.1,1,0.88,0.92,Immediate,73.8,4,4,0,0,1
DEF00665,Medium,5.2,195,35.7,7,0.11,0.97,Immediate,64.9,2,4,0,0,1
DEF00666,Medium,12.6,260,31.8,3,0.05,0.89,Immediate,56.8,2,4,0,0,1
DEF00667,Critical,9.7,243,33.1,1,0.4,0.91,Immediate,80.4,4,4,0,0,1
DEF00668,Medium,12.0,6,15.3,0,0.38,0.92,This Month,23.9,2,2,0,0,1
DEF00669,High,14.9,275,39.4,2,0.6,0.86,Immediate,70.4,3,4,0,0,1
DEF00670,Medium,5.1,329,33.4,0,0.03,0.74,Immediate,51.4,2,4,0,0,1
DEF00671,Medium,5.7,376,14.7,0,0.94,0.81,Immediate,52.7,2,4,0,0,1
DEF00672,Medium,3.5,245,13.6,3,0.4,0.72,Immediate,51.8,2,4,0,0,1
DEF00673,Low,3.3,113,19.2,2,0.09,0.81,Immediate,40.3,1,4,0,0,1
DEF00674,Medium,12.5,40,16.7,2,0.8,0.76,Immediate,43.5,2,4,0,0,1
DEF00675,Medium,5.2,304,5.0,1,0.65,0.72,Immediate,50.9,2,4,0,0,1
DEF00676,High,13.4,301,15.6,1,0.33,0.96,Immediate,60.3,3,4,0,0,1
DEF00677,Low,4.3,89,2.2,0,0.31,0.75,Immediate,35.0,1,4,0,0,1
DEF00678,Critical,3.6,194,40.5,5,0.27,0.81,Immediate,80.1,4,4,0,0,1
DEF00679,Medium,5.6,38,26.6,2,0.27,0.77,Immediate,39.2,2,4,0,0,1
DEF00680,High,5.5,28,23.1,3,0.03,0.89,This Week,54.0,3,3,0,0,1
DEF00681,High,7.5,185,11.5,2,1.0,0.93,Immediate,59.4,3,4,0,0,1
DEF00682,Critical,6.5,349,12.2,2,0.14,0.92,Immediate,69.6,4,4,0,0,1
DEF00683,Low,8.7,96,39.5,1,0.0,0.7,Immediate,48.2,1,4,0,0,1
DEF00684,Medium,12.2,0,30.0,2,0.29,0.91,This Month,25.2,2,2,0,0,1
DEF00685,Medium,2.8,243,11.3,1,0.86,0.72,Immediate,40.5,2,4,0,0,1
DEF00686,Low,5.6,55,10.1,0,0.15,0.87,Immediate,41.7,1,4,0,0,1
DEF00687,High,4.5,255,41.4,5,0.04,0.82,Immediate,75.0,3,4,0,0,1
DEF00688,Low,4.3,184,26.2,2,0.84,0.94,Immediate,40.1,1,4,0,0,1
DEF00689,High,13.7,298,28.7,1,0.67,0.83,Immediate,58.1,3,4,0,0,1
DEF00690,Low,7.5,333,8.5,1,0.19,0.75,Immediate,42.8,1,4,0,0,1
DEF00691,Medium,4.9,273,21.5,3,0.35,0.84,Immediate,54.4,2,4,0,0,1
DEF00692,Medium,6.1,207,23.0,3,0.28,0.8,Immediate,52.0,2,4,0,0,1
DEF00693,Medium,2.6,247,14.7,1,0.16,0.99,Immediate,52.1,2,4,0,0,1
DEF00694,High,4.9,271,27.7,2,0.07,0.93,Immediate,66.7,3,4,0,0,1
DEF00695,High,10.0,276,22.4,3,0.1,0.84,Immediate,64.5,3,4,0,0,1
DEF00696,Medium,4.2,280,12.5,1,0.02,0.99,Immediate,46.0,2,4,0,0,1
DEF00697,Low,3.4,71,26.9,3,0.24,0.92,Immediate,43.2,1,4,0,0,1
DEF00698,Medium,4.0,24,32.0,2,0.04,0.85,This Week,40.3,2,3,0,0,1
DEF00699,Medium,5.3,72,30.1,1,0.09,0.98,Immediate,49.0,2,4,0,0,1
DEF00700,High,14.8,251,5.1,2,0.98,0.92,Immediate,66.2,3,4,0,0,1
DEF00701,Medium,4.9,353,32.5,4,0.31,0.99,Immediate,63.4,2,4,0,0,1
DEF00702,Low,2.6,322,24.0,0,0.96,0.95,Immediate,43.4,1,4,0,0,1
DEF00703,Low,5.5,196,5.0,0,0.38,0.84,Immediate,31.9,1,4,0,0,1
DEF00704,Low,8.6,163,3.0,0,0.05,0.81,Immediate,42.2,1,4,0,0,1
DEF00705,High,9.4,203,13.4,0,0.15,0.74,Immediate,61.8,3,4,0,0,1
DEF00706,Medium,6.4,0,23.1,3,0.02,0.89,This Month,38.6,2,2,0,0,1
DEF00707,Low,2.9,252,9.6,3,0.06,0.76,Immediate,42.3,1,4,0,0,1
DEF00708,High,15.5,348,35.9,2,0.16,0.97,Immediate,73.5,3,4,0,0,1
DEF00709,Low,10.7,200,30.8,7,0.85,0.97,Immediate,57.4,1,4,0,0,1
DEF00710,Low,5.8,303,22.5,2,0.24,0.81,Immediate,41.1,1,4,0,0,1
DEF00711,Low,6.1,197,17.2,4,0.03,0.82,Immediate,36.5,1,4,0,0,1
DEF00712,High,5.0,246,24.4,0,0.32,0.96,Immediate,57.5,3,4,0,0,1
DEF00713,Medium,9.3,161,13.5,3,0.07,0.72,Immediate,57.9,2,4,0,0,1
DEF00714,Low,5.0,156,38.8,0,0.32,0.74,Immediate,48.5,1,4,0,0,1
DEF00715,Low,10.7,74,12.2,1,0.56,0.89,Immediate,35.5,1,4,0,0,1
DEF00716,Medium,11.7,236,5.8,0,0.93,0.92,Immediate,40.3,2,4,0,0,1
DEF00717,High,10.5,80,41.2,4,0.22,0.8,Immediate,65.6,3,4,0,0,1
DEF00718,Low,2.0,138,28.1,3,0.29,0.92,Immediate,43.4,1,4,0,0,1
DEF00719,Medium,8.2,108,13.4,2,0.11,0.82,Immediate,52.6,2,4,0,0,1
DEF00720,Medium,6.7,112,6.8,1,0.18,0.72,Immediate,51.4,2,4,0,0,1
DEF00721,High,4.7,275,5.4,0,0.16,0.97,Immediate,54.2,3,4,0,0,1
DEF00722,Medium,3.3,120,19.3,2,0.17,0.97,Immediate,56.7,2,4,0,0,1
DEF00723,Medium,5.4,304,1.3,0,0.12,0.76,Immediate,46.3,2,4,0,0,1
DEF00724,Critical,7.1,329,41.6,1,0.35,0.72,Immediate,74.3,4,4,0,0,1
DEF00725,Critical,6.3,341,7.0,1,0.32,0.73,Immediate,71.0,4,4,0,0,1
DEF00726,Low,5.7,280,37.5,3,0.74,0.96,Immediate,43.1,1,4,0,0,1
DEF00727,Critical,7.3,9,29.7,5,0.96,0.75,Immediate,56.7,4,4,0,0,1
DEF00728,High,13.6,169,29.2,0,0.96,0.77,Immediate,63.5,3,4,0,0,1
DEF00729,High,13.3,43,6.8,0,0.24,0.97,Immediate,53.9,3,4,0,0,1
DEF00730,Medium,5.4,317,44.1,4,0.2,0.97,Immediate,57.6,2,4,0,0,1
DEF00731,Low,4.1,0,30.7,0,0.36,0.88,Programmed,15.1,1,1,0,0,1
DEF00732,Low,3.6,286,42.1,8,0.68,0.8,Immediate,52.2,1,4,0,0,1
DEF00733,Medium,7.7,182,10.2,0,0.56,0.88,Immediate,47.2,2,4,0,0,1
DEF00734,Critical,7.3,349,13.6,0,0.74,0.85,Immediate,75.5,4,4,0,0,1
DEF00735,Low,9.5,104,38.2,4,0.57,0.85,Immediate,51.6,1,4,0,0,1
DEF00736,Critical,15.1,147,21.6,2,0.88,0.8,Immediate,72.7,4,4,0,0,1
DEF00737,Medium,6.7,7,10.4,4,0.12,0.78,This Month,30.0,2,2,0,0,1
DEF00738,High,9.0,168,6.3,1,0.92,0.96,Immediate,57.3,3,4,0,0,1
DEF00739,Low,3.2,230,35.4,3,0.84,0.75,Immediate,41.6,1,4,0,0,1
DEF00740,High,6.7,161,10.0,0,0.11,0.98,Immediate,53.4,3,4,0,0,1
DEF00741,Medium,12.2,249,24.6,3,0.83,0.88,Immediate,60.2,2,4,0,0,1
DEF00742,High,9.6,314,20.0,1,0.95,0.72,Immediate,62.5,3,4,0,0,1
DEF00743,Low,10.5,307,14.2,1,0.6,0.77,Immediate,40.3,1,4,0,0,1
DEF00744,Low,1.0,31,37.5,4,0.04,0.81,Immediate,40.9,1,4,0,0,1
DEF00745,Medium,4.6,46,15.6,0,0.29,0.99,Immediate,40.4,2,4,0,0,1
DEF00746,Medium,3.8,0,23.7,5,0.34,0.83,This Month,24.2,2,2,0,0,1
DEF00747,Critical,4.8,351,43.8,3,0.96,0.85,Immediate,89.2,4,4,0,0,1
DEF00748,High,15.6,194,38.7,3,0.82,0.84,Immediate,77.1,3,4,0,0,1
DEF00749,Low,8.2,203,43.8,5,0.63,0.7,Immediate,46.2,1,4,0,0,1
DEF00750,High,7.8,301,39.3,4,0.18,0.9,Immediate,70.1,3,4,0,0,1
DEF00751,Low,2.9,218,6.8,0,0.62,0.72,Immediate,42.0,1,4,0,0,1
DEF00752,Medium,7.7,77,9.6,1,0.02,0.83,Immediate,45.4,2,4,0,0,1
DEF00753,Medium,3.4,104,33.0,1,0.16,0.82,Immediate,54.8,2,4,0,0,1
DEF00754,High,9.8,309,12.7,1,0.54,0.83,Immediate,58.6,3,4,0,0,1
DEF00755,Low,5.3,132,41.9,3,0.15,0.87,Immediate,44.1,1,4,0,0,1
DEF00756,High,7.0,149,39.2,3,0.65,0.92,Immediate,67.5,3,4,0,0,1
DEF00757,High,14.6,293,32.8,1,0.88,0.99,Immediate,57.2,3,4,0,0,1
DEF00758,Low,7.0,242,36.7,3,0.29,0.75,Immediate,54.5,1,4,0,0,1
DEF00759,Low,2.4,182,39.0,2,0.04,0.97,Immediate,44.0,1,4,0,0,1
DEF00760,High,5.5,0,26.6,2,0.63,0.81,This Week,36.8,3,3,0,0,1
DEF00761,High,9.7,354,15.8,1,0.33,0.89,Immediate,62.9,3,4,0,0,1
DEF00762,Medium,6.9,0,36.0,3,0.36,0.75,This Month,27.8,2,2,0,0,1
DEF00763,Low,3.5,261,8.0,1,0.33,0.86,Immediate,30.1,1,4,0,0,1
DEF00764,High,15.6,83,1.8,0,0.12,0.78,Immediate,59.5,3,4,0,0,1
DEF00765,Medium,7.2,300,7.9,1,0.76,0.88,Immediate,50.3,2,4,0,0,1
DEF00766,Low,4.7,125,42.7,8,0.9,0.74,Immediate,50.1,1,4,0,0,1
DEF00767,High,5.7,15,39.7,4,0.2,0.77,This Week,55.1,3,3,0,0,1
DEF00768,High,6.1,182,33.9,4,0.36,0.71,Immediate,64.8,3,4,0,0,1
DEF00769,Medium,5.4,0,32.6,7,0.71,0.78,This Month,33.0,2,2,0,0,1
DEF00770,Low,3.8,114,9.5,0,0.93,0.86,Immediate,41.2,1,4,0,0,1
DEF00771,Medium,4.6,279,39.5,4,0.05,0.94,Immediate,61.9,2,4,0,0,1
DEF00772,Low,1.9,269,32.2,2,0.93,0.83,Immediate,47.8,1,4,0,0,1
DEF00773,Critical,17.0,96,38.5,5,0.39,0.85,Immediate,85.9,4,4,0,0,1
DEF00774,Critical,17.3,395,1.5,0,0.25,0.88,Immediate,70.4,4,4,0,0,1
DEF00775,Medium,4.2,247,12.9,0,0.06,0.83,Immediate,48.2,2,4,0,0,1
DEF00776,Medium,3.2,360,39.9,0,0.88,0.91,Immediate,54.3,2,4,0,0,1
DEF00777,High,6.2,373,24.6,2,0.12,0.85,Immediate,66.9,3,4,0,0,1
DEF00778,High,10.0,326,44.2,3,0.64,0.84,Immediate,66.8,3,4,0,0,1
DEF00779,Critical,18.5,336,30.9,3,0.63,0.78,Immediate,82.5,4,4,0,0,1
DEF00780,Medium,2.9,0,13.8,1,0.6,0.98,This Month,24.0,2,2,0,0,1
DEF00781,Medium,6.5,237,44.0,5,0.1,0.86,Immediate,65.8,2,4,0,0,1
DEF00782,Low,5.8,245,6.0,2,0.17,0.7,Immediate,40.8,1,4,0,0,1
DEF00783,High,5.7,196,17.3,1,0.68,0.82,Immediate,63.1,3,4,0,0,1
DEF00784,Low,3.0,0,43.9,5,0.37,0.79,Programmed,20.2,1,1,0,0,1
DEF00785,High,7.1,281,29.7,3,0.04,0.85,Immediate,66.3,3,4,0,0,1
DEF00786,Low,4.0,126,20.2,1,0.31,0.83,Immediate,39.2,1,4,0,0,1
DEF00787,Medium,4.2,219,16.1,1,0.92,0.84,Immediate,54.5,2,4,0,0,1
DEF00788,Medium,6.7,36,22.0,2,0.15,0.82,Immediate,39.6,2,4,0,0,1
DEF00789,Medium,6.6,232,8.1,0,0.31,0.75,Immediate,49.9,2,4,0,0,1
DEF00790,Medium,2.7,378,20.4,3,0.27,0.94,Immediate,49.1,2,4,0,0,1
DEF00791,Medium,5.1,0,21.0,3,0.28,0.85,This Month,27.3,2,2,0,0,1
DEF00792,Medium,6.6,342,5.3,0,0.22,0.91,Immediate,40.8,2,4,0,0,1
DEF00793,Medium,1.3,31,7.3,1,0.86,0.81,Immediate,30.0,2,4,0,0,1
DEF00794,Medium,4.1,322,38.6,5,0.01,0.88,Immediate,55.8,2,4,0,0,1
DEF00795,Low,5.7,218,12.0,3,0.86,0.91,Immediate,42.7,1,4,0,0,1
DEF00796,Low,9.2,160,43.4,3,0.11,0.76,Immediate,41.9,1,4,0,0,1
DEF00797,Medium,3.3,253,19.4,2,0.38,0.88,Immediate,51.5,2,4,0,0,1
DEF00798,Critical,9.5,391,13.3,2,0.96,0.8,Immediate,83.9,4,4,0,0,1
DEF00799,Low,7.3,0,20.1,1,0.69,0.98,Programmed,12.9,1,1,0,0,1
DEF00800,Medium,2.8,123,33.7,2,0.18,0.82,Immediate,51.1,2,4,0,0,1
DEF00801,High,10.5,9,40.2,6,0.52,0.95,This Week,57.6,3,3,0,0,1
DEF00802,Critical,6.6,208,29.6,5,0.32,0.94,Immediate,87.3,4,4,0,0,1
DEF00803,Low,5.2,0,18.0,2,0.98,0.93,Programmed,8.6,1,1,0,0,1
DEF00804,Medium,6.0,350,43.5,4,0.23,0.7,Immediate,59.0,2,4,0,0,1
DEF00805,Medium,5.7,259,42.9,2,0.02,0.83,Immediate,58.2,2,4,0,0,1
DEF00806,Low,2.6,172,35.3,2,0.12,0.72,Immediate,48.7,1,4,0,0,1
DEF00807,Low,2.4,0,20.4,1,0.75,0.74,Programmed,13.5,1,1,0,0,1
DEF00808,High,14.6,185,11.3,0,0.75,0.99,Immediate,60.6,3,4,0,0,1
DEF00809,Critical,8.4,49,19.9,0,0.21,0.76,Immediate,64.4,4,4,0,0,1
DEF00810,Medium,4.4,0,28.0,2,0.15,0.73,This Month,29.0,2,2,0,0,1
DEF00811,High,8.5,107,43.4,8,0.7,0.97,Immediate,85.1,3,4,0,0,1
DEF00812,Low,1.7,244,32.3,2,0.38,0.99,Immediate,47.1,1,4,0,0,1
DEF00813,Medium,9.1,118,35.6,4,0.8,0.8,Immediate,57.8,2,4,0,0,1
DEF00814,Low,4.8,51,10.6,0,0.05,0.94,Immediate,35.2,1,4,0,0,1
DEF00815,Critical,6.9,16,21.1,1,0.12,0.79,Immediate,54.4,4,4,0,0,1
DEF00816,Medium,2.7,99,27.0,2,0.89,0.71,Immediate,58.7,2,4,0,0,1
DEF00817,Low,4.3,41,26.5,2,0.78,0.74,Immediate,34.0,1,4,0,0,1
DEF00818,High,7.4,30,5.2,0,0.83,0.92,This Week,51.0,3,3,0,0,1
DEF00819,Critical,15.5,260,10.3,1,0.35,0.99,Immediate,71.5,4,4,0,0,1
DEF00820,Critical,9.9,62,7.7,0,0.2,0.87,Immediate,64.0,4,4,0,0,1
DEF00821,Low,3.7,166,40.7,6,0.06,0.85,Immediate,56.9,1,4,0,0,1
DEF00822,High,6.8,328,40.9,3,0.65,0.84,Immediate,67.1,3,4,0,0,1
DEF00823,Low,5.4,52,23.7,2,0.1,0.74,Immediate,38.2,1,4,0,0,1
DEF00824,Medium,3.3,115,33.5,5,0.75,0.92,Immediate,53.8,2,4,0,0,1
DEF00825,High,11.0,54,16.5,6,0.9,0.75,Immediate,67.4,3,4,0,0,1
DEF00826,Critical,10.7,129,5.2,1,0.81,0.88,Immediate,73.6,4,4,0,0,1
DEF00827,Critical,16.7,118,9.4,0,0.06,0.78,Immediate,70.3,4,4,0,0,1
DEF00828,High,4.7,266,7.4,0,0.23,0.88,Immediate,57.7,3,4,0,0,1
DEF00829,High,5.6,159,1.5,1,0.25,0.96,Immediate,60.3,3,4,0,0,1
DEF00830,Low,11.3,241,25.1,5,0.31,0.77,Immediate,44.6,1,4,0,0,1
DEF00831,High,15.0,386,28.1,2,0.94,0.99,Immediate,68.3,3,4,0,0,1
DEF00832,High,5.6,0,10.5,0,0.1,0.79,This Week,36.7,3,3,0,0,1
DEF00833,Medium,4.9,146,43.4,4,0.28,0.72,Immediate,61.6,2,4,0,0,1
DEF00834,Low,5.2,126,16.4,2,0.04,0.85,Immediate,45.8,1,4,0,0,1
DEF00835,High,6.3,146,43.6,4,0.27,0.8,Immediate,70.2,3,4,0,0,1
DEF00836,High,5.2,217,1.2,0,0.37,0.74,Immediate,50.2,3,4,0,0,1
DEF00837,Low,4.8,304,21.1,2,0.84,0.97,Immediate,39.0,1,4,0,0,1
DEF00838,Critical,4.3,391,42.8,4,0.11,0.83,Immediate,83.9,4,4,0,0,1
DEF00839,High,10.5,208,18.4,3,0.77,0.7,Immediate,64.7,3,4,0,0,1
DEF00840,Medium,3.3,210,41.7,3,0.36,0.73,Immediate,55.1,2,4,0,0,1
DEF00841,Medium,4.4,276,18.4,2,0.07,0.85,Immediate,52.8,2,4,0,0,1
DEF00842,Low,11.0,6,13.0,3,0.39,0.72,Programmed,23.8,1,1,0,0,1
DEF00843,Medium,4.9,184,11.2,1,0.12,0.72,Immediate,52.5,2,4,0,0,1
DEF00844,Critical,11.4,54,11.9,1,0.72,0.92,Immediate,71.2,4,4,0,0,1
DEF00845,Low,1.9,261,20.1,2,0.92,0.71,Immediate,44.8,1,4,0,0,1
DEF00846,Medium,12.3,82,21.3,3,0.22,0.88,Immediate,53.6,2,4,0,0,1
DEF00847,Medium,6.5,347,40.7,5,0.15,0.99,Immediate,56.2,2,4,0,0,1
DEF00848,Medium,5.8,144,5.4,2,0.84,0.95,Immediate,58.9,2,4,0,0,1
DEF00849,High,6.6,200,23.4,1,0.31,0.81,Immediate,56.6,3,4,0,0,1
DEF00850,Medium,7.2,0,40.2,3,0.11,0.74,This Month,27.6,2,2,0,0,1
DEF00851,Medium,9.7,129,1.9,0,0.98,0.78,Immediate,44.1,2,4,0,0,1
DEF00852,Medium,7.7,88,20.9,2,0.67,0.9,Immediate,54.6,2,4,0,0,1
DEF00853,Medium,5.8,279,35.8,5,0.33,0.87,Immediate,64.3,2,4,0,0,1
DEF00854,Low,6.8,309,42.7,5,0.57,0.77,Immediate,55.3,1,4,0,0,1
DEF00855,Medium,6.4,294,39.1,10,0.53,0.72,Immediate,60.8,2,4,0,0,1
DEF00856,Low,4.9,235,40.2,3,0.37,0.91,Immediate,55.6,1,4,0,0,1
DEF00857,Low,10.2,0,11.5,2,0.18,0.81,Programmed,13.3,1,1,0,0,1
DEF00858,Low,3.8,44,9.9,2,0.27,0.83,Immediate,34.4,1,4,0,0,1
DEF00859,Low,6.7,196,4.5,2,0.13,0.7,Immediate,45.1,1,4,0,0,1
DEF00860,High,12.3,157,42.6,5,0.08,0.95,Immediate,67.6,3,4,0,0,1
DEF00861,Low,2.8,146,31.9,1,0.55,0.87,Immediate,41.2,1,4,0,0,1
DEF00862,Medium,12.1,301,13.6,2,0.16,0.96,Immediate,47.4,2,4,0,0,1
DEF00863,Medium,2.3,91,17.5,2,0.24,0.84,Immediate,50.4,2,4,0,0,1
DEF00864,Medium,7.9,350,43.8,6,1.0,0.82,Immediate,61.4,2,4,0,0,1
DEF00865,High,4.5,42,6.4,1,0.36,0.92,Immediate,45.1,3,4,0,0,1
DEF00866,Low,8.8,31,29.9,1,0.95,0.87,Immediate,36.4,1,4,0,0,1
DEF00867,Medium,2.4,279,2.3,0,0.08,0.8,Immediate,48.9,2,4,0,0,1
DEF00868,Medium,11.9,269,37.8,6,0.38,0.91,Immediate,57.4,2,4,0,0,1
DEF00869,High,7.8,389,18.2,2,0.35,0.79,Immediate,66.4,3,4,0,0,1
DEF00870,Critical,5.1,281,10.9,2,0.32,0.82,Immediate,72.1,4,4,0,0,1
DEF00871,High,4.6,129,26.4,0,0.05,0.83,Immediate,57.2,3,4,0,0,1
DEF00872,Medium,9.4,153,31.1,0,0.12,0.94,Immediate,48.8,2,4,0,0,1
DEF00873,Low,4.0,129,40.3,4,0.3,0.77,Immediate,49.7,1,4,0,0,1
DEF00874,Medium,7.2,83,40.2,3,0.19,0.98,Immediate,51.5,2,4,0,0,1
DEF00875,Critical,10.1,371,25.3,0,0.18,0.77,Immediate,82.6,4,4,0,0,1
DEF00876,High,14.2,364,20.4,3,0.34,0.7,Immediate,63.4,3,4,0,0,1
DEF00877,Critical,9.1,263,10.1,1,0.88,0.88,Immediate,70.3,4,4,0,0,1
DEF00878,Medium,12.3,84,1.7,0,0.7,0.83,Immediate,47.1,2,4,0,0,1
DEF00879,Medium,4.0,5,6.6,0,0.98,0.9,This Month,18.5,2,2,0,0,1
DEF00880,Low,7.2,216,30.8,1,0.87,0.78,Immediate,45.3,1,4,0,0,1
DEF00881,High,5.0,135,43.6,4,0.35,0.7,Immediate,75.2,3,4,0,0,1
DEF00882,Low,2.6,70,17.6,2,0.3,0.76,Immediate,39.6,1,4,0,0,1
DEF00883,High,4.4,169,12.4,3,0.72,0.87,Immediate,64.6,3,4,0,0,1
DEF00884,Low,4.1,124,14.1,0,0.8,0.93,Immediate,40.9,1,4,0,0,1
DEF00885,Medium,7.1,46,39.9,6,0.34,0.75,Immediate,55.5,2,4,0,0,1
DEF00886,Critical,8.5,127,29.5,4,0.82,0.86,Immediate,77.9,4,4,0,0,1
DEF00887,Medium,5.5,324,26.2,7,0.7,0.97,Immediate,57.5,2,4,0,0,1
DEF00888,Medium,5.1,142,24.2,1,0.08,0.73,Immediate,46.9,2,4,0,0,1
DEF00889,High,4.8,27,44.5,4,0.33,0.86,This Week,58.2,3,3,0,0,1
DEF00890,Medium,7.9,304,35.1,8,0.16,0.78,Immediate,54.0,2,4,0,0,1
DEF00891,Medium,4.1,98,25.0,1,0.65,0.77,Immediate,54.2,2,4,0,0,1
DEF00892,Medium,3.5,354,5.8,1,0.53,0.86,Immediate,50.7,2,4,0,0,1
DEF00893,Low,3.0,170,33.1,1,0.37,0.77,Immediate,41.9,1,4,0,0,1
DEF00894,Medium,5.2,120,21.5,0,0.86,0.7,Immediate,49.1,2,4,0,0,1
DEF00895,Medium,4.2,21,5.7,5,0.32,0.79,This Week,35.7,2,3,0,0,1
DEF00896,High,7.9,283,9.3,0,0.39,0.82,Immediate,60.9,3,4,0,0,1
DEF00897,Critical,4.3,9,5.1,0,0.7,0.96,Immediate,48.8,4,4,0,0,1
DEF00898,High,4.7,18,31.9,4,0.16,0.97,This Week,57.7,3,3,0,0,1
DEF00899,High,13.3,191,27.3,2,0.67,0.87,Immediate,71.0,3,4,0,0,1
DEF00900,Low,5.5,96,43.1,2,0.28,0.95,Immediate,47.8,1,4,0,0,1
DEF00901,Medium,2.2,0,20.2,1,0.21,0.75,This Month,32.5,2,2,0,0,1
DEF00902,Low,5.9,256,39.4,2,0.57,0.95,Immediate,47.3,1,4,0,0,1
DEF00903,Critical,18.3,25,40.5,3,0.34,0.84,Immediate,69.2,4,4,0,0,1
DEF00904,Low,5.7,0,21.1,3,0.67,0.96,Programmed,11.9,1,1,0,0,1
DEF00905,Critical,6.2,237,44.9,3,0.02,0.96,Immediate,76.6,4,4,0,0,1
DEF00906,Low,7.0,254,14.7,1,0.99,0.9,Immediate,44.5,1,4,0,0,1
DEF00907,Medium,4.8,354,42.2,6,0.66,0.97,Immediate,64.8,2,4,0,0,1
DEF00908,Medium,12.0,262,36.7,9,0.92,0.82,Immediate,64.7,2,4,0,0,1
DEF00909,Critical,15.5,257,43.2,1,0.72,0.9,Immediate,78.2,4,4,0,0,1
DEF00910,Critical,5.8,146,43.4,4,0.64,0.79,Immediate,76.8,4,4,0,0,1
DEF00911,Low,8.9,219,35.3,7,0.15,0.82,Immediate,45.4,1,4,0,0,1
DEF00912,Low,5.0,293,5.2,2,0.8,0.77,Immediate,37.4,1,4,0,0,1
DEF00913,Medium,8.5,78,21.2,2,0.77,0.78,Immediate,53.8,2,4,0,0,1
DEF00914,Critical,4.4,200,23.2,2,0.22,0.9,Immediate,79.3,4,4,0,0,1
DEF00915,Low,6.6,0,33.7,1,0.14,0.76,Programmed,30.5,1,1,0,0,1
DEF00916,Critical,3.8,120,1.4,0,0.1,0.93,Immediate,64.3,4,4,0,0,1
DEF00917,Critical,7.5,201,34.8,2,0.91,0.71,Immediate,86.2,4,4,0,0,1
DEF00918,High,2.6,154,25.5,5,0.07,0.94,Immediate,66.7,3,4,0,0,1
DEF00919,High,12.7,108,27.7,6,0.78,0.84,Immediate,67.1,3,4,0,0,1
DEF00920,High,14.2,136,15.7,0,0.23,0.97,Immediate,62.9,3,4,0,0,1
DEF00921,High,11.9,216,43.5,4,0.95,0.78,Immediate,69.1,3,4,0,0,1
DEF00922,Medium,1.3,169,13.7,4,0.21,0.92,Immediate,58.5,2,4,0,0,1
DEF00923,Low,3.3,162,5.5,0,0.22,0.94,Immediate,35.4,1,4,0,0,1
DEF00924,High,13.8,108,16.5,1,0.07,0.8,Immediate,58.6,3,4,0,0,1
DEF00925,Medium,8.2,241,6.7,0,0.03,0.81,Immediate,49.4,2,4,0,0,1
DEF00926,High,5.3,100,39.6,4,0.52,0.98,Immediate,71.1,3,4,0,0,1
DEF00927,Low,10.3,148,27.4,3,0.72,0.82,Immediate,43.2,1,4,0,0,1
DEF00928,Medium,3.9,0,44.1,2,0.4,0.76,This Month,34.6,2,2,0,0,1
DEF00929,Medium,3.6,374,30.7,2,0.09,0.71,Immediate,55.9,2,4,0,0,1
DEF00930,High,7.1,252,9.8,0,0.88,0.89,Immediate,57.5,3,4,0,0,1
DEF00931,Medium,6.1,0,35.1,4,0.9,0.77,This Month,36.5,2,2,0,0,1
DEF00932,Low,4.1,110,28.4,2,0.28,0.96,Immediate,48.0,1,4,0,0,1
DEF00933,Low,10.8,20,43.4,6,0.09,0.8,This Week,36.1,1,3,0,0,1
DEF00934,Medium,3.3,137,10.7,0,0.85,0.74,Immediate,51.3,2,4,0,0,1
DEF00935,Critical,7.6,154,10.8,0,0.97,0.93,Immediate,75.8,4,4,0,0,1
DEF00936,Medium,6.9,182,36.6,4,0.54,0.8,Immediate,59.3,2,4,0,0,1
DEF00937,Medium,4.8,250,36.3,5,0.38,0.78,Immediate,56.8,2,4,0,0,1
DEF00938,Medium,4.5,193,38.6,5,0.07,0.97,Immediate,60.1,2,4,0,0,1
DEF00939,High,10.3,116,36.3,6,0.11,0.84,Immediate,80.0,3,4,0,0,1
DEF00940,Low,3.2,46,37.0,5,0.4,0.92,Immediate,41.9,1,4,0,0,1
DEF00941,Critical,7.7,256,14.7,2,0.55,0.74,Immediate,67.7,4,4,0,0,1
DEF00942,Medium,7.3,0,19.4,1,0.58,0.83,This Month,29.3,2,2,0,0,1
DEF00943,High,3.9,188,20.6,2,0.95,0.71,Immediate,66.4,3,4,0,0,1
DEF00944,Medium,2.4,263,23.9,1,0.94,0.96,Immediate,43.1,2,4,0,0,1
DEF00945,Medium,7.7,86,28.0,6,0.04,0.73,Immediate,53.4,2,4,0,0,1
DEF00946,High,9.9,65,32.8,1,0.97,0.93,Immediate,72.7,3,4,0,0,1
DEF00947,High,5.9,136,1.8,0,0.04,0.9,Immediate,63.5,3,4,0,0,1
DEF00948,Medium,8.0,308,24.9,2,0.84,0.84,Immediate,53.2,2,4,0,0,1
DEF00949,Low,3.0,0,39.5,4,0.2,0.93,Programmed,24.3,1,1,0,0,1
DEF00950,High,6.1,178,44.6,1,0.06,0.78,Immediate,71.7,3,4,0,0,1
DEF00951,Medium,4.9,79,34.2,3,0.18,0.95,Immediate,49.5,2,4,0,0,1
DEF00952,Low,7.3,80,13.0,0,0.14,0.96,Immediate,35.9,1,4,0,0,1
DEF00953,High,5.6,71,5.2,0,0.37,0.83,Immediate,59.6,3,4,0,0,1
DEF00954,High,14.0,38,31.4,4,0.1,0.8,Immediate,57.3,3,4,0,0,1
DEF00955,High,7.9,269,16.3,1,0.68,0.96,Immediate,56.1,3,4,0,0,1
DEF00956,High,7.9,326,1.1,0,0.77,0.76,Immediate,56.4,3,4,0,0,1
DEF00957,Medium,8.1,23,18.2,2,0.88,0.94,This Week,30.3,2,3,0,0,1
DEF00958,High,7.5,158,38.5,4,0.0,0.83,Immediate,67.2,3,4,0,0,1
DEF00959,High,3.8,150,19.4,1,0.64,0.74,Immediate,59.1,3,4,0,0,1
DEF00960,Low,10.1,137,36.3,3,0.56,0.82,Immediate,38.1,1,4,0,0,1
DEF00961,Low,9.9,0,3.1,0,0.72,0.82,Programmed,13.8,1,1,0,0,1
DEF00962,High,6.8,327,12.5,1,0.15,0.98,Immediate,63.1,3,4,0,0,1
DEF00963,Low,4.2,0,44.9,3,0.29,0.94,Programmed,25.6,1,1,0,0,1
DEF00964,High,9.5,286,3.7,0,0.02,0.86,Immediate,53.0,3,4,0,0,1
DEF00965,High,7.6,124,7.9,1,0.98,0.77,Immediate,66.2,3,4,0,0,1
DEF00966,High,4.2,137,31.0,2,0.9,0.98,Immediate,66.8,3,4,0,0,1
DEF00967,Critical,2.8,340,38.7,2,0.37,0.71,Immediate,71.4,4,4,0,0,1
DEF00968,Low,9.6,39,43.1,5,0.13,0.74,Immediate,36.1,1,4,0,0,1
DEF00969,High,3.2,169,41.8,1,0.36,0.72,Immediate,62.2,3,4,0,0,1
DEF00970,High,7.4,352,6.2,0,0.29,0.79,Immediate,61.9,3,4,0,0,1
DEF00971,Low,4.4,290,8.3,1,0.54,0.9,Immediate,38.3,1,4,0,0,1
DEF00972,Low,2.7,31,25.8,10,0.73,0.85,Immediate,34.6,1,4,0,0,1
DEF00973,Medium,5.0,261,27.9,3,0.9,0.79,Immediate,51.3,2,4,0,0,1
DEF00974,Low,2.3,11,3.6,1,0.09,0.82,This Week,20.2,1,3,0,0,1
DEF00975,Medium,6.9,120,2.8,0,0.16,0.78,Immediate,53.2,2,4,0,0,1
DEF00976,Medium,7.7,171,4.0,0,0.06,0.92,Immediate,40.8,2,4,0,0,1
DEF00977,Low,8.2,147,36.1,0,0.12,0.78,Immediate,39.9,1,4,0,0,1
DEF00978,High,8.3,11,23.3,5,0.17,0.85,This Week,52.9,3,3,0,0,1
DEF00979,High,13.6,260,38.5,0,0.2,0.83,Immediate,69.5,3,4,0,0,1
DEF00980,Medium,2.5,101,33.1,5,0.72,0.88,Immediate,63.0,2,4,0,0,1
DEF00981,High,5.2,69,24.8,3,0.77,0.84,Immediate,69.0,3,4,0,0,1
DEF00982,Medium,9.3,0,15.8,1,0.9,0.77,This Month,26.1,2,2,0,0,1
DEF00983,Critical,5.0,241,20.7,2,0.21,0.89,Immediate,82.4,4,4,0,0,1
DEF00984,Low,6.4,232,27.2,2,0.0,0.74,Immediate,42.7,1,4,0,0,1
DEF00985,High,5.6,212,16.3,2,0.28,0.83,Immediate,58.4,3,4,0,0,1
DEF00986,High,8.5,95,39.2,5,0.26,0.74,Immediate,75.2,3,4,0,0,1
DEF00987,Medium,7.4,102,13.5,1,0.69,0.97,Immediate,44.4,2,4,0,0,1
DEF00988,High,6.9,151,33.3,5,0.73,0.9,Immediate,68.5,3,4,0,0,1
DEF00989,Medium,7.2,258,15.3,1,0.39,0.85,Immediate,53.5,2,4,0,0,1
DEF00990,Medium,4.5,18,30.2,3,0.37,0.89,This Week,37.3,2,3,0,0,1
DEF00991,Medium,4.3,66,4.3,0,0.88,0.8,Immediate,44.8,2,4,0,0,1
DEF00992,Critical,6.3,369,3.6,2,0.38,0.98,Immediate,66.6,4,4,0,0,1
DEF00993,Critical,5.6,246,33.7,5,0.26,0.89,Immediate,80.4,4,4,0,0,1
DEF00994,High,5.5,0,32.0,2,0.62,0.74,This Week,38.4,3,3,0,0,1
DEF00995,High,6.2,247,14.7,3,0.71,0.84,Immediate,61.7,3,4,0,0,1
DEF00996,Low,5.7,174,3.5,0,0.01,0.86,Immediate,35.5,1,4,0,0,1
DEF00997,Medium,4.9,201,24.8,2,0.63,0.86,Immediate,60.1,2,4,0,0,1
DEF00998,High,10.9,82,29.7,1,0.17,0.89,Immediate,65.5,3,4,0,0,1
DEF00999,High,7.2,40,25.6,2,0.0,0.87,Immediate,59.9,3,4,0,0,1
DEF01000,Low,4.5,202,9.5,0,0.56,0.79,Immediate,28.5,1,4,0,0,1
DEF01001,Low,3.4,131,41.6,2,0.29,0.92,Immediate,49.8,1,4,0,0,1
DEF01002,Medium,3.1,184,31.7,4,0.09,0.71,Immediate,58.3,2,4,0,0,1
DEF01003,Medium,3.3,0,22.9,3,0.3,0.79,This Month,22.3,2,2,0,0,1
DEF01004,Critical,5.9,323,26.1,1,0.65,0.85,Immediate,70.3,4,4,0,0,1
DEF01005,High,15.3,87,4.8,1,0.04,0.7,Immediate,56.8,3,4,0,0,1
DEF01006,Medium,5.2,31,36.7,1,0.07,0.87,Immediate,47.7,2,4,0,0,1
DEF01007,Critical,7.9,370,33.2,3,0.82,0.87,Immediate,82.9,4,4,0,0,1
DEF01008,Critical,10.7,107,41.1,3,0.25,0.74,Immediate,87.5,4,4,0,0,1
DEF01009,Medium,7.0,0,15.7,1,0.83,0.78,This Month,25.5,2,2,0,0,1
DEF01010,Medium,3.6,276,21.0,3,0.71,0.85,Immediate,54.0,2,4,0,0,1
DEF01011,High,4.6,211,32.8,0,0.05,0.97,Immediate,64.9,3,4,0,0,1
DEF01012,Low,2.4,71,6.3,3,0.09,0.97,Immediate,50.8,1,4,0,0,1
DEF01013,Medium,8.6,270,34.4,3,0.37,0.77,Immediate,55.1,2,4,0,0,1
DEF01014,Medium,1.2,274,13.6,1,0.25,0.78,Immediate,52.2,2,4,0,0,1
DEF01015,Medium,12.1,299,17.3,4,0.88,0.83,Immediate,54.6,2,4,0,0,1
DEF01016,Critical,8.1,85,41.3,5,0.85,0.95,Immediate,84.6,4,4,0,0,1
DEF01017,High,8.9,282,26.0,6,0.34,0.84,Immediate,74.2,3,4,0,0,1
DEF01018,Low,10.2,181,6.8,0,0.32,0.8,Immediate,31.0,1,4,0,0,1
DEF01019,Critical,10.8,390,8.5,0,0.65,0.98,Immediate,66.7,4,4,0,0,1
DEF01020,Medium,7.0,355,3.9,1,0.28,0.83,Immediate,46.8,2,4,0,0,1
DEF01021,Low,3.1,199,40.7,5,0.66,0.74,Immediate,45.6,1,4,0,0,1
DEF01022,Medium,13.7,104,9.3,3,0.38,0.72,Immediate,55.8,2,4,0,0,1
DEF01023,High,6.8,173,8.0,2,0.52,0.9,Immediate,60.4,3,4,0,0,1
DEF01024,Medium,8.0,58,43.1,6,0.23,0.81,Immediate,54.1,2,4,0,0,1
DEF01025,Medium,6.0,83,33.9,1,0.77,0.92,Immediate,55.6,2,4,0,0,1
DEF01026,Low,6.1,263,16.4,5,0.12,0.75,Immediate,47.7,1,4,0,0,1
DEF01027,Medium,4.2,44,39.0,7,0.05,0.88,Immediate,44.7,2,4,0,0,1
DEF01028,Medium,2.7,22,24.3,1,0.57,0.7,This Week,38.5,2,3,0,0,1
DEF01029,Medium,8.3,131,20.7,2,0.7,0.88,Immediate,46.6,2,4,0,0,1
DEF01030,High,6.1,277,43.0,4,0.74,0.91,Immediate,68.2,3,4,0,0,1
DEF01031,High,7.2,322,32.5,6,0.16,0.79,Immediate,71.6,3,4,0,0,1
DEF01032,Low,6.5,251,42.1,10,0.12,0.86,Immediate,56.7,1,4,0,0,1
DEF01033,High,3.0,314,37.9,5,0.86,0.75,Immediate,75.9,3,4,0,0,1
DEF01034,Medium,8.0,3,17.6,1,0.06,0.72,This Month,27.6,2,2,0,0,1
DEF01035,High,4.9,292,13.6,2,0.85,0.82,Immediate,68.9,3,4,0,0,1
DEF01036,Medium,7.2,356,23.4,3,0.26,0.89,Immediate,44.7,2,4,0,0,1
DEF01037,Medium,4.5,135,40.7,2,0.51,0.78,Immediate,64.5,2,4,0,0,1
DEF01038,Critical,5.2,183,12.8,0,0.77,0.72,Immediate,71.2,4,4,0,0,1
DEF01039,Medium,3.3,326,22.8,3,0.16,0.98,Immediate,51.5,2,4,0,0,1
DEF01040,Medium,3.2,301,11.3,1,0.32,0.99,Immediate,52.5,2,4,0,0,1
DEF01041,Low,2.8,124,5.3,1,0.7,0.94,Immediate,40.7,1,4,0,0,1
DEF01042,Low,9.8,111,13.7,1,0.96,0.73,Immediate,38.2,1,4,0,0,1
DEF01043,Medium,4.0,195,24.0,1,0.85,0.72,Immediate,55.3,2,4,0,0,1
DEF01044,High,14.2,131,37.4,4,0.76,0.98,Immediate,78.3,3,4,0,0,1
DEF01045,Low,3.0,0,40.6,2,0.04,0.72,Programmed,19.3,1,1,0,0,1
DEF01046,Low,6.0,183,37.6,9,0.39,0.85,Immediate,55.8,1,4,0,0,1
DEF01047,Medium,8.4,265,27.5,2,0.02,0.74,Immediate,57.4,2,4,0,0,1
DEF01048,Medium,4.9,64,40.7,10,0.36,0.98,Immediate,60.9,2,4,0,0,1
DEF01049,High,3.1,105,18.8,3,0.32,0.75,Immediate,66.9,3,4,0,0,1
DEF01050,Medium,7.1,67,17.1,3,0.34,0.99,Immediate,43.6,2,4,0,0,1
DEF01051,Medium,2.6,52,39.3,2,0.64,0.93,Immediate,52.5,2,4,0,0,1
DEF01052,Critical,4.7,385,34.1,2,0.79,0.79,Immediate,84.1,4,4,0,0,1
DEF01053,Low,6.2,339,4.8,0,0.78,0.76,Immediate,29.9,1,4,0,0,1
DEF01054,High,7.4,159,33.3,1,0.16,0.72,Immediate,65.9,3,4,0,0,1
DEF01055,High,6.6,280,23.3,2,0.07,0.93,Immediate,70.7,3,4,0,0,1
DEF01056,Low,3.8,0,42.9,3,0.9,0.71,Programmed,18.0,1,1,0,0,1
DEF01057,Low,4.2,22,7.3,1,1.0,0.88,This Week,19.6,1,3,0,0,1
DEF01058,Medium,8.1,0,44.7,2,0.35,0.7,This Month,28.4,2,2,0,0,1
DEF01059,Medium,5.8,0,14.7,0,0.34,0.75,This Month,26.7,2,2,0,0,1
DEF01060,High,3.1,165,15.5,2,0.95,0.74,Immediate,64.1,3,4,0,0,1
DEF01061,Low,6.8,264,21.0,2,0.04,0.73,Immediate,42.4,1,4,0,0,1
DEF01062,Medium,1.4,237,2.7,0,0.66,0.97,Immediate,49.1,2,4,0,0,1
DEF01063,Medium,4.7,62,15.9,1,0.89,0.9,Immediate,50.3,2,4,0,0,1
DEF01064,Medium,12.2,233,11.2,2,0.07,0.92,Immediate,54.1,2,4,0,0,1
DEF01065,Critical,6.6,22,3.3,0,0.21,0.78,Immediate,56.9,4,4,0,0,1
DEF01066,Medium,5.3,52,35.4,1,0.12,0.75,Immediate,49.6,2,4,0,0,1
DEF01067,Medium,8.0,265,2.4,0,0.54,0.97,Immediate,46.4,2,4,0,0,1
DEF01068,Medium,2.6,339,13.2,2,0.33,0.76,Immediate,39.9,2,4,0,0,1
DEF01069,Critical,8.8,19,31.4,4,0.62,0.81,Immediate,59.4,4,4,0,0,1
DEF01070,High,14.4,203,31.9,3,0.33,0.95,Immediate,64.3,3,4,0,0,1
DEF01071,Low,3.5,189,4.1,0,0.32,0.81,Immediate,43.0,1,4,0,0,1
DEF01072,High,4.3,55,5.5,0,0.34,0.98,Immediate,51.2,3,4,0,0,1
DEF01073,Low,4.3,229,18.7,3,0.66,0.73,Immediate,41.7,1,4,0,0,1
DEF01074,High,8.5,277,31.1,5,0.22,0.91,Immediate,70.6,3,4,0,0,1
DEF01075,Low,5.3,175,19.2,2,0.92,0.84,Immediate,57.8,1,4,0,0,1
DEF01076,Medium,11.7,239,24.0,2,0.06,0.77,Immediate,44.5,2,4,0,0,1
DEF01077,Medium,7.7,182,36.5,1,0.19,0.73,Immediate,60.2,2,4,0,0,1
DEF01078,Low,4.3,245,37.4,1,0.63,0.97,Immediate,47.1,1,4,0,0,1
DEF01079,High,3.6,277,28.4,3,0.02,0.93,Immediate,63.2,3,4,0,0,1
DEF01080,Medium,4.7,262,15.3,0,0.61,0.83,Immediate,53.0,2,4,0,0,1
DEF01081,High,6.6,110,2.5,0,0.3,0.75,Immediate,52.1,3,4,0,0,1
DEF01082,Medium,6.1,256,1.4,0,0.0,0.8,Immediate,49.6,2,4,0,0,1
DEF01083,Critical,5.3,246,23.3,4,0.31,0.83,Immediate,78.4,4,4,0,0,1
DEF01084,Low,9.9,240,14.7,1,0.09,0.98,Immediate,39.6,1,4,0,0,1
DEF01085,High,13.8,323,12.0,1,0.99,0.78,Immediate,62.1,3,4,0,0,1
DEF01086,High,5.0,278,43.8,1,0.13,0.97,Immediate,69.5,3,4,0,0,1
DEF01087,Medium,5.8,284,5.5,0,0.17,0.84,Immediate,45.8,2,4,0,0,1
DEF01088,High,7.0,195,15.8,1,0.02,0.92,Immediate,63.6,3,4,0,0,1
DEF01089,Low,2.7,32,6.7,1,0.32,0.76,Immediate,30.2,1,4,0,0,1
DEF01090,Medium,7.4,0,30.9,9,0.13,0.78,This Month,31.3,2,2,0,0,1
DEF01091,High,11.3,313,9.6,2,0.0,0.73,Immediate,64.0,3,4,0,0,1
DEF01092,Medium,4.7,139,25.6,1,0.15,0.72,Immediate,51.1,2,4,0,0,1
DEF01093,Low,7.7,60,28.3,5,0.79,0.99,Immediate,50.6,1,4,0,0,1
DEF01094,Critical,10.4,241,23.1,3,0.59,0.75,Immediate,79.9,4,4,0,0,1
DEF01095,Low,6.3,289,20.8,2,0.02,0.91,Immediate,37.4,1,4,0,0,1
DEF01096,Medium,9.1,51,21.5,2,0.93,0.86,Immediate,43.4,2,4,0,0,1
DEF01097,Medium,11.7,172,27.8,4,0.81,0.85,Immediate,54.0,2,4,0,0,1
DEF01098,Critical,9.2,206,42.9,5,0.28,0.71,Immediate,84.8,4,4,0,0,1
DEF01099,Critical,6.4,69,13.9,1,0.03,0.96,Immediate,73.1,4,4,0,0,1
DEF01100,Medium,5.6,186,35.7,6,0.17,0.8,Immediate,57.8,2,4,0,0,1
DEF01101,Medium,6.6,19,7.4,0,0.22,0.78,This Week,29.6,2,3,0,0,1
DEF01102,Low,1.8,64,20.4,3,0.97,0.75,Immediate,43.5,1,4,0,0,1
DEF01103,High,7.0,3,31.3,3,0.73,0.92,This Week,47.6,3,3,0,0,1
DEF01104,Low,6.1,33,26.8,1,0.11,0.71,Immediate,30.2,1,4,0,0,1
DEF01105,High,7.4,216,2.7,1,0.99,0.93,Immediate,68.0,3,4,0,0,1
DEF01106,Critical,11.9,394,27.3,3,0.14,0.94,Immediate,82.9,4,4,0,0,1
DEF01107,Critical,11.3,379,9.1,1,0.35,0.71,Immediate,74.6,4,4,0,0,1
DEF01108,Medium,11.1,278,28.3,2,0.11,0.81,Immediate,54.4,2,4,0,0,1
DEF01109,Low,3.5,227,38.1,4,0.09,0.83,Immediate,45.1,1,4,0,0,1
DEF01110,Critical,9.2,254,5.3,1,0.39,0.86,Immediate,76.2,4,4,0,0,1
DEF01111,Medium,8.9,197,15.1,0,0.39,0.72,Immediate,53.2,2,4,0,0,1
DEF01112,Medium,1.4,19,1.1,0,0.57,0.75,This Week,23.6,2,3,0,0,1
DEF01113,Critical,9.7,211,11.5,1,0.38,0.93,Immediate,79.7,4,4,0,0,1
DEF01114,High,10.9,283,8.1,0,0.9,0.89,Immediate,63.4,3,4,0,0,1
DEF01115,Critical,2.9,204,7.7,1,0.71,0.91,Immediate,70.4,4,4,0,0,1
DEF01116,High,6.8,171,2.0,0,0.21,0.74,Immediate,53.8,3,4,0,0,1
DEF01117,High,7.0,366,39.8,5,0.13,0.96,Immediate,76.0,3,4,0,0,1
DEF01118,Low,4.8,20,6.5,0,0.65,0.73,This Week,18.5,1,3,0,0,1
DEF01119,Medium,6.7,202,20.6,4,0.57,0.89,Immediate,53.3,2,4,0,0,1
DEF01120,Low,6.4,0,26.3,1,0.17,0.86,Programmed,9.0,1,1,0,0,1
DEF01121,Medium,6.9,156,12.9,1,0.17,0.78,Immediate,42.4,2,4,0,0,1
DEF01122,Medium,3.8,242,38.4,5,0.56,0.9,Immediate,56.7,2,4,0,0,1
DEF01123,Low,1.0,248,3.4,0,0.14,0.86,Immediate,32.1,1,4,0,0,1
DEF01124,Medium,2.8,197,41.0,4,0.89,0.84,Immediate,62.9,2,4,0,0,1
DEF01125,High,9.6,224,7.1,2,0.29,0.71,Immediate,61.0,3,4,0,0,1
DEF01126,Low,2.8,0,5.5,0,0.36,0.82,Programmed,13.3,1,1,0,0,1
DEF01127,Low,10.1,193,30.1,1,0.27,0.89,Immediate,50.4,1,4,0,0,1
DEF01128,Medium,4.6,0,30.8,4,0.58,0.86,This Month,28.6,2,2,0,0,1
DEF01129,Medium,2.9,60,41.5,4,0.87,0.94,Immediate,58.2,2,4,0,0,1
DEF01130,High,6.6,210,16.2,2,0.98,0.85,Immediate,60.8,3,4,0,0,1
DEF01131,Critical,5.3,333,12.6,2,0.05,0.88,Immediate,67.5,4,4,0,0,1
DEF01132,Medium,7.2,219,28.8,7,0.1,0.77,Immediate,59.4,2,4,0,0,1
DEF01133,Medium,7.4,40,29.6,2,0.35,0.8,Immediate,46.3,2,4,0,0,1
DEF01134,High,10.7,0,27.6,5,0.92,0.75,This Week,44.3,3,3,0,0,1
DEF01135,Critical,6.6,21,18.7,3,0.5,0.94,Immediate,67.6,4,4,0,0,1
DEF01136,Low,3.5,112,32.1,5,0.3,0.75,Immediate,50.6,1,4,0,0,1
DEF01137,High,15.2,72,1.9,1,0.03,0.94,Immediate,59.1,3,4,0,0,1
DEF01138,Medium,2.1,304,31.1,3,0.57,0.71,Immediate,57.4,2,4,0,0,1
DEF01139,Critical,7.8,169,15.8,3,0.01,0.9,Immediate,82.6,4,4,0,0,1
DEF01140,Low,2.0,0,28.9,2,0.13,0.83,Programmed,23.0,1,1,0,0,1
DEF01141,Medium,2.4,141,9.8,2,0.06,0.84,Immediate,38.1,2,4,0,0,1
DEF01142,Critical,4.8,73,9.7,1,0.93,0.89,Immediate,80.8,4,4,0,0,1
DEF01143,Low,4.5,31,41.4,2,0.92,0.78,Immediate,32.2,1,4,0,0,1
DEF01144,High,4.3,48,23.0,3,0.06,0.84,Immediate,58.8,3,4,0,0,1
DEF01145,Medium,13.3,0,28.2,2,0.89,0.96,This Month,24.6,2,2,0,0,1
DEF01146,Medium,10.7,151,41.0,1,0.81,0.85,Immediate,52.7,2,4,0,0,1
DEF01147,Critical,6.0,336,28.2,1,0.02,0.77,Immediate,79.2,4,4,0,0,1
DEF01148,Medium,13.3,284,22.2,5,0.35,0.98,Immediate,59.7,2,4,0,0,1
DEF01149,Medium,4.5,256,13.5,2,0.39,0.7,Immediate,54.1,2,4,0,0,1
DEF01150,High,6.9,23,7.8,0,0.16,0.95,This Week,44.6,3,3,0,0,1
DEF01151,Critical,15.3,138,16.8,3,0.39,0.89,Immediate,75.9,4,4,0,0,1
DEF01152,High,3.8,109,12.1,1,0.09,0.85,Immediate,60.6,3,4,0,0,1
DEF01153,High,5.4,291,22.2,3,0.88,0.83,Immediate,63.6,3,4,0,0,1
DEF01154,Medium,4.6,209,6.6,0,0.93,0.88,Immediate,45.2,2,4,0,0,1
DEF01155,Low,6.1,304,41.6,2,0.51,0.93,Immediate,47.3,1,4,0,0,1
DEF01156,Low,5.6,116,37.2,3,0.09,0.97,Immediate,42.6,1,4,0,0,1
DEF01157,Medium,4.8,0,27.3,2,0.38,0.73,This Month,28.0,2,2,0,0,1
DEF01158,Low,6.5,172,24.7,3,0.19,0.82,Immediate,48.5,1,4,0,0,1
DEF01159,Low,1.0,317,11.3,1,0.89,0.78,Immediate,37.9,1,4,0,0,1
DEF01160,Medium,7.4,248,16.7,0,0.12,0.77,Immediate,52.8,2,4,0,0,1
DEF01161,Medium,12.0,352,22.3,3,0.36,0.74,Immediate,49.4,2,4,0,0,1
DEF01162,Critical,3.8,86,38.2,5,0.36,0.97,Immediate,80.4,4,4,0,0,1
DEF01163,Low,5.8,127,34.2,3,0.8,0.72,Immediate,47.4,1,4,0,0,1
DEF01164,Low,3.8,334,6.4,0,0.76,0.85,Immediate,37.7,1,4,0,0,1
DEF01165,Medium,7.3,297,32.0,5,0.26,0.73,Immediate,56.5,2,4,0,0,1
DEF01166,High,4.6,125,17.0,1,0.36,0.79,Immediate,63.1,3,4,0,0,1
DEF01167,Critical,4.6,157,27.7,4,0.31,0.92,Immediate,77.5,4,4,0,0,1
DEF01168,Low,5.9,338,29.4,1,0.89,0.93,Immediate,49.3,1,4,0,0,1
DEF01169,Low,4.3,163,27.3,4,0.75,0.94,Immediate,43.8,1,4,0,0,1
DEF01170,Medium,11.1,306,34.5,2,0.37,0.9,Immediate,65.2,2,4,0,0,1
DEF01171,High,4.1,331,11.0,3,0.4,0.8,Immediate,63.2,3,4,0,0,1
DEF01172,High,1.6,38,34.2,4,0.55,0.75,Immediate,63.0,3,4,0,0,1
DEF01173,Medium,3.4,132,9.6,0,0.32,0.73,Immediate,44.7,2,4,0,0,1
DEF01174,High,5.6,144,6.2,0,0.18,0.75,Immediate,62.4,3,4,0,0,1
DEF01175,Critical,9.4,323,10.7,0,0.23,0.87,Immediate,73.4,4,4,0,0,1
DEF01176,High,5.9,318,39.1,5,0.21,0.93,Immediate,78.7,3,4,0,0,1
DEF01177,Medium,3.0,98,7.6,2,0.6,0.83,Immediate,46.6,2,4,0,0,1
DEF01178,Low,4.2,0,43.6,2,0.72,0.72,Programmed,17.5,1,1,0,0,1
DEF01179,Critical,6.5,208,36.8,7,0.6,0.73,Immediate,79.1,4,4,0,0,1
DEF01180,Low,5.9,234,21.1,4,0.8,0.7,Immediate,46.7,1,4,0,0,1
DEF01181,High,9.6,82,38.1,1,0.78,0.78,Immediate,70.0,3,4,0,0,1
DEF01182,High,6.0,139,2.5,0,0.08,0.92,Immediate,59.6,3,4,0,0,1
DEF01183,Low,10.1,273,16.3,1,0.81,0.94,Immediate,34.0,1,4,0,0,1
DEF01184,Medium,12.2,265,8.0,0,0.08,0.92,Immediate,45.2,2,4,0,0,1
DEF01185,High,10.2,322,13.6,1,0.66,0.98,Immediate,60.3,3,4,0,0,1
DEF01186,Medium,2.0,235,38.9,3,0.14,0.71,Immediate,54.7,2,4,0,0,1
DEF01187,Low,2.8,35,34.1,3,0.33,0.78,Immediate,32.7,1,4,0,0,1
DEF01188,Critical,5.4,271,25.6,1,0.94,0.73,Immediate,73.2,4,4,0,0,1
DEF01189,Medium,5.7,365,33.0,3,0.09,0.95,Immediate,54.5,2,4,0,0,1
DEF01190,Low,4.0,0,44.4,5,0.16,0.8,Programmed,27.3,1,1,0,0,1
DEF01191,Medium,6.9,342,38.5,6,0.67,0.92,Immediate,64.8,2,4,0,0,1
DEF01192,Low,5.6,193,33.4,6,0.34,0.78,Immediate,43.6,1,4,0,0,1
DEF01193,Low,5.1,0,24.9,0,0.77,0.82,Programmed,14.6,1,1,0,0,1
DEF01194,Low,3.6,66,37.2,1,0.55,0.87,Immediate,46.3,1,4,0,0,1
DEF01195,Critical,5.4,91,33.7,2,0.37,0.71,Immediate,78.1,4,4,0,0,1
DEF01196,Low,4.5,0,4.8,1,0.27,0.78,Programmed,9.7,1,1,0,0,1
DEF01197,Critical,6.1,40,5.3,0,0.12,0.95,Immediate,65.2,4,4,0,0,1
DEF01198,Low,3.7,204,22.7,4,0.22,0.94,Immediate,42.7,1,4,0,0,1
DEF01199,Critical,16.3,175,32.6,4,0.61,0.85,Immediate,75.1,4,4,0,0,1
DEF01200,Low,7.7,233,41.0,4,0.95,0.82,Immediate,47.1,1,4,0,0,1
DEF01201,High,5.0,98,22.9,1,0.89,0.99,Immediate,63.1,3,4,0,0,1
DEF01202,High,13.2,134,1.9,1,0.19,0.82,Immediate,56.1,3,4,0,0,1
DEF01203,High,4.0,295,18.7,0,0.16,0.79,Immediate,61.8,3,4,0,0,1
DEF01204,Low,7.2,0,27.5,3,0.22,0.98,Programmed,22.6,1,1,0,0,1
DEF01205,Low,1.2,118,14.9,1,0.06,0.73,Immediate,44.5,1,4,0,0,1
DEF01206,Critical,7.3,184,35.7,5,0.3,0.94,Immediate,84.6,4,4,0,0,1
DEF01207,High,6.5,55,34.9,4,0.79,0.88,Immediate,67.0,3,4,0,0,1
DEF01208,Medium,6.7,160,31.7,5,0.37,0.96,Immediate,54.9,2,4,0,0,1
DEF01209,Medium,11.4,188,1.8,0,0.95,0.76,Immediate,48.3,2,4,0,0,1
DEF01210,Medium,4.0,304,17.6,1,0.61,0.77,Immediate,56.7,2,4,0,0,1
DEF01211,Medium,7.1,0,19.3,2,0.68,0.77,This Month,16.6,2,2,0,0,1
DEF01212,Medium,8.3,252,6.0,0,0.99,0.73,Immediate,44.2,2,4,0,0,1
DEF01213,Low,4.0,93,36.7,3,0.33,0.85,Immediate,46.3,1,4,0,0,1
DEF01214,Medium,12.3,3,2.2,0,0.22,0.86,This Month,15.8,2,2,0,0,1
DEF01215,Medium,9.0,41,32.6,4,0.04,0.73,Immediate,45.3,2,4,0,0,1
DEF01216,Low,3.1,329,43.7,7,0.2,0.85,Immediate,46.4,1,4,0,0,1
DEF01217,Low,5.5,225,13.3,3,0.08,0.86,Immediate,44.1,1,4,0,0,1
DEF01218,Medium,4.0,342,4.4,0,0.51,0.72,Immediate,38.4,2,4,0,0,1
DEF01219,Medium,5.6,207,10.9,1,0.61,0.75,Immediate,49.8,2,4,0,0,1
DEF01220,Medium,4.0,136,40.2,3,0.19,0.9,Immediate,54.4,2,4,0,0,1
DEF01221,Critical,6.6,59,16.0,3,0.78,0.83,Immediate,80.1,4,4,0,0,1
DEF01222,Low,5.5,273,29.6,9,0.06,0.94,Immediate,59.8,1,4,0,0,1
DEF01223,Medium,10.0,236,28.6,5,0.05,0.71,Immediate,61.3,2,4,0,0,1
DEF01224,Critical,7.7,178,8.0,0,0.53,0.96,Immediate,72.4,4,4,0,0,1
DEF01225,High,6.1,37,44.4,2,0.28,0.76,Immediate,66.9,3,4,0,0,1
DEF01226,Medium,3.0,17,9.6,0,0.11,0.82,This Week,26.7,2,3,0,0,1
DEF01227,Critical,8.0,250,44.5,9,0.58,0.79,Immediate,94.8,4,4,0,0,1
DEF01228,High,8.1,353,29.7,1,0.51,0.76,Immediate,67.2,3,4,0,0,1
DEF01229,Medium,5.3,16,10.7,0,0.83,0.71,This Week,33.2,2,3,0,0,1
DEF01230,Low,3.9,43,38.6,1,0.11,0.77,Immediate,39.6,1,4,0,0,1
DEF01231,Low,3.5,88,4.8,0,0.66,0.83,Immediate,36.0,1,4,0,0,1
DEF01232,Medium,5.5,354,27.6,1,0.08,0.98,Immediate,44.9,2,4,0,0,1
DEF01233,Medium,4.6,195,19.7,1,0.01,0.77,Immediate,53.1,2,4,0,0,1
DEF01234,Medium,2.1,72,28.2,4,0.13,0.88,Immediate,60.1,2,4,0,0,1
DEF01235,Medium,11.8,217,16.4,1,0.51,0.72,Immediate,43.3,2,4,0,0,1
DEF01236,Critical,12.6,201,4.1,0,0.29,0.85,Immediate,74.8,4,4,0,0,1
DEF01237,Medium,3.1,175,13.4,1,0.16,0.74,Immediate,50.4,2,4,0,0,1
DEF01238,Medium,3.6,0,12.9,2,0.02,0.95,This Month,23.4,2,2,0,0,1
DEF01239,High,7.8,379,9.9,1,0.3,0.93,Immediate,66.3,3,4,0,0,1
DEF01240,Critical,17.2,82,26.7,3,0.16,0.83,Immediate,77.3,4,4,0,0,1
DEF01241,High,5.7,313,9.7,1,0.01,0.71,Immediate,61.3,3,4,0,0,1
DEF01242,High,14.7,202,24.9,1,0.96,0.9,Immediate,62.5,3,4,0,0,1
DEF01243,High,5.7,336,11.2,0,0.09,0.87,Immediate,59.4,3,4,0,0,1
DEF01244,Critical,5.4,158,12.3,0,0.79,0.86,Immediate,74.1,4,4,0,0,1
DEF01245,Medium,12.2,305,6.2,1,0.07,0.93,Immediate,45.5,2,4,0,0,1
DEF01246,Medium,4.6,22,31.0,2,0.81,0.82,This Week,39.4,2,3,0,0,1
DEF01247,Medium,7.5,113,28.6,2,0.12,0.83,Immediate,55.2,2,4,0,0,1
DEF01248,Medium,5.2,252,40.9,2,0.01,0.96,Immediate,61.4,2,4,0,0,1
DEF01249,Low,3.5,0,5.3,0,0.86,0.81,Programmed,11.7,1,1,0,0,1
DEF01250,Critical,15.7,9,21.1,1,0.01,0.98,Immediate,48.2,4,4,0,0,1
DEF01251,Low,3.2,140,37.2,3,0.76,0.77,Immediate,46.8,1,4,0,0,1
DEF01252,Medium,6.7,318,27.2,2,0.51,0.92,Immediate,53.5,2,4,0,0,1
DEF01253,High,9.7,0,15.2,4,0.39,0.95,This Week,35.7,3,3,0,0,1
DEF01254,Critical,7.7,86,37.4,5,0.33,0.74,Immediate,88.0,4,4,0,0,1
DEF01255,Medium,11.1,196,31.3,2,0.05,0.8,Immediate,47.4,2,4,0,0,1
DEF01256,Medium,10.9,225,29.1,2,0.33,0.83,Immediate,59.0,2,4,0,0,1
DEF01257,Low,3.3,66,31.4,3,0.19,0.9,Immediate,36.8,1,4,0,0,1
DEF01258,Low,6.6,77,38.5,7,0.26,0.81,Immediate,45.0,1,4,0,0,1
DEF01259,Medium,2.7,201,17.3,2,0.28,0.91,Immediate,55.2,2,4,0,0,1
DEF01260,Low,5.5,87,1.8,0,0.07,0.77,Immediate,30.1,1,4,0,0,1
DEF01261,Low,3.9,0,16.1,3,0.02,0.83,Programmed,18.4,1,1,0,0,1
DEF01262,High,3.5,0,16.1,3,0.3,0.89,This Week,42.1,3,3,0,0,1
DEF01263,Medium,9.8,349,30.1,1,0.29,0.83,Immediate,58.8,2,4,0,0,1
DEF01264,High,14.4,274,9.3,1,0.33,0.96,Immediate,64.8,3,4,0,0,1
DEF01265,High,5.3,1,31.8,7,0.29,0.94,This Week,48.0,3,3,0,0,1
DEF01266,Medium,2.4,8,23.5,4,0.21,0.83,This Month,34.8,2,2,0,0,1
DEF01267,Low,4.5,134,17.1,1,0.26,0.88,Immediate,39.4,1,4,0,0,1
DEF01268,Medium,3.3,373,20.5,2,0.04,0.92,Immediate,54.2,2,4,0,0,1
DEF01269,High,5.2,236,2.7,0,0.14,0.84,Immediate,53.7,3,4,0,0,1
DEF01270,Medium,7.6,0,19.8,4,0.78,0.73,This Month,32.4,2,2,0,0,1
DEF01271,Critical,6.5,124,12.6,0,0.13,0.9,Immediate,71.5,4,4,0,0,1
DEF01272,Low,2.0,72,24.7,3,0.13,0.85,Immediate,40.8,1,4,0,0,1
DEF01273,Medium,4.6,161,18.4,1,0.2,0.92,Immediate,54.0,2,4,0,0,1
DEF01274,Low,3.5,49,36.2,5,0.01,0.88,Immediate,44.4,1,4,0,0,1
DEF01275,Medium,12.4,333,5.3,0,0.37,0.99,Immediate,48.3,2,4,0,0,1
DEF01276,Critical,8.9,237,7.3,1,0.04,0.78,Immediate,77.1,4,4,0,0,1
DEF01277,Critical,17.7,235,14.2,2,0.69,0.87,Immediate,70.9,4,4,0,0,1
DEF01278,High,8.5,202,17.3,2,0.4,0.78,Immediate,66.7,3,4,0,0,1
DEF01279,Low,3.0,99,41.2,5,0.02,0.71,Immediate,51.8,1,4,0,0,1
DEF01280,Low,5.2,0,42.2,3,0.37,0.72,Programmed,27.2,1,1,0,0,1
DEF01281,Medium,3.9,159,14.5,0,0.78,0.81,Immediate,38.9,2,4,0,0,1
DEF01282,Critical,2.9,52,13.1,1,0.7,0.79,Immediate,60.5,4,4,0,0,1
DEF01283,Low,3.2,132,24.3,4,0.91,0.99,Immediate,45.3,1,4,0,0,1
DEF01284,Critical,6.1,74,12.4,1,0.01,0.95,Immediate,79.4,4,4,0,0,1
DEF01285,High,4.2,156,24.6,6,0.21,0.87,Immediate,68.0,3,4,0,0,1
DEF01286,Low,9.2,191,39.1,8,0.88,0.76,Immediate,57.7,1,4,0,0,1
DEF01287,Low,3.6,0,11.8,4,0.55,0.71,Programmed,16.8,1,1,0,0,1
DEF01288,High,7.1,246,16.4,1,0.97,0.93,Immediate,52.9,3,4,0,0,1
DEF01289,Low,4.7,266,24.5,1,0.09,0.88,Immediate,45.0,1,4,0,0,1
DEF01290,Low,2.3,218,35.8,2,0.26,0.86,Immediate,44.7,1,4,0,0,1
DEF01291,Medium,7.3,137,13.3,1,0.78,0.7,Immediate,53.3,2,4,0,0,1
DEF01292,High,14.0,348,31.0,2,0.22,0.86,Immediate,69.4,3,4,0,0,1
DEF01293,Critical,16.5,355,43.0,5,0.18,0.85,Immediate,75.6,4,4,0,0,1
DEF01294,Medium,9.3,288,34.1,2,0.9,0.93,Immediate,56.7,2,4,0,0,1
DEF01295,Critical,7.0,368,33.5,5,0.12,0.82,Immediate,80.3,4,4,0,0,1
DEF01296,High,3.8,112,39.1,3,0.55,0.92,Immediate,73.2,3,4,0,0,1
DEF01297,Medium,8.1,291,9.3,1,0.75,0.84,Immediate,46.7,2,4,0,0,1
DEF01298,Medium,5.3,366,25.3,3,0.13,0.71,Immediate,56.4,2,4,0,0,1
DEF01299,Low,2.2,0,8.2,0,0.63,0.89,Programmed,10.9,1,1,0,0,1
DEF01300,Medium,1.9,99,16.1,1,0.37,0.71,Immediate,43.8,2,4,0,0,1
DEF01301,Low,3.2,79,17.7,0,0.23,0.78,Immediate,42.9,1,4,0,0,1
DEF01302,Medium,2.3,95,42.0,4,0.27,0.71,Immediate,53.2,2,4,0,0,1
DEF01303,Critical,8.1,174,12.7,3,0.65,0.99,Immediate,74.5,4,4,0,0,1
DEF01304,Low,3.6,228,31.9,1,0.23,0.76,Immediate,51.9,1,4,0,0,1
DEF01305,Medium,8.8,184,31.5,8,0.8,0.87,Immediate,57.4,2,4,0,0,1
DEF01306,Low,2.7,0,19.6,4,0.12,0.86,Programmed,19.3,1,1,0,0,1
DEF01307,High,14.2,146,13.7,1,0.37,0.77,Immediate,59.7,3,4,0,0,1
DEF01308,High,14.8,108,12.5,2,0.69,0.72,Immediate,62.6,3,4,0,0,1
DEF01309,Medium,1.6,12,27.3,0,0.94,0.71,This Week,31.8,2,3,0,0,1
DEF01310,High,6.4,143,32.5,1,0.52,0.91,Immediate,62.4,3,4,0,0,1
DEF01311,Critical,4.0,57,2.6,0,0.15,0.9,Immediate,71.0,4,4,0,0,1
DEF01312,High,9.3,79,1.4,0,0.15,0.83,Immediate,55.6,3,4,0,0,1
DEF01313,Medium,13.3,145,44.7,8,0.01,0.82,Immediate,65.9,2,4,0,0,1
DEF01314,Medium,4.6,0,32.0,4,0.34,0.94,This Month,27.7,2,2,0,0,1
DEF01315,Low,5.6,96,32.1,4,0.36,0.92,Immediate,44.5,1,4,0,0,1
DEF01316,High,7.4,240,18.9,1,0.1,0.86,Immediate,58.7,3,4,0,0,1
DEF01317,Critical,7.5,261,8.4,0,0.53,0.77,Immediate,78.7,4,4,0,0,1
DEF01318,Medium,3.6,314,20.3,3,0.31,0.99,Immediate,46.4,2,4,0,0,1
DEF01319,Medium,4.3,60,5.1,0,0.02,0.91,Immediate,45.0,2,4,0,0,1
DEF01320,Critical,6.8,391,40.6,2,0.06,0.71,Immediate,81.0,4,4,0,0,1
DEF01321,Low,2.1,316,22.7,3,0.05,0.8,Immediate,39.4,1,4,0,0,1
DEF01322,High,6.3,303,11.8,1,0.51,0.94,Immediate,66.7,3,4,0,0,1
DEF01323,Low,3.5,292,4.8,2,0.68,0.85,Immediate,38.5,1,4,0,0,1
DEF01324,Critical,4.5,184,24.1,4,0.54,0.91,Immediate,82.8,4,4,0,0,1
DEF01325,High,9.0,254,27.3,1,0.78,0.89,Immediate,62.5,3,4,0,0,1
DEF01326,Medium,5.6,169,31.4,5,0.16,0.78,Immediate,58.2,2,4,0,0,1
DEF01327,High,8.6,69,1.5,0,0.92,0.89,Immediate,56.5,3,4,0,0,1
DEF01328,High,6.7,124,35.4,0,0.16,0.96,Immediate,62.6,3,4,0,0,1
DEF01329,Low,4.9,9,19.5,2,0.82,0.89,Programmed,16.5,1,1,0,0,1
DEF01330,Medium,2.9,108,25.5,1,0.78,0.9,Immediate,51.4,2,4,0,0,1
DEF01331,Low,2.0,0,12.5,4,0.84,0.77,Programmed,20.2,1,1,0,0,1
DEF01332,High,3.2,104,42.4,4,0.26,0.71,Immediate,66.8,3,4,0,0,1
DEF01333,Low,4.1,32,10.5,2,0.07,0.88,Immediate,32.6,1,4,0,0,1
DEF01334,High,7.3,121,8.6,0,0.1,0.99,Immediate,68.5,3,4,0,0,1
DEF01335,Medium,4.2,96,2.6,1,0.18,0.78,Immediate,39.9,2,4,0,0,1
DEF01336,Low,2.9,0,38.1,4,0.05,0.76,Programmed,17.9,1,1,0,0,1
DEF01337,Medium,4.4,205,24.4,3,0.68,0.95,Immediate,45.8,2,4,0,0,1
DEF01338,Low,9.5,0,15.4,1,0.32,0.9,Programmed,14.8,1,1,0,0,1
DEF01339,Low,1.9,0,35.9,6,0.92,0.75,Programmed,23.3,1,1,0,0,1
DEF01340,High,7.2,74,33.1,2,0.27,0.85,Immediate,75.0,3,4,0,0,1
DEF01341,Low,7.3,227,11.3,5,0.36,0.72,Immediate,29.2,1,4,0,0,1
DEF01342,Medium,2.3,239,11.5,2,0.32,0.91,Immediate,60.9,2,4,0,0,1
DEF01343,High,12.3,277,41.8,6,0.78,0.92,Immediate,68.0,3,4,0,0,1
DEF01344,High,5.0,142,25.0,1,0.7,0.78,Immediate,62.8,3,4,0,0,1
DEF01345,Low,6.9,26,24.1,2,0.72,0.81,This Week,30.0,1,3,0,0,1
DEF01346,Critical,17.1,100,40.8,6,0.65,0.77,Immediate,92.3,4,4,0,0,1
DEF01347,Medium,2.6,250,34.9,6,0.3,0.89,Immediate,55.5,2,4,0,0,1
DEF01348,Medium,5.8,246,42.1,4,0.33,0.78,Immediate,48.1,2,4,0,0,1
DEF01349,High,7.1,171,26.9,2,0.23,0.89,Immediate,71.0,3,4,0,0,1
DEF01350,Low,6.3,36,36.7,4,0.21,0.74,Immediate,38.9,1,4,0,0,1
DEF01351,Low,3.2,200,28.7,4,0.17,0.91,Immediate,43.6,1,4,0,0,1
DEF01352,Critical,12.1,60,33.4,4,0.03,0.98,Immediate,79.5,4,4,0,0,1
DEF01353,Medium,2.6,211,39.3,4,0.84,0.83,Immediate,58.2,2,4,0,0,1
DEF01354,Medium,7.2,298,18.2,5,0.19,0.89,Immediate,56.4,2,4,0,0,1
DEF01355,Medium,2.7,333,16.7,1,0.4,0.94,Immediate,54.4,2,4,0,0,1
DEF01356,Medium,1.7,295,11.6,0,0.59,0.7,Immediate,40.0,2,4,0,0,1
DEF01357,Critical,16.5,13,5.2,0,0.51,0.78,Immediate,42.0,4,4,0,0,1
DEF01358,High,3.7,218,6.5,0,0.09,0.78,Immediate,55.2,3,4,0,0,1
DEF01359,High,15.0,91,21.2,4,0.57,0.95,Immediate,64.1,3,4,0,0,1
DEF01360,High,7.5,308,26.5,1,0.12,0.99,Immediate,65.8,3,4,0,0,1
DEF01361,High,13.5,288,16.0,1,0.96,0.95,Immediate,64.1,3,4,0,0,1
DEF01362,High,6.1,177,22.1,3,0.3,0.83,Immediate,70.2,3,4,0,0,1
DEF01363,High,9.4,71,7.9,1,0.56,0.72,Immediate,60.8,3,4,0,0,1
DEF01364,High,11.0,312,4.5,1,0.27,0.89,Immediate,64.9,3,4,0,0,1
DEF01365,Critical,6.1,44,8.2,1,0.92,0.84,Immediate,70.2,4,4,0,0,1
DEF01366,Medium,5.3,224,12.5,0,0.1,0.82,Immediate,48.8,2,4,0,0,1
DEF01367,High,6.9,12,28.5,4,0.03,0.92,This Week,49.5,3,3,0,0,1
DEF01368,Medium,4.0,278,30.3,3,0.27,0.95,Immediate,47.1,2,4,0,0,1
DEF01369,Low,4.5,207,5.8,1,0.51,0.86,Immediate,38.7,1,4,0,0,1
DEF01370,Medium,4.0,102,5.5,0,0.18,0.77,Immediate,48.8,2,4,0,0,1
DEF01371,Medium,3.2,121,18.0,4,0.73,0.97,Immediate,51.5,2,4,0,0,1
DEF01372,Critical,4.5,374,19.4,2,0.67,0.86,Immediate,80.2,4,4,0,0,1
DEF01373,Critical,9.5,291,10.1,1,0.77,0.73,Immediate,68.3,4,4,0,0,1
DEF01374,High,5.4,369,37.4,6,0.81,0.9,Immediate,75.4,3,4,0,0,1
DEF01375,Critical,6.2,183,14.3,2,0.11,0.99,Immediate,76.7,4,4,0,0,1
DEF01376,Medium,6.8,106,21.2,0,0.04,0.75,Immediate,40.8,2,4,0,0,1
DEF01377,High,8.4,385,24.9,0,0.77,0.91,Immediate,66.4,3,4,0,0,1
DEF01378,High,16.4,230,17.3,4,0.2,0.97,Immediate,64.9,3,4,0,0,1
DEF01379,Medium,3.8,118,26.7,1,0.99,0.72,Immediate,54.5,2,4,0,0,1
DEF01380,High,5.3,160,14.0,1,0.18,0.89,Immediate,63.8,3,4,0,0,1
DEF01381,Medium,2.3,86,7.5,1,0.07,0.73,Immediate,48.8,2,4,0,0,1
DEF01382,High,12.8,97,40.8,2,0.34,0.73,Immediate,72.6,3,4,0,0,1
DEF01383,High,3.5,49,21.8,4,0.21,0.92,Immediate,63.4,3,4,0,0,1
DEF01384,Low,3.3,215,9.1,0,0.31,0.9,Immediate,38.3,1,4,0,0,1
DEF01385,Medium,9.7,313,16.0,1,0.25,0.85,Immediate,44.7,2,4,0,0,1
DEF01386,High,5.7,88,7.4,0,0.86,0.99,Immediate,59.9,3,4,0,0,1
DEF01387,High,13.9,72,41.6,3,0.33,0.74,Immediate,74.5,3,4,0,0,1
DEF01388,Low,1.0,0,5.1,1,0.29,0.72,Programmed,14.4,1,1,0,0,1
DEF01389,High,9.3,7,14.1,1,0.31,0.78,This Week,29.7,3,3,0,0,1
DEF01390,Medium,5.9,345,22.5,1,0.74,0.73,Immediate,47.5,2,4,0,0,1
DEF01391,High,5.5,242,42.5,6,0.25,0.94,Immediate,65.3,3,4,0,0,1
DEF01392,High,8.5,30,23.9,1,0.13,0.7,This Week,56.4,3,3,0,0,1
DEF01393,High,4.2,356,44.3,1,0.91,0.97,Immediate,68.1,3,4,0,0,1
DEF01394,High,3.9,99,44.0,2,0.55,0.73,Immediate,68.5,3,4,0,0,1
DEF01395,Medium,6.3,0,1.6,1,0.23,0.71,This Month,15.6,2,2,0,0,1
DEF01396,Low,2.8,0,17.5,2,0.27,0.72,Programmed,14.0,1,1,0,0,1
DEF01397,High,6.2,54,43.7,3,0.06,0.9,Immediate,67.8,3,4,0,0,1
DEF01398,High,7.8,109,41.3,6,0.1,0.84,Immediate,68.1,3,4,0,0,1
DEF01399,High,16.0,88,38.5,4,0.34,0.74,Immediate,66.5,3,4,0,0,1
DEF01400,Low,4.2,22,42.1,2,0.01,0.83,This Week,34.3,1,3,0,0,1
DEF01401,Medium,2.4,284,20.0,4,0.14,0.7,Immediate,56.6,2,4,0,0,1
DEF01402,High,5.9,264,22.9,0,0.33,0.95,Immediate,60.7,3,4,0,0,1
DEF01403,Critical,10.9,183,14.2,1,0.31,0.89,Immediate,74.6,4,4,0,0,1
DEF01404,Low,2.5,129,42.7,1,0.08,0.86,Immediate,37.4,1,4,0,0,1
DEF01405,Low,3.4,124,10.3,1,1.0,0.99,Immediate,36.8,1,4,0,0,1
DEF01406,Low,8.6,226,37.1,3,0.82,0.94,Immediate,50.1,1,4,0,0,1
DEF01407,Low,2.4,49,38.2,2,0.16,0.78,Immediate,40.7,1,4,0,0,1
DEF01408,Medium,9.0,290,16.1,3,0.01,0.82,Immediate,48.6,2,4,0,0,1
DEF01409,Low,10.3,40,6.0,1,0.39,0.94,Immediate,32.5,1,4,0,0,1
DEF01410,Critical,17.9,84,14.4,3,0.28,0.95,Immediate,70.4,4,4,0,0,1
DEF01411,Low,4.0,236,12.0,0,0.91,0.8,Immediate,41.3,1,4,0,0,1
DEF01412,Low,2.8,128,30.4,2,0.66,0.92,Immediate,36.9,1,4,0,0,1
DEF01413,High,9.5,7,39.5,7,0.15,0.87,This Week,52.0,3,3,0,0,1
DEF01414,Low,8.8,242,10.5,2,0.28,0.71,Immediate,41.6,1,4,0,0,1
DEF01415,Medium,2.5,272,9.1,2,0.91,0.78,Immediate,57.0,2,4,0,0,1
DEF01416,Medium,11.4,221,22.6,2,0.74,0.82,Immediate,42.7,2,4,0,0,1
DEF01417,High,9.5,271,20.4,2,0.26,0.76,Immediate,67.6,3,4,0,0,1
DEF01418,Critical,7.4,302,6.2,1,0.85,0.79,Immediate,72.3,4,4,0,0,1
DEF01419,High,2.6,90,35.6,2,0.25,0.94,Immediate,67.2,3,4,0,0,1
DEF01420,Medium,4.5,114,6.2,1,0.22,0.9,Immediate,42.4,2,4,0,0,1
DEF01421,Medium,2.8,128,29.7,4,0.16,0.71,Immediate,55.8,2,4,0,0,1
DEF01422,Low,7.2,162,37.4,5,0.52,0.82,Immediate,59.0,1,4,0,0,1
DEF01423,High,11.2,0,10.9,1,0.78,0.92,This Week,41.3,3,3,0,0,1
DEF01424,High,4.4,138,18.9,4,0.65,0.92,Immediate,69.8,3,4,0,0,1
DEF01425,Low,3.3,260,24.5,4,0.56,0.78,Immediate,49.1,1,4,0,0,1
DEF01426,Medium,6.4,184,5.5,1,0.29,0.93,Immediate,49.2,2,4,0,0,1
DEF01427,Low,2.5,0,10.0,0,0.38,0.76,Programmed,14.8,1,1,0,0,1
DEF01428,High,3.9,266,18.8,5,0.12,0.74,Immediate,56.8,3,4,0,0,1
DEF01429,Critical,8.1,248,8.8,0,0.62,0.91,Immediate,77.5,4,4,0,0,1
DEF01430,High,4.7,308,13.5,1,0.13,0.82,Immediate,52.7,3,4,0,0,1
DEF01431,Medium,5.1,103,29.8,1,0.01,0.76,Immediate,52.0,2,4,0,0,1
DEF01432,Low,6.1,65,13.6,0,0.07,0.9,Immediate,41.2,1,4,0,0,1
DEF01433,Medium,2.9,116,19.9,1,0.3,0.72,Immediate,50.2,2,4,0,0,1
DEF01434,High,2.1,289,40.2,4,0.1,0.87,Immediate,72.7,3,4,0,0,1
DEF01435,High,5.3,75,43.7,4,0.24,0.98,Immediate,73.7,3,4,0,0,1
DEF01436,Medium,2.6,50,18.2,1,0.59,0.96,Immediate,48.7,2,4,0,0,1
DEF01437,High,5.7,281,8.1,1,0.19,0.76,Immediate,66.1,3,4,0,0,1
DEF01438,Medium,5.5,151,29.3,6,0.14,0.93,Immediate,55.1,2,4,0,0,1
DEF01439,Low,7.0,137,26.0,1,0.65,0.88,Immediate,42.4,1,4,0,0,1
DEF01440,Low,1.4,291,32.6,2,0.89,0.77,Immediate,51.2,1,4,0,0,1
DEF01441,High,4.9,286,10.1,2,0.39,0.72,Immediate,56.3,3,4,0,0,1
DEF01442,Medium,11.5,152,28.2,1,0.52,0.89,Immediate,52.8,2,4,0,0,1
DEF01443,Low,3.7,225,41.2,4,0.32,0.95,Immediate,48.1,1,4,0,0,1
DEF01444,High,6.0,369,27.4,3,0.08,0.71,Immediate,70.2,3,4,0,0,1
DEF01445,Low,9.2,44,37.3,3,0.99,0.84,Immediate,45.3,1,4,0,0,1
DEF01446,Medium,5.0,0,35.2,1,0.93,0.86,This Month,29.7,2,2,0,0,1
DEF01447,Low,3.8,14,12.5,1,0.04,0.74,This Week,29.5,1,3,0,0,1
DEF01448,Critical,5.7,344,29.0,1,0.79,0.72,Immediate,75.8,4,4,0,0,1
DEF01449,Medium,6.5,29,24.4,4,0.31,0.99,This Week,37.1,2,3,0,0,1
DEF01450,Medium,5.2,150,22.3,0,0.55,0.95,Immediate,53.1,2,4,0,0,1
DEF01451,Critical,11.1,173,1.6,0,0.97,0.89,Immediate,67.5,4,4,0,0,1
DEF01452,Medium,3.1,174,3.2,0,0.7,0.72,Immediate,41.9,2,4,0,0,1
DEF01453,Medium,11.8,46,21.1,5,0.99,0.79,Immediate,51.1,2,4,0,0,1
DEF01454,High,5.4,311,29.8,2,0.19,0.75,Immediate,66.4,3,4,0,0,1
DEF01455,High,7.2,105,21.2,1,0.18,0.74,Immediate,67.6,3,4,0,0,1
DEF01456,Critical,8.4,166,28.8,3,0.22,0.86,Immediate,77.5,4,4,0,0,1
DEF01457,Low,3.7,200,34.4,5,0.25,0.71,Immediate,43.1,1,4,0,0,1
DEF01458,Medium,5.1,225,38.9,6,0.8,0.73,Immediate,58.6,2,4,0,0,1
DEF01459,Low,1.0,194,44.1,1,0.22,0.92,Immediate,44.7,1,4,0,0,1
DEF01460,High,15.4,102,42.0,3,0.9,0.99,Immediate,73.1,3,4,0,0,1
DEF01461,High,13.6,23,23.5,1,0.54,0.85,This Week,47.9,3,3,0,0,1
DEF01462,Medium,8.1,304,7.9,0,0.23,0.94,Immediate,47.3,2,4,0,0,1
DEF01463,Low,2.7,96,30.4,4,0.37,0.77,Immediate,48.1,1,4,0,0,1
DEF01464,High,4.2,244,4.5,0,0.39,0.81,Immediate,55.0,3,4,0,0,1
DEF01465,Low,5.2,203,32.3,3,0.02,0.75,Immediate,47.0,1,4,0,0,1
DEF01466,Medium,9.0,363,6.0,1,0.55,0.71,Immediate,48.1,2,4,0,0,1
DEF01467,Low,5.2,272,1.6,0,0.71,0.99,Immediate,33.2,1,4,0,0,1
DEF01468,Medium,6.3,303,38.0,6,0.38,0.99,Immediate,56.6,2,4,0,0,1
DEF01469,High,6.3,212,23.6,4,0.77,0.77,Immediate,59.3,3,4,0,0,1
DEF01470,Low,5.0,238,25.4,5,0.82,0.97,Immediate,41.4,1,4,0,0,1
DEF01471,High,9.1,230,24.1,3,0.05,0.91,Immediate,73.7,3,4,0,0,1
DEF01472,Medium,4.9,135,20.0,5,0.1,0.98,Immediate,53.8,2,4,0,0,1
DEF01473,Low,9.2,83,15.0,2,0.61,0.99,Immediate,36.9,1,4,0,0,1
DEF01474,Medium,3.8,112,26.6,4,0.72,0.83,Immediate,50.7,2,4,0,0,1
DEF01475,Low,3.8,212,21.5,1,0.92,0.98,Immediate,38.9,1,4,0,0,1
DEF01476,High,5.3,315,26.3,3,0.68,0.88,Immediate,67.7,3,4,0,0,1
DEF01477,Low,5.1,78,7.7,0,0.74,0.91,Immediate,41.2,1,4,0,0,1
DEF01478,Medium,9.2,89,31.7,2,0.26,0.94,Immediate,55.0,2,4,0,0,1
DEF01479,High,2.6,338,40.5,6,0.32,0.97,Immediate,73.5,3,4,0,0,1
DEF01480,Low,8.9,268,4.1,1,0.15,0.73,Immediate,29.1,1,4,0,0,1
DEF01481,High,8.9,367,15.0,3,0.26,0.74,Immediate,60.5,3,4,0,0,1
DEF01482,Low,3.0,120,18.3,3,0.9,0.96,Immediate,40.6,1,4,0,0,1
DEF01483,Medium,10.3,7,8.5,0,0.09,0.71,This Month,28.3,2,2,0,0,1
DEF01484,High,7.8,199,34.8,3,0.38,0.86,Immediate,68.6,3,4,0,0,1
DEF01485,Medium,7.1,212,7.5,0,0.51,0.89,Immediate,46.8,2,4,0,0,1
DEF01486,Low,6.7,298,21.9,1,0.74,0.72,Immediate,38.4,1,4,0,0,1
DEF01487,Critical,7.3,172,37.8,3,0.85,0.85,Immediate,81.5,4,4,0,0,1
DEF01488,High,4.2,361,35.0,6,0.63,0.93,Immediate,68.6,3,4,0,0,1
DEF01489,Low,11.3,199,44.3,2,0.74,0.75,Immediate,41.4,1,4,0,0,1
DEF01490,High,6.2,304,12.1,1,0.26,0.84,Immediate,59.8,3,4,0,0,1
DEF01491,High,7.2,269,12.9,0,0.14,0.8,Immediate,62.6,3,4,0,0,1
DEF01492,High,9.2,0,5.5,1,0.06,0.98,This Week,35.3,3,3,0,0,1
DEF01493,Medium,13.0,13,5.5,0,0.37,0.74,This Week,27.8,2,3,0,0,1
DEF01494,Low,4.6,215,33.9,0,0.86,0.7,Immediate,44.2,1,4,0,0,1
DEF01495,Low,3.8,108,20.8,3,0.34,0.87,Immediate,40.1,1,4,0,0,1
DEF01496,Medium,3.2,282,11.0,0,0.52,0.74,Immediate,39.4,2,4,0,0,1
DEF01497,Medium,11.7,79,21.1,3,0.38,0.83,Immediate,48.7,2,4,0,0,1
DEF01498,Medium,10.6,281,6.7,2,0.92,0.97,Immediate,47.9,2,4,0,0,1
DEF01499,Low,4.5,306,5.4,0,0.73,0.96,Immediate,21.9,1,4,0,0,1
DEF01500,Critical,7.8,158,19.6,3,0.24,0.95,Immediate,77.0,4,4,0,0,1
DEF01501,High,3.6,223,42.9,4,0.14,0.73,Immediate,71.2,3,4,0,0,1
DEF01502,Medium,5.1,226,20.2,2,0.33,0.79,Immediate,48.6,2,4,0,0,1
DEF01503,High,11.2,94,43.4,4,0.5,0.79,Immediate,70.0,3,4,0,0,1
DEF01504,Medium,8.1,172,22.0,4,0.99,0.8,Immediate,49.4,2,4,0,0,1
DEF01505,Medium,4.1,90,31.4,3,0.08,0.89,Immediate,53.3,2,4,0,0,1
DEF01506,Low,7.9,130,34.1,3,0.33,0.89,Immediate,48.9,1,4,0,0,1
DEF01507,Medium,6.6,190,27.6,8,0.15,0.83,Immediate,57.6,2,4,0,0,1
DEF01508,Low,9.4,85,34.2,5,0.79,0.85,Immediate,59.8,1,4,0,0,1
DEF01509,Medium,2.7,148,13.8,2,0.91,0.84,Immediate,49.2,2,4,0,0,1
DEF01510,Critical,12.8,392,18.9,1,0.19,0.89,Immediate,78.0,4,4,0,0,1
DEF01511,Critical,7.5,350,7.2,1,0.98,0.86,Immediate,71.2,4,4,0,0,1
DEF01512,Low,6.1,0,9.5,1,0.66,0.86,Programmed,6.5,1,1,0,0,1
DEF01513,Critical,14.4,374,33.4,2,0.3,0.71,Immediate,76.4,4,4,0,0,1
DEF01514,Medium,2.1,102,23.3,4,0.29,0.87,Immediate,56.0,2,4,0,0,1
DEF01515,Low,7.8,93,30.1,1,0.27,0.89,Immediate,46.1,1,4,0,0,1
DEF01516,Medium,13.2,146,31.7,3,0.15,0.94,Immediate,59.1,2,4,0,0,1
DEF01517,Medium,5.3,135,11.1,0,0.87,0.91,Immediate,48.6,2,4,0,0,1
DEF01518,Medium,5.6,316,29.6,4,0.02,0.73,Immediate,61.8,2,4,0,0,1
DEF01519,Low,4.1,200,38.0,3,0.29,0.93,Immediate,55.3,1,4,0,0,1
DEF01520,Medium,5.0,109,15.0,3,0.31,0.8,Immediate,48.7,2,4,0,0,1
DEF01521,High,5.7,244,16.4,2,0.1,0.83,Immediate,65.6,3,4,0,0,1
DEF01522,High,14.3,168,3.8,0,0.25,0.81,Immediate,61.2,3,4,0,0,1
DEF01523,Medium,4.2,229,10.2,1,0.85,0.85,Immediate,40.1,2,4,0,0,1
DEF01524,Low,6.2,235,2.9,0,0.03,0.93,Immediate,36.5,1,4,0,0,1
DEF01525,Critical,13.3,298,39.7,3,0.2,0.76,Immediate,84.3,4,4,0,0,1
DEF01526,Low,8.4,55,16.8,0,0.67,0.91,Immediate,39.8,1,4,0,0,1
DEF01527,Medium,6.3,298,34.0,4,0.05,0.73,Immediate,52.4,2,4,0,0,1
DEF01528,Medium,5.3,157,27.3,3,0.76,0.92,Immediate,54.3,2,4,0,0,1
DEF01529,High,14.4,245,31.3,3,0.87,0.84,Immediate,71.1,3,4,0,0,1
DEF01530,Medium,7.1,136,31.9,4,0.3,0.74,Immediate,61.3,2,4,0,0,1
DEF01531,Critical,18.4,367,7.4,0,0.88,0.94,Immediate,66.5,4,4,0,0,1
DEF01532,Medium,2.0,11,21.7,4,0.04,0.99,This Week,30.8,2,3,0,0,1
DEF01533,Critical,7.9,163,27.3,3,0.01,0.73,Immediate,78.7,4,4,0,0,1
DEF01534,High,5.0,350,2.2,0,0.31,0.93,Immediate,54.3,3,4,0,0,1
DEF01535,High,7.9,375,3.1,0,0.01,0.76,Immediate,58.7,3,4,0,0,1
DEF01536,Medium,4.2,114,42.0,5,0.01,0.71,Immediate,59.0,2,4,0,0,1
DEF01537,High,14.6,121,19.1,2,0.12,0.78,Immediate,58.3,3,4,0,0,1
DEF01538,Low,7.1,111,20.4,1,1.0,0.81,Immediate,40.3,1,4,0,0,1
DEF01539,Medium,2.9,222,31.4,2,0.23,0.98,Immediate,55.1,2,4,0,0,1
DEF01540,Medium,3.6,0,36.2,5,0.77,0.92,This Month,30.4,2,2,0,0,1
DEF01541,Low,7.1,0,11.3,0,0.18,0.73,Programmed,16.4,1,1,0,0,1
DEF01542,Medium,5.3,354,17.9,1,0.81,0.94,Immediate,50.6,2,4,0,0,1
DEF01543,Low,4.3,187,14.7,1,0.26,0.98,Immediate,34.2,1,4,0,0,1
DEF01544,Critical,5.3,168,41.4,6,0.35,0.81,Immediate,77.5,4,4,0,0,1
DEF01545,High,7.9,379,31.7,2,0.23,0.98,Immediate,63.6,3,4,0,0,1
DEF01546,High,5.6,49,41.1,1,0.3,0.8,Immediate,58.2,3,4,0,0,1
DEF01547,Medium,3.9,17,11.7,2,0.34,0.71,This Week,29.7,2,3,0,0,1
DEF01548,High,4.8,263,13.2,1,0.56,0.92,Immediate,71.4,3,4,0,0,1
DEF01549,High,8.8,202,12.9,0,0.24,0.74,Immediate,62.1,3,4,0,0,1
DEF01550,Low,4.8,0,4.2,0,0.65,0.93,Programmed,10.9,1,1,0,0,1
DEF01551,Low,6.1,66,40.4,1,0.52,0.85,Immediate,50.5,1,4,0,0,1
DEF01552,Low,2.0,99,19.2,0,0.26,0.74,Immediate,40.6,1,4,0,0,1
DEF01553,Low,3.1,0,14.2,5,0.75,0.72,Programmed,14.8,1,1,0,0,1
DEF01554,Critical,8.0,26,20.8,1,0.11,0.91,Immediate,63.1,4,4,0,0,1
DEF01555,High,2.9,323,11.6,0,0.25,0.93,Immediate,66.3,3,4,0,0,1
DEF01556,Critical,5.0,128,12.9,0,0.16,0.81,Immediate,76.0,4,4,0,0,1
DEF01557,High,3.6,352,42.4,4,0.1,0.97,Immediate,75.7,3,4,0,0,1
DEF01558,Critical,7.7,35,18.0,1,0.95,0.92,Immediate,59.3,4,4,0,0,1
DEF01559,Medium,8.1,283,9.1,3,0.78,0.88,Immediate,42.1,2,4,0,0,1
DEF01560,Low,3.8,318,36.6,3,0.28,0.76,Immediate,51.1,1,4,0,0,1
DEF01561,Low,4.8,0,39.3,5,0.31,0.78,Programmed,28.8,1,1,0,0,1
DEF01562,Low,4.4,239,17.0,3,0.02,0.76,Immediate,45.9,1,4,0,0,1
DEF01563,Medium,5.3,239,19.5,1,0.66,0.74,Immediate,51.0,2,4,0,0,1
DEF01564,High,4.0,118,3.2,0,0.31,0.73,Immediate,56.5,3,4,0,0,1
DEF01565,Medium,3.6,163,9.8,0,0.81,0.84,Immediate,44.4,2,4,0,0,1
DEF01566,Low,5.3,0,39.1,6,0.4,0.77,Programmed,24.6,1,1,0,0,1
DEF01567,High,8.9,64,13.1,2,0.09,0.78,Immediate,62.7,3,4,0,0,1
DEF01568,Low,3.0,62,12.0,2,0.34,0.7,Immediate,43.5,1,4,0,0,1
DEF01569,Medium,12.4,187,5.7,1,0.82,0.81,Immediate,49.1,2,4,0,0,1
DEF01570,Low,6.3,235,20.7,1,0.14,0.96,Immediate,38.9,1,4,0,0,1
DEF01571,Medium,9.3,347,14.1,0,0.98,0.98,Immediate,48.9,2,4,0,0,1
DEF01572,Low,6.1,337,15.5,4,0.19,0.92,Immediate,46.2,1,4,0,0,1
DEF01573,Medium,14.2,155,44.1,6,0.11,0.99,Immediate,61.6,2,4,0,0,1
DEF01574,Medium,5.6,149,15.2,1,0.92,0.79,Immediate,49.6,2,4,0,0,1
DEF01575,Medium,3.1,148,20.2,1,0.06,0.95,Immediate,46.9,2,4,0,0,1
DEF01576,High,5.9,361,18.6,2,0.63,0.72,Immediate,63.3,3,4,0,0,1
DEF01577,Low,6.0,193,35.8,6,0.89,0.96,Immediate,50.7,1,4,0,0,1
DEF01578,Low,3.2,196,30.3,3,0.64,0.84,Immediate,47.3,1,4,0,0,1
DEF01579,High,5.6,84,26.9,1,0.0,0.9,Immediate,66.9,3,4,0,0,1
DEF01580,High,7.2,49,43.7,4,0.38,0.96,Immediate,71.2,3,4,0,0,1
DEF01581,Low,9.3,336,5.9,1,0.37,0.89,Immediate,33.4,1,4,0,0,1
DEF01582,Critical,4.4,178,8.5,0,0.11,0.75,Immediate,74.6,4,4,0,0,1
DEF01583,Low,4.5,189,7.4,1,0.3,0.86,Immediate,38.5,1,4,0,0,1
DEF01584,Medium,12.5,59,33.7,5,0.73,0.79,Immediate,62.4,2,4,0,0,1
DEF01585,Low,7.6,1,29.3,3,1.0,0.82,Programmed,31.8,1,1,0,0,1
DEF01586,High,15.3,9,30.9,1,0.71,0.85,This Week,49.2,3,3,0,0,1
DEF01587,Low,5.7,248,22.0,0,0.84,0.99,Immediate,46.3,1,4,0,0,1
DEF01588,Low,7.7,154,25.6,3,0.2,0.98,Immediate,44.8,1,4,0,0,1
DEF01589,Medium,7.1,81,11.2,3,0.03,0.83,Immediate,47.8,2,4,0,0,1
DEF01590,High,8.9,330,5.6,0,0.76,0.78,Immediate,57.1,3,4,0,0,1
DEF01591,High,5.6,188,16.5,3,0.2,0.89,Immediate,61.4,3,4,0,0,1
DEF01592,Medium,3.9,26,44.3,4,0.12,0.84,This Week,51.9,2,3,0,0,1
DEF01593,High,1.2,0,5.9,0,0.62,0.91,This Week,34.6,3,3,0,0,1
DEF01594,Medium,11.1,333,42.6,6,0.65,0.97,Immediate,57.9,2,4,0,0,1
DEF01595,Medium,9.1,284,39.5,7,0.15,0.71,Immediate,63.8,2,4,0,0,1
DEF01596,High,2.7,62,31.1,5,0.15,0.74,Immediate,74.8,3,4,0,0,1
DEF01597,Low,1.0,0,36.6,4,0.8,0.75,Programmed,19.8,1,1,0,0,1
DEF01598,Medium,7.5,364,14.6,1,0.06,0.71,Immediate,49.1,2,4,0,0,1
DEF01599,High,8.3,109,19.4,1,0.31,0.73,Immediate,57.8,3,4,0,0,1
DEF01600,High,5.5,129,3.2,2,0.88,0.7,Immediate,66.7,3,4,0,0,1
DEF01601,Critical,7.6,141,19.5,1,0.37,0.95,Immediate,68.0,4,4,0,0,1
DEF01602,High,7.2,26,15.3,1,0.26,0.85,This Week,44.3,3,3,0,0,1
DEF01603,High,7.1,259,41.4,4,0.37,0.86,Immediate,75.2,3,4,0,0,1
DEF01604,Low,4.3,229,8.2,0,0.97,0.83,Immediate,31.3,1,4,0,0,1
DEF01605,High,9.8,162,35.5,1,0.6,0.76,Immediate,64.2,3,4,0,0,1
DEF01606,High,14.0,161,26.9,3,0.19,0.82,Immediate,74.8,3,4,0,0,1
DEF01607,Low,8.8,307,24.7,3,0.31,0.82,Immediate,48.8,1,4,0,0,1
DEF01608,Medium,11.7,151,7.7,3,0.35,0.74,Immediate,50.5,2,4,0,0,1
DEF01609,Low,3.9,269,22.0,1,0.55,0.83,Immediate,42.3,1,4,0,0,1
DEF01610,Medium,3.8,211,14.2,1,0.83,0.78,Immediate,60.2,2,4,0,0,1
DEF01611,High,4.0,43,12.6,1,0.0,0.98,Immediate,51.1,3,4,0,0,1
DEF01612,High,7.6,119,21.8,4,0.38,0.85,Immediate,65.2,3,4,0,0,1
DEF01613,Low,3.4,251,22.9,1,0.15,0.98,Immediate,51.1,1,4,0,0,1
DEF01614,Medium,3.7,339,5.0,0,0.8,0.85,Immediate,43.5,2,4,0,0,1
DEF01615,Low,6.5,284,35.7,3,0.79,0.72,Immediate,51.6,1,4,0,0,1
DEF01616,Medium,3.7,98,31.3,5,0.69,0.75,Immediate,58.9,2,4,0,0,1
DEF01617,Medium,11.7,168,34.8,3,0.09,0.73,Immediate,67.0,2,4,0,0,1
DEF01618,Low,7.9,0,1.6,0,0.97,0.82,Programmed,15.1,1,1,0,0,1
DEF01619,Medium,3.9,0,20.6,4,0.34,0.8,This Month,33.8,2,2,0,0,1
DEF01620,High,10.3,32,23.4,4,0.16,0.91,Immediate,54.6,3,4,0,0,1
DEF01621,Medium,2.7,0,22.0,1,0.28,0.87,This Month,27.0,2,2,0,0,1
DEF01622,Medium,5.6,205,18.9,1,0.58,0.85,Immediate,50.4,2,4,0,0,1
DEF01623,Critical,18.1,225,18.4,2,0.25,0.97,Immediate,73.1,4,4,0,0,1
DEF01624,High,4.4,131,6.7,0,0.22,0.73,Immediate,65.2,3,4,0,0,1
DEF01625,Low,3.6,14,30.3,4,0.54,0.92,This Week,30.8,1,3,0,0,1
DEF01626,Medium,3.7,222,19.8,3,0.57,0.95,Immediate,47.8,2,4,0,0,1
DEF01627,Medium,13.1,23,17.4,2,0.29,0.99,This Week,40.0,2,3,0,0,1
DEF01628,High,3.7,336,31.4,4,0.36,0.76,Immediate,72.7,3,4,0,0,1
DEF01629,High,10.3,67,38.3,4,0.32,0.9,Immediate,75.4,3,4,0,0,1
DEF01630,Critical,18.0,5,24.6,3,0.34,0.95,Immediate,49.8,4,4,0,0,1
DEF01631,Medium,4.4,74,45.0,4,0.55,0.9,Immediate,57.2,2,4,0,0,1
DEF01632,High,4.0,112,6.7,3,0.1,0.71,Immediate,55.0,3,4,0,0,1
DEF01633,High,7.0,45,13.0,0,0.16,0.71,Immediate,50.5,3,4,0,0,1
DEF01634,Critical,17.2,303,37.2,5,0.68,0.83,Immediate,85.0,4,4,0,0,1
DEF01635,Critical,11.5,0,3.2,0,0.06,0.84,Immediate,43.1,4,4,0,0,1
DEF01636,Medium,12.5,101,32.2,1,0.88,0.73,Immediate,53.1,2,4,0,0,1
DEF01637,Low,5.0,87,40.8,5,0.4,0.79,Immediate,42.0,1,4,0,0,1
DEF01638,Medium,9.0,372,16.2,2,0.1,0.77,Immediate,51.6,2,4,0,0,1
DEF01639,Critical,6.7,146,27.3,3,0.81,0.97,Immediate,88.9,4,4,0,0,1
DEF01640,High,4.7,360,38.2,5,0.18,0.95,Immediate,73.1,3,4,0,0,1
DEF01641,Critical,11.9,214,13.0,1,0.02,0.9,Immediate,68.4,4,4,0,0,1
DEF01642,Low,1.4,249,14.1,2,0.28,0.84,Immediate,37.3,1,4,0,0,1
DEF01643,Critical,5.8,47,33.5,6,0.22,0.76,Immediate,76.6,4,4,0,0,1
DEF01644,Low,3.5,0,25.8,2,0.26,0.9,Programmed,16.7,1,1,0,0,1
DEF01645,High,7.8,242,43.2,4,0.12,0.93,Immediate,74.8,3,4,0,0,1
DEF01646,Low,2.9,144,18.3,3,0.92,0.98,Immediate,43.4,1,4,0,0,1
DEF01647,Critical,4.7,19,27.0,1,0.28,0.89,Immediate,59.5,4,4,0,0,1
DEF01648,Medium,7.1,128,8.5,1,0.12,0.73,Immediate,41.6,2,4,0,0,1
DEF01649,Medium,3.9,127,16.7,1,0.62,0.95,Immediate,44.2,2,4,0,0,1
DEF01650,Critical,17.3,321,15.9,1,0.25,0.73,Immediate,66.9,4,4,0,0,1
DEF01651,High,4.0,184,25.1,2,0.97,0.88,Immediate,69.9,3,4,0,0,1
DEF01652,Medium,11.8,242,3.0,1,0.08,0.96,Immediate,45.6,2,4,0,0,1
DEF01653,Low,3.5,13,26.6,2,0.98,0.85,This Week,20.1,1,3,0,0,1
DEF01654,Medium,6.5,91,16.6,3,0.95,0.84,Immediate,51.2,2,4,0,0,1
DEF01655,Medium,8.3,220,4.7,0,0.01,0.92,Immediate,47.9,2,4,0,0,1
DEF01656,Low,3.0,316,14.0,0,0.72,0.82,Immediate,40.4,1,4,0,0,1
DEF01657,Low,3.4,48,33.3,3,0.01,0.84,Immediate,45.8,1,4,0,0,1
DEF01658,Medium,1.3,43,2.8,0,0.28,0.86,Immediate,37.6,2,4,0,0,1
DEF01659,Low,8.5,263,34.0,6,0.84,0.98,Immediate,47.9,1,4,0,0,1
DEF01660,Medium,6.7,0,10.6,2,0.6,0.85,This Month,23.4,2,2,0,0,1
DEF01661,Medium,2.2,80,11.4,0,0.86,0.85,Immediate,43.7,2,4,0,0,1
DEF01662,High,3.8,80,31.4,1,0.01,0.79,Immediate,69.3,3,4,0,0,1
DEF01663,Medium,5.8,22,7.0,0,0.3,0.85,This Week,26.8,2,3,0,0,1
DEF01664,Medium,1.0,112,30.0,1,0.15,0.71,Immediate,50.9,2,4,0,0,1
DEF01665,Critical,7.8,37,20.4,0,0.02,0.82,Immediate,72.2,4,4,0,0,1
DEF01666,Critical,3.3,176,9.7,1,0.29,0.72,Immediate,70.1,4,4,0,0,1
DEF01667,High,15.3,298,32.0,3,0.26,0.72,Immediate,72.3,3,4,0,0,1
DEF01668,Medium,12.6,333,42.2,1,0.92,0.76,Immediate,55.9,2,4,0,0,1
DEF01669,Medium,5.1,299,38.2,5,0.72,0.7,Immediate,58.2,2,4,0,0,1
DEF01670,Medium,4.8,51,38.9,3,0.75,0.72,Immediate,56.6,2,4,0,0,1
DEF01671,Medium,10.2,54,13.8,1,0.75,0.87,Immediate,43.9,2,4,0,0,1
DEF01672,Medium,6.7,120,43.3,6,0.34,0.81,Immediate,60.3,2,4,0,0,1
DEF01673,Medium,3.4,112,33.0,5,0.32,0.71,Immediate,62.6,2,4,0,0,1
DEF01674,Low,5.8,52,5.6,0,0.29,0.84,Immediate,35.0,1,4,0,0,1
DEF01675,Medium,5.8,107,29.4,3,0.69,0.72,Immediate,46.5,2,4,0,0,1
DEF01676,Medium,11.4,167,35.9,3,0.67,0.85,Immediate,55.5,2,4,0,0,1
DEF01677,Critical,5.1,50,11.4,0,0.21,0.83,Immediate,69.0,4,4,0,0,1
DEF01678,Medium,2.9,38,6.4,0,0.34,0.87,Immediate,31.8,2,4,0,0,1
DEF01679,High,6.2,86,21.8,3,0.51,0.89,Immediate,71.7,3,4,0,0,1
DEF01680,Medium,9.3,87,42.0,3,0.91,0.77,Immediate,60.2,2,4,0,0,1
DEF01681,Medium,6.0,261,3.7,0,0.86,0.74,Immediate,49.2,2,4,0,0,1
DEF01682,Critical,16.0,154,17.2,2,0.52,0.77,Immediate,79.7,4,4,0,0,1
DEF01683,High,6.2,298,18.8,0,0.94,0.79,Immediate,63.8,3,4,0,0,1
DEF01684,Medium,8.1,27,42.5,3,0.35,0.99,This Week,37.9,2,3,0,0,1
DEF01685,Medium,4.9,306,10.0,0,0.68,0.97,Immediate,49.5,2,4,0,0,1
DEF01686,High,6.2,125,20.9,1,0.29,0.81,Immediate,64.6,3,4,0,0,1
DEF01687,Medium,3.3,0,34.4,7,0.31,0.97,This Month,42.0,2,2,0,0,1
DEF01688,Low,3.2,7,20.4,5,0.23,0.83,Programmed,25.7,1,1,0,0,1
DEF01689,Low,4.9,118,15.3,0,0.36,0.88,Immediate,34.2,1,4,0,0,1
DEF01690,Medium,3.6,249,2.9,0,0.03,0.77,Immediate,38.0,2,4,0,0,1
DEF01691,Critical,6.0,131,22.5,2,0.39,0.99,Immediate,76.9,4,4,0,0,1
DEF01692,Medium,13.0,9,13.6,0,0.83,0.95,This Month,27.3,2,2,0,0,1
DEF01693,Medium,5.2,112,3.2,0,0.19,0.75,Immediate,50.5,2,4,0,0,1
DEF01694,Low,9.6,58,16.5,2,0.1,0.78,Immediate,41.2,1,4,0,0,1
DEF01695,High,10.6,148,14.1,1,0.07,0.88,Immediate,66.5,3,4,0,0,1
DEF01696,High,7.9,269,15.8,0,0.58,0.97,Immediate,55.9,3,4,0,0,1
DEF01697,Medium,3.7,271,5.8,0,0.19,0.81,Immediate,44.7,2,4,0,0,1
DEF01698,High,4.8,296,40.9,5,0.35,0.97,Immediate,73.5,3,4,0,0,1
DEF01699,Medium,13.0,270,34.8,5,0.77,0.77,Immediate,57.4,2,4,0,0,1
DEF01700,High,6.4,294,37.6,4,0.18,0.72,Immediate,73.7,3,4,0,0,1
DEF01701,Low,4.1,274,31.3,4,0.15,0.78,Immediate,39.1,1,4,0,0,1
DEF01702,High,5.1,15,26.7,0,0.28,0.76,This Week,44.9,3,3,0,0,1
DEF01703,Medium,11.6,249,27.7,5,0.15,0.74,Immediate,49.8,2,4,0,0,1
DEF01704,Low,2.7,81,4.6,0,0.11,0.82,Immediate,36.5,1,4,0,0,1
DEF01705,Medium,3.2,278,29.6,3,0.19,0.77,Immediate,52.3,2,4,0,0,1
DEF01706,Medium,2.5,52,6.3,0,0.38,0.96,Immediate,43.8,2,4,0,0,1
DEF01707,High,7.0,140,1.4,0,0.03,0.94,Immediate,59.6,3,4,0,0,1
DEF01708,Medium,6.5,219,18.6,4,0.21,0.71,Immediate,56.5,2,4,0,0,1
DEF01709,High,5.8,72,10.0,0,0.95,0.94,Immediate,56.1,3,4,0,0,1
DEF01710,High,6.7,0,19.7,0,0.01,0.84,This Week,34.0,3,3,0,0,1
DEF01711,High,4.2,268,27.8,3,0.15,0.72,Immediate,73.8,3,4,0,0,1
DEF01712,Medium,4.2,351,21.2,1,0.15,0.76,Immediate,54.4,2,4,0,0,1
DEF01713,Medium,4.7,228,17.6,3,0.4,0.87,Immediate,49.8,2,4,0,0,1
DEF01714,Medium,6.0,202,39.5,3,0.55,0.74,Immediate,61.9,2,4,0,0,1
DEF01715,High,4.4,137,43.6,4,0.14,0.84,Immediate,75.0,3,4,0,0,1
DEF01716,Low,5.6,0,11.5,1,0.92,0.98,Programmed,21.5,1,1,0,0,1
DEF01717,High,11.9,278,8.2,1,0.79,0.95,Immediate,61.5,3,4,0,0,1
DEF01718,Low,2.7,82,43.6,5,0.78,0.81,Immediate,55.2,1,4,0,0,1
DEF01719,Medium,5.3,296,22.7,1,0.05,0.93,Immediate,57.9,2,4,0,0,1
DEF01720,Low,5.9,210,33.3,4,0.76,0.94,Immediate,48.7,1,4,0,0,1
DEF01721,High,2.3,0,4.2,1,0.14,0.71,This Week,37.9,3,3,0,0,1
DEF01722,Medium,3.6,17,22.2,1,0.64,0.81,This Week,36.5,2,3,0,0,1
DEF01723,Medium,1.6,113,15.5,0,0.27,0.78,Immediate,48.7,2,4,0,0,1
DEF01724,High,4.9,61,40.9,6,0.27,0.73,Immediate,72.8,3,4,0,0,1
DEF01725,Medium,2.8,36,38.8,3,0.64,0.84,Immediate,46.3,2,4,0,0,1
DEF01726,Medium,13.3,286,42.2,2,0.34,0.91,Immediate,61.8,2,4,0,0,1
DEF01727,Medium,2.6,306,7.9,0,0.52,0.74,Immediate,52.4,2,4,0,0,1
DEF01728,Low,4.0,185,9.5,2,0.18,0.83,Immediate,46.9,1,4,0,0,1
DEF01729,High,9.8,205,25.3,2,0.18,0.89,Immediate,65.8,3,4,0,0,1
DEF01730,Critical,11.4,210,20.5,1,0.08,0.99,Immediate,79.6,4,4,0,0,1
DEF01731,Low,4.0,167,42.6,3,0.95,0.73,Immediate,48.1,1,4,0,0,1
DEF01732,Medium,6.8,56,38.8,4,0.68,0.86,Immediate,59.0,2,4,0,0,1
DEF01733,High,14.6,155,20.3,3,0.34,0.87,Immediate,66.9,3,4,0,0,1
DEF01734,Critical,7.1,230,16.3,1,0.31,0.98,Immediate,73.6,4,4,0,0,1
DEF01735,High,7.2,221,8.3,0,0.56,0.85,Immediate,62.3,3,4,0,0,1
DEF01736,Low,5.8,212,24.3,5,0.64,0.87,Immediate,49.4,1,4,0,0,1
DEF01737,Medium,12.1,189,38.2,1,0.11,0.73,Immediate,55.8,2,4,0,0,1
DEF01738,Critical,7.2,11,27.7,2,0.13,0.78,Immediate,59.1,4,4,0,0,1
DEF01739,Medium,2.8,130,29.4,2,0.31,0.85,Immediate,51.8,2,4,0,0,1
DEF01740,Critical,5.4,343,39.3,5,0.32,0.94,Immediate,76.5,4,4,0,0,1
DEF01741,High,14.4,73,39.5,2,0.56,0.91,Immediate,62.3,3,4,0,0,1
DEF01742,High,2.5,60,27.2,3,0.27,0.86,Immediate,63.1,3,4,0,0,1
DEF01743,Medium,2.4,290,39.9,5,0.69,0.8,Immediate,49.4,2,4,0,0,1
DEF01744,Low,3.5,85,30.7,1,0.52,0.82,Immediate,45.2,1,4,0,0,1
DEF01745,Medium,13.0,287,14.1,4,0.02,0.81,Immediate,54.0,2,4,0,0,1
DEF01746,High,14.0,0,37.9,5,0.26,0.77,This Week,45.1,3,3,0,0,1
DEF01747,Critical,5.5,112,14.6,1,0.19,0.97,Immediate,72.1,4,4,0,0,1
DEF01748,High,8.5,368,21.3,4,0.95,0.92,Immediate,69.3,3,4,0,0,1
DEF01749,Medium,13.6,101,42.9,3,0.02,0.85,Immediate,63.1,2,4,0,0,1
DEF01750,Medium,5.6,150,10.8,0,0.83,0.76,Immediate,49.8,2,4,0,0,1
DEF01751,Low,4.1,121,10.5,0,0.12,0.73,Immediate,36.4,1,4,0,0,1
DEF01752,Low,2.5,289,33.9,2,0.04,0.72,Immediate,48.9,1,4,0,0,1
DEF01753,High,7.9,66,39.9,7,0.04,0.73,Immediate,73.0,3,4,0,0,1
DEF01754,High,3.4,210,25.6,1,0.36,0.72,Immediate,63.1,3,4,0,0,1
DEF01755,Critical,6.2,221,25.4,2,0.35,0.97,Immediate,74.3,4,4,0,0,1
DEF01756,Low,3.1,0,33.4,3,0.13,0.96,Programmed,17.8,1,1,0,0,1
DEF01757,Low,4.9,0,39.9,0,0.13,0.72,Programmed,18.5,1,1,0,0,1
DEF01758,Critical,6.7,225,9.7,1,0.53,0.94,Immediate,74.0,4,4,0,0,1
DEF01759,High,2.8,300,31.3,4,0.31,0.75,Immediate,63.8,3,4,0,0,1
DEF01760,High,3.4,367,21.2,5,0.84,0.78,Immediate,70.9,3,4,0,0,1
DEF01761,High,3.7,369,22.7,2,0.34,0.83,Immediate,68.0,3,4,0,0,1
DEF01762,Medium,7.0,89,3.0,1,0.65,0.94,Immediate,52.8,2,4,0,0,1
DEF01763,Critical,3.5,330,21.1,1,0.88,0.73,Immediate,81.1,4,4,0,0,1
DEF01764,Critical,1.9,161,26.7,4,0.35,0.86,Immediate,83.4,4,4,0,0,1
DEF01765,High,6.8,214,29.7,3,0.71,0.89,Immediate,68.6,3,4,0,0,1
DEF01766,Low,7.6,0,14.6,2,0.82,0.75,Programmed,15.7,1,1,0,0,1
DEF01767,Low,4.4,92,37.5,2,0.05,0.74,Immediate,51.1,1,4,0,0,1
DEF01768,Medium,1.7,207,26.7,2,0.37,0.79,Immediate,60.8,2,4,0,0,1
DEF01769,Low,11.1,42,28.3,2,0.15,0.79,Immediate,40.1,1,4,0,0,1
DEF01770,Medium,5.4,201,11.9,0,0.76,0.73,Immediate,49.2,2,4,0,0,1
DEF01771,Critical,7.2,191,25.7,4,0.84,0.79,Immediate,82.1,4,4,0,0,1
DEF01772,Critical,12.1,293,21.4,2,0.62,0.92,Immediate,84.8,4,4,0,0,1
DEF01773,Low,1.6,0,38.5,6,0.33,0.94,Programmed,30.9,1,1,0,0,1
DEF01774,High,6.2,105,38.9,3,0.3,0.71,Immediate,68.9,3,4,0,0,1
DEF01775,Medium,4.2,104,31.6,12,0.26,0.95,Immediate,55.5,2,4,0,0,1
DEF01776,Low,9.3,152,40.4,5,0.33,0.74,Immediate,48.2,1,4,0,0,1
DEF01777,Medium,3.4,129,40.8,7,0.29,0.71,Immediate,56.8,2,4,0,0,1
DEF01778,Critical,10.0,223,5.1,1,0.37,0.71,Immediate,71.5,4,4,0,0,1
DEF01779,Medium,11.2,0,38.0,5,0.17,0.88,This Month,31.6,2,2,0,0,1
DEF01780,High,7.6,322,9.1,1,0.36,0.88,Immediate,54.6,3,4,0,0,1
DEF01781,Low,3.1,174,20.8,0,0.77,0.82,Immediate,33.0,1,4,0,0,1
DEF01782,Medium,9.7,225,38.4,6,0.74,0.98,Immediate,58.8,2,4,0,0,1
DEF01783,Medium,4.3,362,10.4,2,0.01,0.96,Immediate,55.7,2,4,0,0,1
DEF01784,Low,2.3,78,28.1,3,0.32,0.86,Immediate,45.8,1,4,0,0,1
DEF01785,Low,5.8,152,10.4,0,0.18,0.81,Immediate,41.1,1,4,0,0,1
DEF01786,Critical,16.7,87,18.0,3,0.18,0.92,Immediate,76.1,4,4,0,0,1
DEF01787,Low,8.1,0,44.7,3,0.05,0.73,Programmed,23.6,1,1,0,0,1
DEF01788,Low,7.7,256,38.2,5,0.35,0.95,Immediate,49.4,1,4,0,0,1
DEF01789,Critical,3.5,193,17.4,2,0.05,0.8,Immediate,75.5,4,4,0,0,1
DEF01790,Low,1.5,0,11.5,2,0.11,0.85,Programmed,20.0,1,1,0,0,1
DEF01791,Low,6.3,12,41.0,3,0.64,0.79,This Week,25.7,1,3,0,0,1
DEF01792,High,14.5,139,4.6,0,0.75,0.93,Immediate,61.1,3,4,0,0,1
DEF01793,Low,3.8,275,10.9,3,0.61,0.96,Immediate,43.7,1,4,0,0,1
DEF01794,High,4.1,253,7.3,0,0.12,0.94,Immediate,53.0,3,4,0,0,1
DEF01795,Low,9.7,292,35.6,5,0.89,0.91,Immediate,52.7,1,4,0,0,1
DEF01796,Medium,6.9,346,22.3,7,0.01,0.96,Immediate,60.0,2,4,0,0,1
DEF01797,High,14.2,55,43.2,6,0.17,0.79,Immediate,74.7,3,4,0,0,1
DEF01798,High,8.3,354,9.1,1,0.79,0.76,Immediate,63.9,3,4,0,0,1
DEF01799,Medium,3.6,217,25.1,2,0.09,0.74,Immediate,55.4,2,4,0,0,1
DEF01800,High,9.2,299,35.0,3,0.07,0.75,Immediate,69.0,3,4,0,0,1
DEF01801,Medium,3.7,287,32.4,4,0.25,0.83,Immediate,64.9,2,4,0,0,1
DEF01802,High,5.9,253,42.0,3,0.36,0.93,Immediate,64.9,3,4,0,0,1
DEF01803,Low,4.5,109,3.3,0,0.09,0.83,Immediate,31.9,1,4,0,0,1
DEF01804,High,10.1,228,7.7,0,0.72,0.78,Immediate,62.1,3,4,0,0,1
DEF01805,Medium,4.2,3,37.1,5,0.01,0.79,This Month,34.7,2,2,0,0,1
DEF01806,Critical,5.5,293,12.6,0,0.07,0.82,Immediate,74.7,4,4,0,0,1
DEF01807,Medium,6.1,267,33.1,1,0.81,0.93,Immediate,56.5,2,4,0,0,1
DEF01808,High,6.8,332,5.1,0,0.7,0.73,Immediate,58.4,3,4,0,0,1
DEF01809,Medium,2.0,13,13.2,4,0.02,0.84,This Week,35.3,2,3,0,0,1
DEF01810,Medium,11.9,200,33.9,6,0.58,0.73,Immediate,57.6,2,4,0,0,1
DEF01811,Medium,4.8,299,22.6,2,0.03,0.88,Immediate,53.2,2,4,0,0,1
DEF01812,Medium,2.0,217,26.8,8,0.32,0.75,Immediate,60.7,2,4,0,0,1
DEF01813,Medium,7.5,261,20.6,3,0.76,0.71,Immediate,53.1,2,4,0,0,1
DEF01814,Low,5.7,154,21.6,2,0.09,0.81,Immediate,43.6,1,4,0,0,1
DEF01815,Low,2.8,169,40.6,6,0.32,0.86,Immediate,54.7,1,4,0,0,1
DEF01816,Low,4.2,83,43.7,3,0.75,0.78,Immediate,43.0,1,4,0,0,1
DEF01817,High,8.2,110,20.5,4,0.9,0.94,Immediate,70.8,3,4,0,0,1
DEF01818,Medium,6.7,0,14.2,4,0.32,0.95,This Month,19.7,2,2,0,0,1
DEF01819,Low,9.5,220,31.6,3,0.23,0.92,Immediate,37.7,1,4,0,0,1
DEF01820,Critical,9.6,366,44.2,4,0.37,0.89,Immediate,79.3,4,4,0,0,1
DEF01821,Medium,2.7,364,39.0,6,0.28,0.73,Immediate,53.4,2,4,0,0,1
DEF01822,Medium,4.0,203,23.5,0,0.36,0.96,Immediate,53.6,2,4,0,0,1
DEF01823,Medium,3.8,174,33.5,3,0.97,0.98,Immediate,55.0,2,4,0,0,1
DEF01824,Medium,6.8,292,22.4,4,0.01,0.91,Immediate,48.2,2,4,0,0,1
DEF01825,Low,6.2,216,27.7,7,0.57,0.97,Immediate,47.6,1,4,0,0,1
DEF01826,High,5.6,37,25.8,1,0.62,0.95,Immediate,56.2,3,4,0,0,1
DEF01827,Critical,18.5,335,17.1,3,0.7,0.98,Immediate,78.2,4,4,0,0,1
DEF01828,Low,2.4,280,30.2,2,0.75,0.94,Immediate,37.8,1,4,0,0,1
DEF01829,Critical,7.1,142,14.3,2,0.34,0.76,Immediate,73.0,4,4,0,0,1
DEF01830,High,9.3,326,44.3,4,0.7,0.77,Immediate,73.2,3,4,0,0,1
DEF01831,Low,5.8,206,6.1,0,0.23,0.81,Immediate,34.9,1,4,0,0,1
DEF01832,High,13.2,144,28.8,3,0.84,0.89,Immediate,65.5,3,4,0,0,1
DEF01833,Medium,6.5,13,25.1,3,0.0,0.73,This Week,31.2,2,3,0,0,1
DEF01834,Critical,3.5,45,34.2,3,0.76,0.78,Immediate,72.5,4,4,0,0,1
DEF01835,Medium,5.5,0,22.5,2,0.06,0.82,This Month,27.2,2,2,0,0,1
DEF01836,Medium,1.2,219,10.0,3,0.59,0.99,Immediate,46.5,2,4,0,0,1
DEF01837,Critical,11.6,315,9.0,1,0.37,0.97,Immediate,71.3,4,4,0,0,1
DEF01838,Medium,6.1,65,24.3,2,0.31,0.86,Immediate,52.7,2,4,0,0,1
DEF01839,Medium,12.5,133,15.2,1,0.84,0.93,Immediate,43.7,2,4,0,0,1
DEF01840,Low,9.1,212,32.5,4,0.08,0.87,Immediate,45.1,1,4,0,0,1
DEF01841,Low,2.6,225,45.0,4,0.19,0.91,Immediate,50.4,1,4,0,0,1
DEF01842,High,9.1,210,20.4,4,0.04,0.78,Immediate,69.0,3,4,0,0,1
DEF01843,High,2.4,2,4.9,0,0.33,0.74,This Week,40.7,3,3,0,0,1
DEF01844,Medium,6.2,131,35.9,5,0.5,0.87,Immediate,51.0,2,4,0,0,1
DEF01845,Medium,5.9,174,21.5,2,0.01,0.78,Immediate,48.9,2,4,0,0,1
DEF01846,High,7.4,305,3.3,0,0.02,0.79,Immediate,58.6,3,4,0,0,1
DEF01847,Medium,5.1,7,36.3,3,0.2,0.84,This Month,31.4,2,2,0,0,1
DEF01848,High,7.6,365,33.1,4,0.23,0.88,Immediate,73.9,3,4,0,0,1
DEF01849,Critical,5.8,302,35.2,4,0.39,0.74,Immediate,86.5,4,4,0,0,1
DEF01850,Medium,7.0,59,20.6,2,0.56,0.95,Immediate,53.3,2,4,0,0,1
DEF01851,High,1.2,310,6.1,0,0.36,0.96,Immediate,61.0,3,4,0,0,1
DEF01852,Low,2.3,237,41.0,4,0.17,0.93,Immediate,51.8,1,4,0,0,1
DEF01853,High,5.6,222,42.9,5,0.98,0.99,Immediate,68.1,3,4,0,0,1
DEF01854,Critical,2.6,80,19.2,2,0.14,0.96,Immediate,74.7,4,4,0,0,1
DEF01855,Medium,4.6,89,29.8,1,0.09,0.85,Immediate,54.7,2,4,0,0,1
DEF01856,High,3.6,213,3.4,0,0.17,0.95,Immediate,59.1,3,4,0,0,1
DEF01857,Low,3.7,219,31.1,4,0.9,0.72,Immediate,50.9,1,4,0,0,1
DEF01858,High,5.3,88,42.7,6,0.4,0.84,Immediate,75.7,3,4,0,0,1
DEF01859,Medium,9.6,65,31.9,4,0.12,0.75,Immediate,54.5,2,4,0,0,1
DEF01860,Low,6.7,52,21.1,1,0.7,0.79,Immediate,36.8,1,4,0,0,1
DEF01861,High,11.2,270,38.5,5,0.24,0.9,Immediate,62.5,3,4,0,0,1
DEF01862,Critical,11.8,350,42.6,5,0.63,0.9,Immediate,79.3,4,4,0,0,1
DEF01863,Critical,6.7,38,37.5,4,0.89,0.84,Immediate,74.2,4,4,0,0,1
DEF01864,Low,5.2,316,30.6,5,0.76,0.87,Immediate,51.4,1,4,0,0,1
DEF01865,Low,3.5,76,7.9,0,0.11,0.88,Immediate,43.3,1,4,0,0,1
DEF01866,Low,10.6,0,39.6,3,0.38,0.77,Programmed,17.9,1,1,0,0,1
DEF01867,Medium,4.9,118,35.5,4,0.51,0.85,Immediate,53.6,2,4,0,0,1
DEF01868,High,3.8,39,31.1,5,0.15,0.93,Immediate,55.7,3,4,0,0,1
DEF01869,Medium,3.5,319,35.5,3,0.31,0.84,Immediate,59.8,2,4,0,0,1
DEF01870,Low,10.0,155,23.6,1,0.29,0.78,Immediate,45.7,1,4,0,0,1
DEF01871,Medium,8.3,0,30.3,2,0.37,0.84,This Month,32.8,2,2,0,0,1
DEF01872,Medium,6.3,152,12.3,1,0.31,0.84,Immediate,48.4,2,4,0,0,1
DEF01873,Medium,5.3,163,38.3,2,0.84,0.89,Immediate,57.6,2,4,0,0,1
DEF01874,High,7.1,184,34.5,1,0.1,0.84,Immediate,66.4,3,4,0,0,1
DEF01875,Medium,8.2,179,43.3,8,0.36,0.91,Immediate,58.2,2,4,0,0,1
DEF01876,Medium,6.6,36,38.9,3,0.96,0.96,Immediate,54.5,2,4,0,0,1
DEF01877,Critical,2.8,55,24.6,2,0.25,0.85,Immediate,67.6,4,4,0,0,1
DEF01878,High,14.8,377,35.4,4,0.67,0.86,Immediate,69.7,3,4,0,0,1
DEF01879,Critical,3.7,136,42.6,9,0.91,0.84,Immediate,97.5,4,4,0,0,1
DEF01880,Medium,4.5,96,43.9,2,0.67,0.89,Immediate,56.1,2,4,0,0,1
DEF01881,Medium,3.8,7,18.9,2,0.1,0.75,This Month,34.9,2,2,0,0,1
DEF01882,High,7.3,280,38.5,2,0.86,0.91,Immediate,72.4,3,4,0,0,1
DEF01883,High,6.7,266,2.8,0,0.32,0.83,Immediate,63.5,3,4,0,0,1
DEF01884,Low,6.1,0,29.2,2,0.82,0.88,Programmed,14.6,1,1,0,0,1
DEF01885,Medium,7.8,155,34.3,3,0.0,0.8,Immediate,48.9,2,4,0,0,1
DEF01886,Critical,5.7,55,13.3,0,0.19,0.92,Immediate,77.5,4,4,0,0,1
DEF01887,Medium,3.3,0,11.4,0,0.23,0.78,This Month,23.2,2,2,0,0,1
DEF01888,High,12.6,126,40.3,7,0.55,0.95,Immediate,80.2,3,4,0,0,1
DEF01889,Low,3.4,0,22.6,1,0.2,0.85,Programmed,16.6,1,1,0,0,1
DEF01890,Low,5.2,21,6.4,1,0.09,0.98,This Week,29.1,1,3,0,0,1
DEF01891,High,4.4,148,8.0,2,0.0,0.73,Immediate,62.4,3,4,0,0,1
DEF01892,Medium,4.3,331,39.9,1,0.26,0.9,Immediate,45.6,2,4,0,0,1
DEF01893,Low,9.7,74,23.0,2,0.12,0.96,Immediate,42.8,1,4,0,0,1
DEF01894,Medium,3.7,362,16.6,2,0.08,0.88,Immediate,49.2,2,4,0,0,1
DEF01895,Medium,5.0,141,26.4,2,0.03,0.82,Immediate,50.1,2,4,0,0,1
DEF01896,Low,2.1,5,34.1,2,0.21,0.73,Programmed,17.7,1,1,0,0,1
DEF01897,Low,2.1,230,11.7,1,0.22,0.94,Immediate,41.6,1,4,0,0,1
DEF01898,Low,9.4,109,27.2,5,0.36,0.74,Immediate,47.5,1,4,0,0,1
DEF01899,Medium,5.6,317,20.2,3,0.26,0.98,Immediate,47.1,2,4,0,0,1
DEF01900,Low,3.5,49,15.3,1,0.72,0.8,Immediate,34.6,1,4,0,0,1
DEF01901,Low,4.3,124,1.4,0,0.01,0.73,Immediate,37.7,1,4,0,0,1
DEF01902,High,11.7,61,26.0,3,0.52,0.78,Immediate,64.9,3,4,0,0,1
DEF01903,High,14.4,313,30.6,4,0.61,0.81,Immediate,62.6,3,4,0,0,1
DEF01904,High,12.6,148,42.3,3,0.53,0.91,Immediate,69.1,3,4,0,0,1
DEF01905,Critical,11.0,364,8.6,0,1.0,0.9,Immediate,69.7,4,4,0,0,1
DEF01906,Low,8.7,277,11.7,1,0.91,0.9,Immediate,39.4,1,4,0,0,1
DEF01907,Medium,5.4,209,33.0,5,0.94,0.87,Immediate,63.4,2,4,0,0,1
DEF01908,High,6.8,297,5.1,0,0.37,0.78,Immediate,63.4,3,4,0,0,1
DEF01909,Low,5.2,211,19.6,2,0.18,0.75,Immediate,39.1,1,4,0,0,1
DEF01910,Medium,8.6,349,24.9,2,0.99,0.82,Immediate,54.0,2,4,0,0,1
DEF01911,Critical,7.4,35,36.8,3,0.3,0.71,Immediate,83.7,4,4,0,0,1
DEF01912,Critical,8.0,245,27.3,0,0.25,0.72,Immediate,73.7,4,4,0,0,1
DEF01913,Medium,11.0,105,15.5,1,0.65,0.87,Immediate,57.9,2,4,0,0,1
DEF01914,High,5.7,121,26.0,4,1.0,0.73,Immediate,72.4,3,4,0,0,1
DEF01915,Low,4.6,222,33.9,4,0.14,0.9,Immediate,49.0,1,4,0,0,1
DEF01916,Medium,5.8,11,11.2,4,0.29,0.81,This Week,25.9,2,3,0,0,1
DEF01917,Medium,10.7,331,27.3,3,0.79,0.95,Immediate,54.4,2,4,0,0,1
DEF01918,High,14.6,324,16.8,0,0.39,0.83,Immediate,61.1,3,4,0,0,1
DEF01919,Medium,1.8,261,13.7,1,0.74,0.85,Immediate,45.7,2,4,0,0,1
DEF01920,Low,2.6,91,31.6,8,0.24,0.96,Immediate,50.6,1,4,0,0,1
DEF01921,High,2.6,328,40.0,7,0.06,0.74,Immediate,72.3,3,4,0,0,1
DEF01922,Medium,2.2,369,30.0,0,0.05,0.93,Immediate,51.7,2,4,0,0,1
DEF01923,High,5.5,18,6.0,1,0.97,0.98,This Week,36.3,3,3,0,0,1
DEF01924,Low,4.6,297,14.8,1,0.52,0.81,Immediate,40.2,1,4,0,0,1
DEF01925,Low,2.8,106,8.7,0,0.5,0.93,Immediate,35.8,1,4,0,0,1
DEF01926,Critical,10.8,186,44.5,8,0.95,0.73,Immediate,88.4,4,4,0,0,1
DEF01927,Medium,12.4,44,16.1,4,0.34,0.87,Immediate,51.0,2,4,0,0,1
DEF01928,Medium,11.0,51,12.9,2,0.08,0.87,Immediate,44.5,2,4,0,0,1
DEF01929,High,15.6,328,31.8,3,0.66,0.75,Immediate,69.7,3,4,0,0,1
DEF01930,Medium,4.2,35,21.6,3,0.34,0.91,Immediate,41.6,2,4,0,0,1
DEF01931,Low,3.1,7,38.6,7,0.18,0.78,Programmed,29.5,1,1,0,0,1
DEF01932,Medium,3.9,145,18.0,1,0.87,0.75,Immediate,51.7,2,4,0,0,1
DEF01933,High,5.6,282,33.8,2,0.31,0.8,Immediate,71.2,3,4,0,0,1
DEF01934,Medium,7.4,289,2.5,0,0.13,0.73,Immediate,40.9,2,4,0,0,1
DEF01935,Medium,8.6,204,24.5,0,0.16,0.96,Immediate,44.3,2,4,0,0,1
DEF01936,High,9.2,317,31.5,3,0.09,0.93,Immediate,59.3,3,4,0,0,1
DEF01937,High,5.7,209,18.4,1,0.25,0.96,Immediate,61.1,3,4,0,0,1
DEF01938,Medium,6.6,270,15.9,2,0.38,0.91,Immediate,51.7,2,4,0,0,1
DEF01939,Medium,5.9,321,7.5,0,0.09,0.96,Immediate,45.1,2,4,0,0,1
DEF01940,Low,4.4,237,42.9,5,0.73,0.98,Immediate,49.2,1,4,0,0,1
DEF01941,High,6.0,175,5.1,0,0.86,0.72,Immediate,59.6,3,4,0,0,1
DEF01942,Low,4.0,235,32.5,3,0.8,0.73,Immediate,49.2,1,4,0,0,1
DEF01943,Medium,4.1,322,44.3,5,0.38,0.87,Immediate,60.3,2,4,0,0,1
DEF01944,Medium,1.8,167,27.4,1,0.56,0.94,Immediate,55.5,2,4,0,0,1
DEF01945,High,6.3,156,3.3,1,0.93,0.96,Immediate,55.7,3,4,0,0,1
DEF01946,Low,4.3,81,16.8,4,0.68,0.98,Immediate,50.8,1,4,0,0,1
DEF01947,Medium,10.0,36,40.0,8,0.11,0.85,Immediate,54.1,2,4,0,0,1
DEF01948,High,12.4,350,9.8,1,0.1,0.94,Immediate,58.5,3,4,0,0,1
DEF01949,Critical,18.6,208,18.1,2,0.36,0.89,Immediate,70.5,4,4,0,0,1
DEF01950,Low,4.2,194,2.5,0,0.05,0.84,Immediate,26.3,1,4,0,0,1
DEF01951,Low,1.9,0,34.7,1,0.71,0.83,Programmed,21.3,1,1,0,0,1
DEF01952,Low,10.2,160,7.0,0,0.23,0.73,Immediate,44.4,1,4,0,0,1
DEF01953,Critical,6.8,273,27.1,2,0.52,0.79,Immediate,74.3,4,4,0,0,1
DEF01954,Critical,4.8,335,10.0,0,0.15,0.77,Immediate,74.3,4,4,0,0,1
DEF01955,High,3.5,119,21.3,3,0.16,0.87,Immediate,57.6,3,4,0,0,1
DEF01956,Medium,6.6,189,18.5,1,0.31,0.73,Immediate,44.3,2,4,0,0,1
DEF01957,Critical,10.6,168,44.4,4,0.11,0.87,Immediate,87.2,4,4,0,0,1
DEF01958,Critical,6.7,256,10.5,1,0.56,0.78,Immediate,79.2,4,4,0,0,1
DEF01959,Medium,8.5,123,17.8,1,0.12,0.85,Immediate,54.8,2,4,0,0,1
DEF01960,Low,5.6,0,26.9,2,0.23,0.88,Programmed,19.5,1,1,0,0,1
DEF01961,Medium,11.2,212,34.7,7,0.76,0.93,Immediate,57.7,2,4,0,0,1
DEF01962,Medium,6.9,341,1.1,0,0.13,0.87,Immediate,42.1,2,4,0,0,1
DEF01963,High,6.8,123,14.3,4,0.14,0.87,Immediate,66.0,3,4,0,0,1
DEF01964,Low,6.2,205,11.7,1,0.78,0.79,Immediate,39.9,1,4,0,0,1
DEF01965,Medium,1.9,170,14.5,2,0.7,0.98,Immediate,44.8,2,4,0,0,1
DEF01966,Critical,11.9,268,39.1,5,0.19,0.84,Immediate,78.1,4,4,0,0,1
DEF01967,High,4.8,236,23.1,5,0.8,0.84,Immediate,69.2,3,4,0,0,1
DEF01968,Medium,4.6,5,41.3,8,0.05,0.99,This Month,35.9,2,2,0,0,1
DEF01969,High,14.4,357,13.7,0,0.25,0.8,Immediate,62.1,3,4,0,0,1
DEF01970,Medium,1.9,334,12.5,0,0.96,0.73,Immediate,51.1,2,4,0,0,1
DEF01971,Low,2.4,185,41.8,5,0.31,0.83,Immediate,55.7,1,4,0,0,1
DEF01972,Low,3.4,57,30.6,5,0.65,0.87,Immediate,47.2,1,4,0,0,1
DEF01973,High,3.3,382,33.2,4,0.98,0.8,Immediate,65.0,3,4,0,0,1
DEF01974,Low,7.7,0,23.7,1,0.6,0.76,Programmed,21.4,1,1,0,0,1
DEF01975,Medium,3.4,51,7.4,1,0.56,0.86,Immediate,38.4,2,4,0,0,1
DEF01976,Low,1.4,273,30.7,1,0.12,0.78,Immediate,38.5,1,4,0,0,1
DEF01977,Critical,4.2,76,24.5,4,0.07,0.9,Immediate,83.6,4,4,0,0,1
DEF01978,Low,7.1,7,43.7,4,0.38,0.98,Programmed,28.6,1,1,0,0,1
DEF01979,High,8.7,158,7.5,1,0.58,0.86,Immediate,53.1,3,4,0,0,1
DEF01980,High,4.9,53,2.8,0,0.71,0.8,Immediate,49.1,3,4,0,0,1
DEF01981,High,7.3,381,25.9,3,0.29,0.73,Immediate,73.7,3,4,0,0,1
DEF01982,Critical,6.1,125,14.6,1,0.17,0.87,Immediate,72.9,4,4,0,0,1
DEF01983,High,7.6,376,32.9,0,0.6,0.84,Immediate,67.2,3,4,0,0,1
DEF01984,Medium,11.6,30,43.4,7,0.23,0.88,This Week,53.8,2,3,0,0,1
DEF01985,Low,4.2,161,34.6,3,0.36,0.78,Immediate,52.7,1,4,0,0,1
DEF01986,Low,5.7,55,40.1,4,0.17,0.84,Immediate,50.1,1,4,0,0,1
DEF01987,Critical,17.3,166,38.1,4,0.02,0.71,Immediate,81.4,4,4,0,0,1
DEF01988,High,8.8,153,43.4,7,0.86,0.77,Immediate,79.8,3,4,0,0,1
DEF01989,Low,1.1,108,17.6,2,0.97,0.91,Immediate,43.1,1,4,0,0,1
DEF01990,High,8.6,87,31.5,4,0.27,0.78,Immediate,72.3,3,4,0,0,1
DEF01991,High,8.7,301,8.6,0,0.59,0.8,Immediate,61.7,3,4,0,0,1
DEF01992,Medium,3.5,299,19.7,1,0.27,0.73,Immediate,54.2,2,4,0,0,1
DEF01993,Medium,4.8,164,8.6,0,0.1,0.81,Immediate,42.0,2,4,0,0,1
DEF01994,Medium,5.2,8,37.1,2,0.68,0.85,This Month,40.8,2,2,0,0,1
DEF01995,Low,6.5,137,35.7,7,0.15,0.85,Immediate,51.3,1,4,0,0,1
DEF01996,Medium,7.7,55,18.7,2,0.65,0.76,Immediate,42.5,2,4,0,0,1
DEF01997,Critical,8.4,120,16.5,0,0.3,0.77,Immediate,65.0,4,4,0,0,1
DEF01998,High,4.3,235,5.2,0,0.05,0.79,Immediate,60.8,3,4,0,0,1
DEF01999,Low,5.4,61,26.3,1,0.67,0.83,Immediate,50.1,1,4,0,0,1
DEF02000,Low,4.5,113,21.0,2,0.35,0.81,Immediate,44.5,1,4,0,0,1
DEF02001,Low,3.7,60,23.7,2,0.73,0.73,Immediate,43.8,1,4,0,0,1
DEF02002,Medium,4.9,358,26.8,3,0.04,0.77,Immediate,54.8,2,4,0,0,1
DEF02003,High,7.6,143,16.2,0,0.08,0.8,Immediate,65.0,3,4,0,0,1
DEF02004,Medium,7.5,69,27.5,1,0.1,0.88,Immediate,53.5,2,4,0,0,1
DEF02005,Medium,4.3,360,38.3,3,0.27,0.78,Immediate,55.5,2,4,0,0,1
DEF02006,Medium,8.8,169,9.2,0,0.35,0.87,Immediate,50.9,2,4,0,0,1
DEF02007,Medium,4.7,82,2.2,0,0.05,0.77,Immediate,45.8,2,4,0,0,1
DEF02008,Low,5.5,164,4.8,1,0.19,0.75,Immediate,37.0,1,4,0,0,1
DEF02009,Low,2.6,238,20.3,7,0.7,0.91,Immediate,49.3,1,4,0,0,1
DEF02010,Low,4.7,266,23.5,2,0.14,0.96,Immediate,49.5,1,4,0,0,1
DEF02011,Critical,8.4,244,10.3,2,0.24,0.91,Immediate,69.3,4,4,0,0,1
DEF02012,Low,5.7,208,24.1,5,0.26,0.83,Immediate,48.0,1,4,0,0,1
DEF02013,Critical,5.1,196,6.2,0,0.63,0.73,Immediate,72.1,4,4,0,0,1
DEF02014,High,6.2,273,30.1,3,0.79,0.93,Immediate,71.4,3,4,0,0,1
DEF02015,High,14.2,223,13.6,0,0.94,0.91,Immediate,68.0,3,4,0,0,1
DEF02016,Medium,4.7,145,31.2,1,0.05,0.94,Immediate,56.6,2,4,0,0,1
DEF02017,Critical,6.4,105,31.7,3,0.88,0.77,Immediate,81.1,4,4,0,0,1
DEF02018,Low,3.7,89,30.9,4,0.33,0.75,Immediate,48.2,1,4,0,0,1
DEF02019,High,7.6,3,23.4,1,0.13,0.74,This Week,34.7,3,3,0,0,1
DEF02020,Medium,5.2,358,44.2,2,0.76,0.89,Immediate,51.1,2,4,0,0,1
DEF02021,Medium,4.0,34,2.1,1,0.3,0.91,Immediate,36.1,2,4,0,0,1
DEF02022,Medium,4.8,155,14.5,2,0.2,0.73,Immediate,49.1,2,4,0,0,1
DEF02023,Medium,6.3,156,28.2,1,0.85,0.79,Immediate,41.2,2,4,0,0,1
DEF02024,Low,11.8,84,5.0,1,0.65,0.8,Immediate,46.8,1,4,0,0,1
DEF02025,Critical,8.2,147,29.8,1,0.16,0.9,Immediate,77.1,4,4,0,0,1
DEF02026,Medium,11.6,0,5.3,0,0.39,0.93,This Month,21.1,2,2,0,0,1
DEF02027,High,4.9,268,39.2,1,0.82,0.87,Immediate,66.9,3,4,0,0,1
DEF02028,Low,6.8,88,13.2,2,0.26,0.82,Immediate,38.4,1,4,0,0,1
DEF02029,Medium,5.2,173,4.0,1,0.9,0.98,Immediate,39.9,2,4,0,0,1
DEF02030,Low,4.9,125,30.4,3,0.62,0.82,Immediate,48.5,1,4,0,0,1
DEF02031,High,8.6,112,40.8,3,0.32,0.71,Immediate,69.4,3,4,0,0,1
DEF02032,High,2.9,0,17.0,2,0.16,0.95,This Week,38.1,3,3,0,0,1
DEF02033,Low,4.8,0,34.8,6,0.51,0.79,Programmed,25.8,1,1,0,0,1
DEF02034,High,12.3,231,20.0,1,0.17,0.9,Immediate,64.1,3,4,0,0,1
DEF02035,Medium,5.1,135,11.9,0,0.39,0.72,Immediate,39.6,2,4,0,0,1
DEF02036,Medium,12.4,175,40.6,3,0.68,0.98,Immediate,55.0,2,4,0,0,1
DEF02037,Low,6.2,0,42.8,12,0.74,0.92,Programmed,37.2,1,1,0,0,1
DEF02038,Low,4.6,185,41.3,7,0.17,0.72,Immediate,56.4,1,4,0,0,1
DEF02039,High,8.2,381,12.1,0,0.33,0.78,Immediate,59.8,3,4,0,0,1
DEF02040,Low,4.8,225,19.1,3,0.19,0.83,Immediate,42.7,1,4,0,0,1
DEF02041,Low,1.8,19,17.5,1,0.83,0.9,This Week,19.1,1,3,0,0,1
DEF02042,Medium,3.2,133,36.4,3,0.69,0.82,Immediate,54.4,2,4,0,0,1
DEF02043,Low,4.4,218,31.1,4,0.96,0.91,Immediate,51.5,1,4,0,0,1
DEF02044,Low,5.8,274,17.7,4,0.2,0.75,Immediate,41.8,1,4,0,0,1
DEF02045,Medium,6.5,100,39.3,3,0.57,0.94,Immediate,57.9,2,4,0,0,1
DEF02046,High,8.3,353,43.0,0,0.29,0.83,Immediate,61.2,3,4,0,0,1
DEF02047,Medium,10.5,257,2.9,0,0.75,0.97,Immediate,46.8,2,4,0,0,1
DEF02048,High,7.5,228,38.1,5,0.28,0.93,Immediate,76.3,3,4,0,0,1
DEF02049,High,3.6,310,29.1,3,0.33,0.9,Immediate,71.3,3,4,0,0,1
DEF02050,High,2.8,24,5.1,0,0.94,0.92,This Week,41.1,3,3,0,0,1
DEF02051,Low,4.5,91,7.0,2,0.4,0.83,Immediate,48.3,1,4,0,0,1
DEF02052,Medium,2.6,158,35.0,3,0.51,0.83,Immediate,59.3,2,4,0,0,1
DEF02053,Critical,7.3,216,38.2,4,0.22,0.77,Immediate,88.3,4,4,0,0,1
DEF02054,Medium,7.4,22,28.7,0,0.26,0.8,This Week,37.0,2,3,0,0,1
DEF02055,Medium,1.0,102,2.1,1,0.98,0.75,Immediate,41.1,2,4,0,0,1
DEF02056,Low,6.7,224,35.9,4,0.2,0.81,Immediate,48.9,1,4,0,0,1
DEF02057,Medium,4.6,203,26.3,0,0.68,0.89,Immediate,58.4,2,4,0,0,1
DEF02058,Medium,13.6,0,9.0,0,0.13,0.78,This Month,26.0,2,2,0,0,1
DEF02059,High,4.3,168,21.3,2,0.62,0.78,Immediate,63.8,3,4,0,0,1
DEF02060,Medium,4.5,164,41.5,9,0.22,0.86,Immediate,67.1,2,4,0,0,1
DEF02061,High,4.0,274,10.2,1,0.88,0.88,Immediate,51.5,3,4,0,0,1
DEF02062,Critical,4.4,229,32.2,2,0.98,0.75,Immediate,91.0,4,4,0,0,1
DEF02063,Medium,7.4,25,35.3,6,0.64,0.73,This Week,39.9,2,3,0,0,1
DEF02064,Medium,4.4,0,45.0,3,0.95,0.77,This Month,33.2,2,2,0,0,1
DEF02065,Medium,3.1,213,42.3,4,0.29,0.88,Immediate,59.4,2,4,0,0,1
DEF02066,High,4.4,161,25.9,5,0.1,0.78,Immediate,64.5,3,4,0,0,1
DEF02067,Medium,1.2,292,38.9,5,0.06,0.88,Immediate,59.9,2,4,0,0,1
DEF02068,High,9.4,97,14.6,5,0.13,0.77,Immediate,68.9,3,4,0,0,1
DEF02069,Medium,2.1,49,1.7,0,0.31,0.91,Immediate,41.5,2,4,0,0,1
DEF02070,High,4.1,258,12.1,2,0.29,0.7,Immediate,59.6,3,4,0,0,1
DEF02071,Low,10.0,19,32.2,4,0.24,0.79,This Week,32.9,1,3,0,0,1
DEF02072,Low,4.6,100,11.1,0,0.35,0.73,Immediate,33.5,1,4,0,0,1
DEF02073,Critical,16.9,94,16.2,2,0.14,0.91,Immediate,76.3,4,4,0,0,1
DEF02074,Medium,7.3,63,16.9,2,0.08,0.85,Immediate,50.7,2,4,0,0,1
DEF02075,High,8.6,341,13.2,0,0.12,0.82,Immediate,65.4,3,4,0,0,1
DEF02076,Low,5.8,85,31.4,2,0.26,0.89,Immediate,46.3,1,4,0,0,1
DEF02077,Medium,8.0,0,4.7,0,0.24,0.96,This Month,22.0,2,2,0,0,1
DEF02078,Low,5.3,0,7.9,3,0.91,0.75,Programmed,11.5,1,1,0,0,1
DEF02079,Low,9.1,26,1.7,0,0.52,0.94,This Week,24.6,1,3,0,0,1
DEF02080,Medium,4.7,9,38.6,4,0.21,0.88,This Month,29.5,2,2,0,0,1
DEF02081,Medium,5.2,341,40.2,3,0.01,0.73,Immediate,59.5,2,4,0,0,1
DEF02082,High,4.0,90,31.2,0,0.09,0.97,Immediate,70.8,3,4,0,0,1
DEF02083,Critical,6.5,46,37.5,4,0.25,0.74,Immediate,78.3,4,4,0,0,1
DEF02084,Medium,7.2,100,30.7,3,0.05,0.86,Immediate,47.2,2,4,0,0,1
DEF02085,Low,2.3,193,6.8,0,0.95,0.7,Immediate,36.9,1,4,0,0,1
DEF02086,Critical,7.6,308,36.8,2,0.6,0.76,Immediate,80.2,4,4,0,0,1
DEF02087,Low,2.7,0,36.5,4,0.31,0.88,Programmed,29.1,1,1,0,0,1
DEF02088,Low,9.4,164,36.4,5,0.26,0.72,Immediate,45.9,1,4,0,0,1
DEF02089,Low,3.4,103,33.6,5,0.27,0.78,Immediate,46.0,1,4,0,0,1
DEF02090,Medium,9.6,3,3.8,0,0.7,0.78,This Month,20.7,2,2,0,0,1
DEF02091,High,10.0,0,12.2,0,0.02,0.97,This Week,31.6,3,3,0,0,1
DEF02092,Low,4.1,186,35.2,4,0.13,0.96,Immediate,44.3,1,4,0,0,1
DEF02093,Medium,5.2,267,43.0,4,0.1,0.85,Immediate,48.7,2,4,0,0,1
DEF02094,Low,1.7,227,29.3,2,0.16,0.91,Immediate,40.3,1,4,0,0,1
DEF02095,High,3.6,70,13.9,1,0.53,0.85,Immediate,65.7,3,4,0,0,1
DEF02096,Medium,5.9,363,2.8,0,0.13,0.99,Immediate,47.1,2,4,0,0,1
DEF02097,Low,6.4,244,41.2,4,0.89,0.78,Immediate,51.1,1,4,0,0,1
DEF02098,High,3.0,339,37.4,4,0.66,0.82,Immediate,71.7,3,4,0,0,1
DEF02099,Critical,6.0,7,17.0,2,0.81,0.82,Immediate,57.8,4,4,0,0,1
DEF02100,High,10.5,43,24.5,2,0.38,0.75,Immediate,60.4,3,4,0,0,1
DEF02101,High,5.0,372,41.6,6,0.22,0.85,Immediate,72.6,3,4,0,0,1
DEF02102,Medium,1.0,240,23.3,2,0.77,0.89,Immediate,57.9,2,4,0,0,1
DEF02103,Low,9.4,257,35.3,7,0.05,0.78,Immediate,50.3,1,4,0,0,1
DEF02104,Low,9.0,0,26.3,2,0.13,0.83,Programmed,16.2,1,1,0,0,1
DEF02105,Low,5.1,74,37.9,3,0.08,0.81,Immediate,44.6,1,4,0,0,1
DEF02106,Medium,4.0,132,34.1,4,0.94,0.9,Immediate,56.3,2,4,0,0,1
DEF02107,Medium,1.0,181,29.5,3,0.58,0.77,Immediate,58.8,2,4,0,0,1
DEF02108,High,5.0,380,19.8,4,0.24,0.96,Immediate,73.3,3,4,0,0,1
DEF02109,High,11.0,100,7.0,0,0.29,0.77,Immediate,61.1,3,4,0,0,1
DEF02110,Low,6.9,135,37.0,3,0.39,0.92,Immediate,55.1,1,4,0,0,1
DEF02111,Medium,6.8,5,33.3,0,0.76,0.82,This Month,34.1,2,2,0,0,1
DEF02112,Low,2.2,125,32.2,3,0.25,0.71,Immediate,46.2,1,4,0,0,1
DEF02113,Medium,4.4,0,32.3,1,0.02,0.92,This Month,26.1,2,2,0,0,1
DEF02114,Medium,6.3,252,18.3,2,0.25,0.87,Immediate,53.5,2,4,0,0,1
DEF02115,Low,3.2,0,4.4,1,0.99,0.77,Programmed,11.1,1,1,0,0,1
DEF02116,Critical,11.2,386,36.4,1,0.66,0.75,Immediate,73.2,4,4,0,0,1
DEF02117,Low,5.8,25,40.6,5,0.77,0.75,This Week,36.1,1,3,0,0,1
DEF02118,Low,5.4,1,11.9,2,0.68,0.72,Programmed,18.5,1,1,0,0,1
DEF02119,High,5.7,317,3.1,0,0.59,0.76,Immediate,60.8,3,4,0,0,1
DEF02120,High,5.9,106,39.3,6,0.39,0.71,Immediate,76.3,3,4,0,0,1
DEF02121,Medium,4.3,122,12.7,3,0.04,0.95,Immediate,50.6,2,4,0,0,1
DEF02122,Medium,7.1,243,29.1,1,0.73,0.77,Immediate,60.3,2,4,0,0,1
DEF02123,Medium,5.3,255,34.0,5,0.7,0.87,Immediate,54.1,2,4,0,0,1
DEF02124,High,4.5,105,40.7,3,0.72,0.71,Immediate,77.2,3,4,0,0,1
DEF02125,Medium,6.9,219,35.4,3,0.71,0.89,Immediate,58.8,2,4,0,0,1
DEF02126,High,3.1,357,28.1,3,0.38,0.89,Immediate,73.0,3,4,0,0,1
DEF02127,Low,11.7,0,17.4,2,0.22,0.73,Programmed,12.0,1,1,0,0,1
DEF02128,High,3.5,155,17.8,0,0.83,0.97,Immediate,58.8,3,4,0,0,1
DEF02129,High,3.1,227,8.8,0,0.51,0.8,Immediate,60.6,3,4,0,0,1
DEF02130,Low,4.4,70,23.4,6,0.75,0.92,Immediate,45.2,1,4,0,0,1
DEF02131,Low,3.2,105,28.5,5,0.82,0.97,Immediate,47.9,1,4,0,0,1
DEF02132,Low,3.7,0,22.6,2,0.3,0.75,Programmed,18.4,1,1,0,0,1
DEF02133,Medium,2.3,11,14.2,0,0.19,0.76,This Week,28.5,2,3,0,0,1
DEF02134,Medium,3.8,73,10.4,3,0.53,0.82,Immediate,55.1,2,4,0,0,1
DEF02135,Critical,3.5,367,40.7,3,0.56,0.8,Immediate,82.5,4,4,0,0,1
DEF02136,High,10.3,354,20.5,2,0.74,0.72,Immediate,72.2,3,4,0,0,1
DEF02137,Low,4.4,0,38.0,1,0.32,0.95,Programmed,19.8,1,1,0,0,1
DEF02138,Critical,4.3,58,44.5,5,0.71,0.89,Immediate,80.8,4,4,0,0,1
DEF02139,Critical,11.7,282,24.5,1,0.1,0.98,Immediate,83.8,4,4,0,0,1
DEF02140,Low,10.9,0,32.1,3,0.3,0.88,Programmed,24.9,1,1,0,0,1
DEF02141,Critical,12.0,150,11.2,0,0.29,0.89,Immediate,71.2,4,4,0,0,1
DEF02142,Critical,6.2,349,27.5,3,0.79,0.87,Immediate,84.1,4,4,0,0,1
DEF02143,Low,4.0,0,16.4,1,0.16,0.72,Programmed,16.9,1,1,0,0,1
DEF02144,Medium,7.1,287,40.2,3,0.03,0.99,Immediate,51.7,2,4,0,0,1
DEF02145,Low,8.3,163,40.7,5,0.72,0.91,Immediate,51.5,1,4,0,0,1
DEF02146,Medium,3.1,327,17.1,2,0.27,0.91,Immediate,52.4,2,4,0,0,1
DEF02147,Medium,5.5,266,20.6,0,0.06,0.71,Immediate,52.6,2,4,0,0,1
DEF02148,Low,3.1,17,33.3,4,0.75,0.82,This Week,29.6,1,3,0,0,1
DEF02149,High,6.1,209,7.5,0,0.17,0.91,Immediate,59.0,3,4,0,0,1
DEF02150,Low,3.7,242,20.1,2,0.83,0.93,Immediate,38.3,1,4,0,0,1
DEF02151,Low,8.6,226,43.6,3,0.35,0.78,Immediate,40.9,1,4,0,0,1
DEF02152,High,2.8,358,7.0,0,0.84,0.98,Immediate,54.8,3,4,0,0,1
DEF02153,Medium,6.0,193,3.3,1,0.02,0.95,Immediate,48.2,2,4,0,0,1
DEF02154,Medium,8.1,152,34.7,5,0.61,0.75,Immediate,54.4,2,4,0,0,1
DEF02155,Medium,3.9,38,18.9,2,0.6,0.82,Immediate,41.9,2,4,0,0,1
DEF02156,Low,4.0,194,6.5,0,0.28,0.7,Immediate,42.0,1,4,0,0,1
DEF02157,Low,7.2,0,32.9,6,0.7,0.93,Programmed,25.1,1,1,0,0,1
DEF02158,Medium,13.3,10,41.5,1,0.72,0.8,This Month,36.3,2,2,0,0,1
DEF02159,Medium,5.1,277,37.9,3,0.19,0.71,Immediate,56.1,2,4,0,0,1
DEF02160,Critical,3.9,310,27.1,1,0.22,0.81,Immediate,82.2,4,4,0,0,1
DEF02161,High,14.9,304,17.1,1,0.71,0.72,Immediate,62.6,3,4,0,0,1
DEF02162,Medium,4.5,163,29.5,0,0.33,0.9,Immediate,53.5,2,4,0,0,1
DEF02163,Critical,4.3,334,28.5,5,0.15,0.9,Immediate,82.2,4,4,0,0,1
DEF02164,Medium,6.9,168,40.4,3,0.33,0.84,Immediate,53.1,2,4,0,0,1
DEF02165,Medium,6.4,328,40.4,4,0.58,0.8,Immediate,60.7,2,4,0,0,1
DEF02166,High,3.3,53,5.2,2,0.95,0.86,Immediate,65.8,3,4,0,0,1
DEF02167,Medium,12.6,190,44.3,6,0.88,0.95,Immediate,62.9,2,4,0,0,1
DEF02168,Medium,11.7,306,13.2,3,0.04,0.82,Immediate,51.8,2,4,0,0,1
DEF02169,Medium,5.0,76,12.1,0,0.99,0.94,Immediate,49.9,2,4,0,0,1
DEF02170,Critical,17.7,87,38.6,0,0.24,0.9,Immediate,76.7,4,4,0,0,1
DEF02171,Medium,3.7,94,40.4,2,0.33,0.87,Immediate,57.2,2,4,0,0,1
DEF02172,Low,9.1,210,7.2,1,0.59,0.94,Immediate,43.6,1,4,0,0,1
DEF02173,Critical,15.7,391,38.0,5,0.01,0.91,Immediate,85.0,4,4,0,0,1
DEF02174,Medium,6.3,357,22.7,2,0.64,0.87,Immediate,52.3,2,4,0,0,1
DEF02175,Low,3.6,153,9.3,0,0.75,0.73,Immediate,44.2,1,4,0,0,1
DEF02176,Medium,8.7,276,16.7,1,0.89,0.74,Immediate,50.2,2,4,0,0,1
DEF02177,Medium,5.8,358,24.3,2,0.02,0.89,Immediate,45.9,2,4,0,0,1
DEF02178,High,3.5,63,15.5,4,0.11,0.81,Immediate,67.8,3,4,0,0,1
DEF02179,Low,10.1,255,10.3,1,0.2,0.83,Immediate,38.5,1,4,0,0,1
DEF02180,High,6.5,80,30.7,5,0.78,0.95,Immediate,76.4,3,4,0,0,1
DEF02181,High,4.3,165,19.0,2,0.37,0.84,Immediate,66.1,3,4,0,0,1
DEF02182,Low,3.4,131,9.4,1,0.66,0.88,Immediate,38.9,1,4,0,0,1
DEF02183,Low,10.1,101,20.8,3,0.05,0.76,Immediate,44.0,1,4,0,0,1
DEF02184,Low,5.4,0,17.7,2,0.18,0.9,Programmed,10.1,1,1,0,0,1
DEF02185,Low,3.1,0,25.7,4,0.23,0.76,Programmed,16.4,1,1,0,0,1
DEF02186,Low,9.9,0,2.7,0,0.4,0.75,Programmed,8.8,1,1,0,0,1
DEF02187,Medium,3.1,268,18.8,2,0.37,0.81,Immediate,44.4,2,4,0,0,1
DEF02188,Low,3.8,54,37.1,4,0.14,0.89,Immediate,39.8,1,4,0,0,1
DEF02189,High,6.3,171,18.4,3,0.22,0.93,Immediate,56.5,3,4,0,0,1
DEF02190,Medium,2.2,231,2.1,0,0.37,0.81,Immediate,36.6,2,4,0,0,1
DEF02191,Low,4.3,269,5.1,1,0.16,0.82,Immediate,40.1,1,4,0,0,1
DEF02192,High,5.1,26,20.6,1,0.68,0.74,This Week,43.5,3,3,0,0,1
DEF02193,Low,5.8,0,42.4,1,0.21,0.83,Programmed,22.7,1,1,0,0,1
DEF02194,Medium,5.8,60,16.5,1,0.13,0.79,Immediate,62.2,2,4,0,0,1
DEF02195,High,3.1,0,43.9,3,0.24,0.87,This Week,46.2,3,3,0,0,1
DEF02196,Critical,2.9,54,35.8,4,0.08,0.78,Immediate,80.8,4,4,0,0,1
DEF02197,Low,3.1,48,17.4,0,0.83,0.87,Immediate,43.9,1,4,0,0,1
DEF02198,Low,6.6,229,12.3,0,0.63,0.86,Immediate,41.4,1,4,0,0,1
DEF02199,High,4.7,311,16.1,1,0.82,0.87,Immediate,69.9,3,4,0,0,1
DEF02200,Low,1.2,203,23.4,4,0.76,0.96,Immediate,39.4,1,4,0,0,1
DEF02201,Low,9.1,245,32.9,3,0.22,0.7,Immediate,44.3,1,4,0,0,1
DEF02202,Critical,5.4,223,24.2,3,0.25,0.9,Immediate,82.9,4,4,0,0,1
DEF02203,Low,5.3,246,13.6,2,0.56,0.85,Immediate,38.1,1,4,0,0,1
DEF02204,Medium,4.6,241,17.9,1,0.13,0.97,Immediate,50.7,2,4,0,0,1
DEF02205,Medium,11.4,284,40.5,5,0.26,0.81,Immediate,59.9,2,4,0,0,1
DEF02206,Low,2.8,59,21.3,3,0.17,0.82,Immediate,44.8,1,4,0,0,1
DEF02207,Medium,9.0,61,18.2,2,0.39,0.83,Immediate,54.1,2,4,0,0,1
DEF02208,Low,2.2,71,19.1,1,0.56,0.85,Immediate,45.4,1,4,0,0,1
DEF02209,Medium,4.5,110,3.5,0,0.98,0.77,Immediate,43.7,2,4,0,0,1
DEF02210,High,9.0,157,28.3,1,0.67,0.97,Immediate,64.0,3,4,0,0,1
DEF02211,High,13.3,28,42.1,4,0.84,0.86,This Week,57.7,3,3,0,0,1
DEF02212,High,7.2,123,31.4,5,0.33,0.79,Immediate,59.0,3,4,0,0,1
DEF02213,Low,2.0,310,20.8,4,0.93,0.72,Immediate,43.1,1,4,0,0,1
DEF02214,Low,4.8,205,1.2,1,0.21,0.94,Immediate,43.0,1,4,0,0,1
DEF02215,Low,4.7,125,30.2,2,0.3,0.84,Immediate,45.6,1,4,0,0,1
DEF02216,Medium,3.7,194,27.6,3,0.09,0.93,Immediate,53.3,2,4,0,0,1
DEF02217,Medium,2.6,53,20.5,4,0.39,0.94,Immediate,51.8,2,4,0,0,1
DEF02218,Medium,6.3,128,12.1,3,0.21,0.72,Immediate,45.8,2,4,0,0,1
DEF02219,High,5.8,216,36.3,2,0.36,0.77,Immediate,63.9,3,4,0,0,1
DEF02220,Low,4.2,301,44.8,2,0.36,0.73,Immediate,42.3,1,4,0,0,1
DEF02221,Medium,13.2,299,22.9,1,0.99,0.9,Immediate,49.8,2,4,0,0,1
DEF02222,Medium,7.6,308,15.5,0,0.21,0.95,Immediate,51.2,2,4,0,0,1
DEF02223,Low,2.6,210,28.8,2,0.35,0.73,Immediate,46.2,1,4,0,0,1
DEF02224,High,7.3,11,27.4,1,0.18,0.75,This Week,37.4,3,3,0,0,1
DEF02225,High,4.3,4,2.0,0,0.91,0.89,This Week,32.6,3,3,0,0,1
DEF02226,Medium,10.9,202,15.3,4,0.28,0.89,Immediate,60.2,2,4,0,0,1
DEF02227,Medium,11.0,88,13.9,0,0.71,0.82,Immediate,40.7,2,4,0,0,1
DEF02228,Critical,4.6,51,19.8,1,0.78,0.9,Immediate,72.4,4,4,0,0,1
DEF02229,Low,2.3,181,5.0,0,0.77,0.94,Immediate,37.8,1,4,0,0,1
DEF02230,Medium,9.8,218,4.2,0,0.5,0.83,Immediate,42.5,2,4,0,0,1
DEF02231,Medium,11.4,142,36.1,4,0.28,0.88,Immediate,59.0,2,4,0,0,1
DEF02232,Medium,3.1,128,6.8,2,0.13,0.92,Immediate,49.0,2,4,0,0,1
DEF02233,High,15.7,257,44.2,5,0.94,0.92,Immediate,67.9,3,4,0,0,1
DEF02234,Medium,3.0,285,16.5,2,0.91,0.72,Immediate,53.6,2,4,0,0,1
DEF02235,Low,1.5,0,35.6,4,0.16,0.89,Programmed,22.0,1,1,0,0,1
DEF02236,Low,8.7,60,19.6,2,0.71,0.71,Immediate,42.7,1,4,0,0,1
DEF02237,Medium,13.7,127,12.7,1,0.18,0.8,Immediate,45.7,2,4,0,0,1
DEF02238,High,9.7,258,39.4,3,0.3,0.93,Immediate,75.4,3,4,0,0,1
DEF02239,Medium,8.5,152,33.6,3,0.76,0.72,Immediate,59.8,2,4,0,0,1
DEF02240,High,4.4,79,27.0,2,0.51,0.76,Immediate,68.2,3,4,0,0,1
DEF02241,Low,4.7,0,29.8,4,0.6,0.88,Programmed,22.8,1,1,0,0,1
DEF02242,Low,3.2,131,29.1,3,0.02,0.75,Immediate,50.8,1,4,0,0,1
DEF02243,High,7.3,190,27.3,1,0.74,0.82,Immediate,59.6,3,4,0,0,1
DEF02244,High,5.8,61,17.8,0,0.33,0.77,Immediate,74.2,3,4,0,0,1
DEF02245,Medium,3.5,330,2.2,0,0.1,0.79,Immediate,41.7,2,4,0,0,1
DEF02246,Medium,7.1,347,44.1,7,0.13,0.94,Immediate,66.1,2,4,0,0,1
DEF02247,Low,5.3,96,40.7,6,0.63,0.98,Immediate,51.4,1,4,0,0,1
DEF02248,Low,4.2,229,33.0,4,0.72,0.7,Immediate,43.8,1,4,0,0,1
DEF02249,Medium,12.4,222,4.2,0,0.65,0.95,Immediate,43.8,2,4,0,0,1
DEF02250,Medium,7.1,366,40.2,3,0.19,0.71,Immediate,52.2,2,4,0,0,1
DEF02251,Low,4.1,0,43.1,3,0.56,0.93,Programmed,28.4,1,1,0,0,1
DEF02252,High,15.7,250,15.1,1,0.76,0.97,Immediate,61.6,3,4,0,0,1
DEF02253,Low,3.5,38,9.4,0,0.21,0.73,Immediate,29.9,1,4,0,0,1
DEF02254,Medium,5.1,169,7.7,0,0.12,0.73,Immediate,41.5,2,4,0,0,1
DEF02255,High,9.0,98,19.8,2,0.68,0.73,Immediate,68.3,3,4,0,0,1
DEF02256,Medium,7.6,0,11.0,0,0.69,0.88,This Month,22.8,2,2,0,0,1
DEF02257,Critical,10.8,19,41.8,5,0.88,0.89,Immediate,68.6,4,4,0,0,1
DEF02258,Critical,3.6,310,38.2,1,0.91,0.83,Immediate,78.9,4,4,0,0,1
DEF02259,Medium,1.9,38,41.0,5,0.58,0.98,Immediate,53.5,2,4,0,0,1
DEF02260,High,12.7,110,41.5,3,0.62,0.71,Immediate,69.3,3,4,0,0,1
DEF02261,Critical,5.8,388,43.6,5,1.0,0.85,Immediate,85.0,4,4,0,0,1
DEF02262,Low,6.8,176,6.7,1,0.34,0.75,Immediate,31.1,1,4,0,0,1
DEF02263,High,6.3,150,4.6,0,0.21,0.98,Immediate,56.9,3,4,0,0,1
DEF02264,Medium,4.8,108,1.1,1,0.18,0.89,Immediate,46.0,2,4,0,0,1
DEF02265,Critical,8.2,39,40.4,4,0.19,0.88,Immediate,75.3,4,4,0,0,1
DEF02266,Medium,3.3,155,31.9,4,0.07,0.96,Immediate,58.6,2,4,0,0,1
DEF02267,Medium,10.5,163,26.3,6,0.08,0.75,Immediate,51.0,2,4,0,0,1
DEF02268,High,14.8,25,4.3,0,0.82,0.77,This Week,44.7,3,3,0,0,1
DEF02269,Low,8.8,266,29.9,6,0.81,0.9,Immediate,48.1,1,4,0,0,1
DEF02270,High,2.3,0,33.7,4,0.15,0.91,This Week,50.7,3,3,0,0,1
DEF02271,Critical,6.8,294,4.8,1,0.08,0.71,Immediate,71.5,4,4,0,0,1
DEF02272,High,13.5,13,31.9,1,0.32,0.99,This Week,50.5,3,3,0,0,1
DEF02273,High,9.9,16,33.1,5,0.93,0.78,This Week,57.3,3,3,0,0,1
DEF02274,Medium,4.6,0,32.6,4,0.64,0.8,This Month,28.3,2,2,0,0,1
DEF02275,Low,1.3,0,40.3,6,0.03,0.92,Programmed,21.1,1,1,0,0,1
DEF02276,High,13.6,125,12.0,1,0.74,0.82,Immediate,62.9,3,4,0,0,1
DEF02277,Medium,3.9,87,36.0,5,0.52,0.76,Immediate,56.9,2,4,0,0,1
DEF02278,Critical,11.1,203,36.8,4,0.55,0.79,Immediate,83.3,4,4,0,0,1
DEF02279,Low,4.7,0,8.9,0,0.1,0.78,Programmed,11.5,1,1,0,0,1
DEF02280,Low,2.4,80,36.0,4,0.64,0.99,Immediate,46.2,1,4,0,0,1
DEF02281,High,6.0,35,10.8,1,0.02,0.8,Immediate,46.2,3,4,0,0,1
DEF02282,Low,2.4,152,29.3,3,0.4,0.95,Immediate,40.2,1,4,0,0,1
DEF02283,Low,6.4,103,39.3,2,0.33,0.79,Immediate,44.6,1,4,0,0,1
DEF02284,High,3.3,0,26.8,1,0.59,0.95,This Week,46.3,3,3,0,0,1
DEF02285,Medium,5.0,24,15.7,1,0.93,0.95,This Week,35.1,2,3,0,0,1
DEF02286,Low,2.7,224,21.0,1,0.24,0.77,Immediate,40.9,1,4,0,0,1
DEF02287,Medium,11.2,1,28.0,5,0.57,0.99,This Month,23.7,2,2,0,0,1
DEF02288,Critical,5.8,50,29.0,5,0.15,0.82,Immediate,72.9,4,4,0,0,1
DEF02289,High,3.3,9,4.4,0,0.15,0.91,This Week,38.7,3,3,0,0,1
DEF02290,Low,4.6,274,4.0,0,0.31,0.72,Immediate,38.4,1,4,0,0,1
DEF02291,Medium,6.7,185,15.7,2,0.29,0.82,Immediate,48.7,2,4,0,0,1
DEF02292,High,3.7,24,22.6,2,0.92,0.88,This Week,54.3,3,3,0,0,1
DEF02293,Medium,8.2,179,18.7,3,0.75,0.82,Immediate,55.2,2,4,0,0,1
DEF02294,High,2.9,41,25.9,10,0.05,0.91,Immediate,66.7,3,4,0,0,1
DEF02295,High,14.0,287,7.3,1,0.28,0.94,Immediate,65.0,3,4,0,0,1
DEF02296,High,8.0,73,30.8,2,0.68,0.93,Immediate,72.3,3,4,0,0,1
DEF02297,Medium,13.8,213,31.6,3,0.05,0.93,Immediate,50.5,2,4,0,0,1
DEF02298,High,6.6,279,6.2,2,0.2,0.88,Immediate,61.4,3,4,0,0,1
DEF02299,Medium,1.9,92,20.2,1,0.51,0.94,Immediate,50.6,2,4,0,0,1
DEF02300,High,5.6,229,25.7,1,0.6,0.8,Immediate,63.5,3,4,0,0,1
DEF02301,Medium,7.4,13,26.4,4,0.53,0.79,This Week,32.6,2,3,0,0,1
DEF02302,Medium,5.2,17,1.5,0,0.04,0.92,This Week,20.5,2,3,0,0,1
DEF02303,Low,2.4,154,12.3,0,0.06,0.81,Immediate,46.6,1,4,0,0,1
DEF02304,High,15.4,118,30.9,1,0.04,0.8,Immediate,61.1,3,4,0,0,1
DEF02305,Critical,7.3,266,5.1,0,0.04,0.79,Immediate,71.8,4,4,0,0,1
DEF02306,Low,7.7,322,23.3,1,0.0,0.92,Immediate,48.1,1,4,0,0,1
DEF02307,Medium,10.8,57,28.5,4,0.91,0.96,Immediate,56.0,2,4,0,0,1
DEF02308,High,5.4,104,37.3,3,0.52,0.77,Immediate,63.7,3,4,0,0,1
DEF02309,High,6.0,280,37.6,3,0.27,0.75,Immediate,69.2,3,4,0,0,1
DEF02310,Low,10.2,0,6.0,1,0.14,0.97,Programmed,10.7,1,1,0,0,1
DEF02311,High,12.3,283,6.7,0,0.54,0.77,Immediate,62.1,3,4,0,0,1
DEF02312,High,7.5,331,19.2,2,0.76,0.77,Immediate,61.4,3,4,0,0,1
DEF02313,Medium,11.4,317,42.7,6,0.35,0.76,Immediate,59.1,2,4,0,0,1
DEF02314,Critical,17.1,330,42.0,5,0.4,0.82,Immediate,77.7,4,4,0,0,1
DEF02315,Medium,7.9,111,18.6,3,0.38,0.72,Immediate,62.0,2,4,0,0,1
DEF02316,Medium,2.7,262,31.7,5,0.89,0.75,Immediate,57.2,2,4,0,0,1
DEF02317,Critical,5.5,165,12.9,0,0.17,0.8,Immediate,65.9,4,4,0,0,1
DEF02318,High,7.9,238,3.6,1,0.11,0.85,Immediate,61.0,3,4,0,0,1
DEF02319,High,6.8,256,30.1,5,0.89,0.89,Immediate,64.3,3,4,0,0,1
DEF02320,High,7.2,110,27.0,3,0.14,0.82,Immediate,65.7,3,4,0,0,1
DEF02321,Critical,5.9,239,44.9,2,0.1,0.87,Immediate,81.3,4,4,0,0,1
DEF02322,Medium,6.9,252,15.8,4,0.84,0.92,Immediate,46.1,2,4,0,0,1
DEF02323,Low,4.5,0,11.7,1,0.12,0.83,Programmed,16.3,1,1,0,0,1
DEF02324,Medium,3.6,255,5.7,0,0.26,0.94,Immediate,45.0,2,4,0,0,1
DEF02325,Low,10.6,105,38.8,4,0.29,0.81,Immediate,45.5,1,4,0,0,1
DEF02326,Medium,11.8,282,28.7,2,0.16,0.87,Immediate,48.0,2,4,0,0,1
DEF02327,Low,4.8,162,22.9,1,0.26,0.98,Immediate,51.9,1,4,0,0,1
DEF02328,Low,1.7,79,19.4,1,0.81,0.94,Immediate,32.3,1,4,0,0,1
DEF02329,Low,3.9,0,8.7,1,0.6,0.96,Programmed,14.4,1,1,0,0,1
DEF02330,High,15.2,230,18.6,3,0.34,0.86,Immediate,60.1,3,4,0,0,1
DEF02331,Medium,9.8,155,5.3,1,0.52,0.77,Immediate,42.6,2,4,0,0,1
DEF02332,High,15.5,1,12.5,1,0.13,0.74,This Week,35.9,3,3,0,0,1
DEF02333,Medium,4.1,300,7.0,1,0.56,0.82,Immediate,44.1,2,4,0,0,1
DEF02334,High,14.9,352,23.4,1,0.61,0.78,Immediate,63.1,3,4,0,0,1
DEF02335,Low,10.4,0,34.1,1,0.61,0.8,Programmed,25.3,1,1,0,0,1
DEF02336,Critical,10.3,197,6.8,2,0.07,0.95,Immediate,72.9,4,4,0,0,1
DEF02337,Medium,6.3,323,18.4,1,0.25,0.84,Immediate,54.7,2,4,0,0,1
DEF02338,Medium,2.3,50,6.6,0,0.7,0.88,Immediate,39.9,2,4,0,0,1
DEF02339,High,3.1,243,19.2,3,0.08,0.8,Immediate,68.8,3,4,0,0,1
DEF02340,Low,3.9,89,7.9,0,0.66,0.84,Immediate,32.4,1,4,0,0,1
DEF02341,High,3.3,217,17.8,2,0.9,0.9,Immediate,67.2,3,4,0,0,1
DEF02342,Medium,2.3,0,32.5,3,0.6,0.86,This Month,33.1,2,2,0,0,1
DEF02343,High,6.7,14,19.4,1,0.18,0.71,This Week,42.6,3,3,0,0,1
DEF02344,Low,2.6,139,14.2,1,0.2,0.95,Immediate,32.9,1,4,0,0,1
DEF02345,Medium,3.8,378,19.5,0,0.64,0.85,Immediate,47.3,2,4,0,0,1
DEF02346,Critical,5.7,263,26.6,0,0.74,0.72,Immediate,79.0,4,4,0,0,1
DEF02347,High,3.7,265,27.3,2,0.11,0.89,Immediate,56.6,3,4,0,0,1
DEF02348,Medium,4.5,97,25.4,5,0.38,0.98,Immediate,59.0,2,4,0,0,1
DEF02349,Medium,2.6,52,28.4,2,0.08,0.84,Immediate,46.5,2,4,0,0,1
DEF02350,High,14.6,153,8.8,2,0.54,0.81,Immediate,60.8,3,4,0,0,1
DEF02351,High,13.9,49,41.4,5,0.96,0.94,Immediate,68.5,3,4,0,0,1
DEF02352,Medium,6.9,218,11.3,1,0.01,0.85,Immediate,50.8,2,4,0,0,1
DEF02353,Medium,2.5,189,1.1,0,0.87,0.93,Immediate,47.6,2,4,0,0,1
DEF02354,Medium,7.9,339,35.7,5,0.96,0.93,Immediate,61.2,2,4,0,0,1
DEF02355,Medium,3.6,0,8.2,0,0.23,0.72,This Month,18.6,2,2,0,0,1
DEF02356,Low,1.8,308,42.5,8,0.17,0.88,Immediate,62.6,1,4,0,0,1
DEF02357,High,8.3,87,4.2,0,0.73,0.79,Immediate,59.0,3,4,0,0,1
DEF02358,Medium,11.5,78,26.9,2,0.02,0.83,Immediate,55.5,2,4,0,0,1
DEF02359,Medium,4.7,307,4.0,0,0.15,0.74,Immediate,50.7,2,4,0,0,1
DEF02360,Medium,9.1,0,38.8,1,0.35,0.98,This Month,31.5,2,2,0,0,1
DEF02361,Medium,9.8,369,27.8,3,0.91,0.86,Immediate,55.2,2,4,0,0,1
DEF02362,Low,5.0,95,40.4,4,0.18,0.85,Immediate,54.2,1,4,0,0,1
DEF02363,Low,4.9,280,43.4,5,0.31,0.75,Immediate,53.9,1,4,0,0,1
DEF02364,High,8.0,93,15.7,1,0.71,0.83,Immediate,66.0,3,4,0,0,1
DEF02365,Low,7.8,6,3.5,0,0.21,0.79,Programmed,15.9,1,1,0,0,1
DEF02366,Medium,6.1,250,11.2,1,0.34,0.75,Immediate,48.8,2,4,0,0,1
DEF02367,High,1.0,62,1.3,1,0.18,0.94,Immediate,59.6,3,4,0,0,1
DEF02368,Low,5.7,168,26.0,2,0.27,0.77,Immediate,46.7,1,4,0,0,1
DEF02369,Medium,7.7,9,7.9,0,0.11,0.72,This Month,27.3,2,2,0,0,1
DEF02370,High,3.9,128,39.1,4,0.05,0.74,Immediate,69.2,3,4,0,0,1
DEF02371,Critical,16.5,274,2.5,0,0.62,0.72,Immediate,73.8,4,4,0,0,1
DEF02372,High,4.7,376,22.5,2,0.5,0.86,Immediate,65.8,3,4,0,0,1
DEF02373,High,10.9,181,34.0,3,0.54,0.7,Immediate,69.8,3,4,0,0,1
DEF02374,Medium,5.2,217,27.6,3,0.15,0.93,Immediate,56.8,2,4,0,0,1
DEF02375,Medium,5.6,19,25.5,0,0.39,0.83,This Week,34.6,2,3,0,0,1
DEF02376,Medium,6.2,0,15.0,2,0.59,0.8,This Month,20.7,2,2,0,0,1
DEF02377,High,7.0,100,30.7,6,0.9,0.9,Immediate,74.7,3,4,0,0,1
DEF02378,High,4.1,134,15.6,3,0.56,0.91,Immediate,58.3,3,4,0,0,1
DEF02379,Medium,2.9,268,27.2,5,0.36,0.95,Immediate,64.4,2,4,0,0,1
DEF02380,Low,4.4,229,17.6,0,0.94,0.93,Immediate,41.7,1,4,0,0,1
DEF02381,High,13.7,275,38.7,2,0.06,0.95,Immediate,73.1,3,4,0,0,1
DEF02382,High,5.4,74,31.2,4,0.19,0.77,Immediate,70.7,3,4,0,0,1
DEF02383,Medium,14.0,225,12.1,1,0.01,0.71,Immediate,52.3,2,4,0,0,1
DEF02384,Low,3.9,12,24.1,5,0.02,0.75,This Week,22.6,1,3,0,0,1
DEF02385,Medium,8.5,45,6.2,0,0.39,0.92,Immediate,35.9,2,4,0,0,1
DEF02386,Low,2.0,131,14.5,2,0.64,0.94,Immediate,36.5,1,4,0,0,1
DEF02387,High,11.1,238,23.6,3,0.57,0.86,Immediate,75.6,3,4,0,0,1
DEF02388,Low,3.2,147,11.8,1,0.3,0.92,Immediate,35.0,1,4,0,0,1
DEF02389,Medium,2.7,354,8.6,3,0.29,0.9,Immediate,52.6,2,4,0,0,1
DEF02390,High,4.4,18,19.6,0,0.56,0.84,This Week,42.0,3,3,0,0,1
DEF02391,Critical,17.1,243,21.8,1,0.27,0.81,Immediate,73.6,4,4,0,0,1
DEF02392,Medium,6.4,180,33.8,5,0.22,0.72,Immediate,51.8,2,4,0,0,1
DEF02393,High,5.5,54,7.4,0,0.51,0.97,Immediate,62.4,3,4,0,0,1
DEF02394,High,5.5,353,15.2,1,0.71,0.79,Immediate,67.2,3,4,0,0,1
DEF02395,Medium,5.3,273,4.3,0,0.25,0.98,Immediate,47.3,2,4,0,0,1
DEF02396,High,6.1,211,40.6,3,0.02,0.96,Immediate,67.5,3,4,0,0,1
DEF02397,Low,4.5,93,1.4,0,0.02,0.89,Immediate,35.0,1,4,0,0,1
DEF02398,Low,5.5,0,18.9,0,0.22,0.73,Programmed,7.6,1,1,0,0,1
DEF02399,Critical,5.0,330,15.6,2,0.19,0.83,Immediate,76.7,4,4,0,0,1
DEF02400,Low,6.0,32,27.8,3,0.87,0.71,Immediate,31.1,1,4,0,0,1
DEF02401,Critical,4.1,41,26.4,1,0.14,0.88,Immediate,72.9,4,4,0,0,1
DEF02402,Medium,5.2,156,24.4,2,0.22,0.81,Immediate,58.2,2,4,0,0,1
DEF02403,High,5.6,195,10.0,1,0.1,0.88,Immediate,68.4,3,4,0,0,1
DEF02404,Critical,17.0,327,27.7,2,0.37,0.91,Immediate,76.1,4,4,0,0,1
DEF02405,Medium,12.7,79,31.9,2,0.15,0.79,Immediate,48.2,2,4,0,0,1
DEF02406,Medium,5.1,83,34.0,3,0.33,0.88,Immediate,55.7,2,4,0,0,1
DEF02407,Medium,4.6,0,5.9,0,0.01,0.79,This Month,22.6,2,2,0,0,1
DEF02408,Critical,5.4,47,4.4,1,0.21,0.79,Immediate,62.9,4,4,0,0,1
DEF02409,Low,2.6,50,4.7,2,0.37,0.85,Immediate,42.4,1,4,0,0,1
DEF02410,Low,4.3,0,17.9,2,0.16,0.71,Programmed,20.7,1,1,0,0,1
DEF02411,Low,6.0,0,7.4,0,0.32,0.83,Programmed,5.8,1,1,0,0,1
DEF02412,Critical,4.8,256,35.9,5,0.18,0.79,Immediate,86.0,4,4,0,0,1
DEF02413,Medium,3.6,335,31.5,4,0.52,0.76,Immediate,52.9,2,4,0,0,1
DEF02414,Medium,5.0,35,24.4,2,0.95,0.95,Immediate,42.0,2,4,0,0,1
DEF02415,Low,11.2,0,13.8,0,0.32,0.9,Programmed,16.4,1,1,0,0,1
DEF02416,Medium,2.5,59,42.0,4,0.03,0.91,Immediate,58.4,2,4,0,0,1
DEF02417,Low,2.7,100,25.5,2,0.17,0.84,Immediate,44.9,1,4,0,0,1
DEF02418,Medium,6.0,347,42.6,4,0.97,0.71,Immediate,58.9,2,4,0,0,1
DEF02419,Low,3.6,0,11.5,1,0.3,0.96,Programmed,16.3,1,1,0,0,1
DEF02420,High,7.0,166,14.0,1,0.92,0.86,Immediate,66.2,3,4,0,0,1
DEF02421,Medium,8.1,321,40.0,3,0.37,0.96,Immediate,56.7,2,4,0,0,1
DEF02422,Low,9.8,61,18.9,1,0.36,0.87,Immediate,41.8,1,4,0,0,1
DEF02423,Critical,2.0,197,19.9,5,0.31,0.77,Immediate,80.4,4,4,0,0,1
DEF02424,Critical,16.3,218,41.2,8,0.04,0.91,Immediate,98.3,4,4,0,0,1
DEF02425,Medium,12.7,181,11.1,4,0.84,0.72,Immediate,54.0,2,4,0,0,1
DEF02426,Medium,5.6,90,6.4,1,0.31,0.74,Immediate,41.5,2,4,0,0,1
DEF02427,Critical,4.7,240,28.3,2,0.81,0.76,Immediate,79.6,4,4,0,0,1
DEF02428,Critical,10.2,18,39.0,6,0.23,0.77,Immediate,64.1,4,4,0,0,1
DEF02429,Medium,6.7,7,39.0,2,0.73,0.94,This Month,34.6,2,2,0,0,1
DEF02430,Low,9.5,0,12.6,0,0.6,0.78,Programmed,17.7,1,1,0,0,1
DEF02431,Medium,2.5,0,16.6,2,0.26,0.91,This Month,17.7,2,2,0,0,1
DEF02432,Critical,9.8,263,2.5,0,0.04,0.71,Immediate,69.4,4,4,0,0,1
DEF02433,Critical,10.8,87,23.3,4,0.11,0.97,Immediate,78.8,4,4,0,0,1
DEF02434,High,14.4,373,28.0,1,0.11,0.75,Immediate,67.9,3,4,0,0,1
DEF02435,Critical,4.8,158,3.3,0,0.03,0.71,Immediate,69.2,4,4,0,0,1
DEF02436,Medium,12.8,130,14.3,0,0.94,0.79,Immediate,50.8,2,4,0,0,1
DEF02437,Medium,5.7,43,27.0,9,0.34,0.98,Immediate,57.1,2,4,0,0,1
DEF02438,High,1.5,250,14.2,1,0.91,0.86,Immediate,66.0,3,4,0,0,1
DEF02439,High,1.7,161,7.2,2,0.05,0.74,Immediate,60.7,3,4,0,0,1
DEF02440,High,4.6,389,27.0,1,0.68,0.8,Immediate,60.2,3,4,0,0,1
DEF02441,High,5.3,221,3.7,0,0.37,0.79,Immediate,60.5,3,4,0,0,1
DEF02442,High,5.0,0,39.1,6,0.36,0.71,This Week,54.0,3,3,0,0,1
DEF02443,Low,6.6,27,40.2,6,0.68,0.79,This Week,32.8,1,3,0,0,1
DEF02444,Medium,5.0,133,26.4,2,0.13,0.76,Immediate,53.0,2,4,0,0,1
DEF02445,High,3.9,8,35.7,3,0.25,0.95,This Week,46.3,3,3,0,0,1
DEF02446,Low,2.7,49,32.6,3,0.15,0.88,Immediate,35.8,1,4,0,0,1
DEF02447,Low,6.4,190,42.2,2,0.91,0.91,Immediate,47.4,1,4,0,0,1
DEF02448,Medium,12.1,291,9.7,1,0.24,0.92,Immediate,48.7,2,4,0,0,1
DEF02449,Medium,5.0,341,32.3,3,0.09,0.96,Immediate,54.6,2,4,0,0,1
DEF02450,High,8.0,24,4.2,2,0.22,0.77,This Week,43.9,3,3,0,0,1
DEF02451,Low,4.5,222,38.9,3,0.3,0.8,Immediate,52.1,1,4,0,0,1
DEF02452,Critical,19.4,320,36.4,4,0.26,0.79,Immediate,78.9,4,4,0,0,1
DEF02453,High,14.0,266,40.7,4,0.13,0.76,Immediate,76.5,3,4,0,0,1
DEF02454,Critical,9.8,197,41.0,1,0.28,0.86,Immediate,80.1,4,4,0,0,1
DEF02455,High,13.5,69,35.2,3,0.94,0.8,Immediate,70.1,3,4,0,0,1
DEF02456,High,2.9,107,15.7,0,0.36,0.71,Immediate,64.6,3,4,0,0,1
DEF02457,Medium,11.5,44,12.7,1,0.8,0.75,Immediate,45.9,2,4,0,0,1
DEF02458,Medium,7.2,252,11.5,0,0.06,0.91,Immediate,49.5,2,4,0,0,1
DEF02459,Medium,9.0,4,25.0,4,0.89,0.85,This Month,30.5,2,2,0,0,1
DEF02460,Medium,4.0,338,42.5,5,0.58,0.95,Immediate,53.4,2,4,0,0,1
DEF02461,Low,3.6,82,9.8,2,0.32,0.87,Immediate,50.0,1,4,0,0,1
DEF02462,Medium,13.7,62,30.3,1,0.66,0.76,Immediate,58.6,2,4,0,0,1
DEF02463,Medium,3.8,181,18.4,1,0.34,0.89,Immediate,53.0,2,4,0,0,1
DEF02464,Critical,7.1,242,16.8,0,0.59,0.73,Immediate,78.8,4,4,0,0,1
DEF02465,High,2.6,227,20.4,2,0.23,0.81,Immediate,56.1,3,4,0,0,1
DEF02466,Low,4.8,89,30.1,2,0.36,0.89,Immediate,39.1,1,4,0,0,1
DEF02467,Medium,3.4,265,13.1,1,0.65,0.99,Immediate,48.7,2,4,0,0,1
DEF02468,Low,10.6,127,1.1,0,0.54,0.92,Immediate,40.8,1,4,0,0,1
DEF02469,Medium,6.2,43,17.6,3,0.78,0.74,Immediate,53.5,2,4,0,0,1
DEF02470,Medium,4.7,47,22.0,3,0.79,0.81,Immediate,50.6,2,4,0,0,1
DEF02471,Medium,7.1,297,5.9,0,0.78,0.89,Immediate,45.9,2,4,0,0,1
DEF02472,High,3.9,159,7.9,1,0.06,0.82,Immediate,59.6,3,4,0,0,1
DEF02473,Low,2.3,0,1.8,0,0.72,0.75,Programmed,6.3,1,1,0,0,1
DEF02474,Medium,5.0,52,25.0,4,0.12,0.81,Immediate,49.8,2,4,0,0,1
DEF02475,Low,3.7,147,32.7,6,0.26,0.94,Immediate,57.2,1,4,0,0,1
DEF02476,Low,6.3,113,31.2,1,0.22,0.91,Immediate,42.6,1,4,0,0,1
DEF02477,Medium,5.6,316,33.1,4,0.05,0.7,Immediate,57.9,2,4,0,0,1
DEF02478,Medium,2.6,319,15.2,3,0.4,0.7,Immediate,51.7,2,4,0,0,1
DEF02479,Critical,10.8,221,22.3,2,0.96,0.73,Immediate,79.4,4,4,0,0,1
DEF02480,Medium,5.0,0,17.4,1,0.64,0.77,This Month,24.6,2,2,0,0,1
DEF02481,Medium,3.1,308,21.9,6,0.15,0.97,Immediate,53.7,2,4,0,0,1
DEF02482,Low,4.9,284,26.3,1,0.8,0.9,Immediate,47.8,1,4,0,0,1
DEF02483,High,4.0,47,44.9,5,0.37,0.71,Immediate,63.9,3,4,0,0,1
DEF02484,High,8.2,278,18.5,2,0.03,0.81,Immediate,63.7,3,4,0,0,1
DEF02485,Low,1.5,0,21.7,2,0.89,0.7,Programmed,26.8,1,1,0,0,1
DEF02486,High,5.8,305,18.7,4,0.05,0.87,Immediate,63.7,3,4,0,0,1
DEF02487,Low,5.5,30,5.4,0,0.13,0.8,This Week,26.6,1,3,0,0,1
DEF02488,High,14.6,1,44.1,1,0.06,0.89,This Week,38.1,3,3,0,0,1
DEF02489,Low,1.0,223,45.0,6,0.93,0.95,Immediate,49.6,1,4,0,0,1
DEF02490,Medium,7.3,305,24.6,4,0.05,0.85,Immediate,52.4,2,4,0,0,1
DEF02491,Low,10.4,29,32.9,2,0.39,0.75,This Week,32.1,1,3,0,0,1
DEF02492,High,7.7,264,6.0,0,0.19,0.86,Immediate,59.4,3,4,0,0,1
DEF02493,Critical,3.5,39,33.8,5,0.62,0.74,Immediate,71.2,4,4,0,0,1
DEF02494,Low,2.6,154,28.0,1,0.17,0.81,Immediate,38.0,1,4,0,0,1
DEF02495,High,8.2,216,10.4,1,0.74,0.91,Immediate,64.1,3,4,0,0,1
DEF02496,Critical,4.9,44,17.6,1,0.15,0.78,Immediate,71.9,4,4,0,0,1
DEF02497,High,13.0,334,14.0,2,0.11,0.73,Immediate,62.8,3,4,0,0,1
DEF02498,Medium,13.4,239,16.9,1,0.22,0.76,Immediate,49.3,2,4,0,0,1
DEF02499,Medium,1.1,177,42.9,4,0.24,0.95,Immediate,58.8,2,4,0,0,1
DEF02500,High,3.3,0,35.3,2,0.06,0.77,This Week,36.5,3,3,0,0,1
DEF02501,Medium,3.3,0,8.0,0,0.89,0.81,This Month,14.9,2,2,0,0,1
DEF02502,Low,3.9,90,13.3,0,0.22,0.88,Immediate,41.7,1,4,0,0,1
DEF02503,High,11.3,292,9.9,2,0.89,0.94,Immediate,57.4,3,4,0,0,1
DEF02504,Critical,5.2,162,40.1,3,0.56,0.92,Immediate,71.2,4,4,0,0,1
DEF02505,High,15.8,241,7.0,1,0.09,0.92,Immediate,62.1,3,4,0,0,1
DEF02506,Medium,4.5,308,31.3,2,0.85,0.87,Immediate,54.7,2,4,0,0,1
DEF02507,Medium,11.5,170,10.9,0,0.4,0.8,Immediate,43.4,2,4,0,0,1
DEF02508,High,6.2,0,10.3,1,0.37,0.71,This Week,33.3,3,3,0,0,1
DEF02509,High,5.0,22,43.6,6,0.16,0.99,This Week,51.4,3,3,0,0,1
DEF02510,Medium,5.6,215,43.1,7,0.39,0.76,Immediate,60.9,2,4,0,0,1
DEF02511,Medium,12.3,214,20.2,1,0.04,0.78,Immediate,52.8,2,4,0,0,1
DEF02512,Low,4.2,342,11.0,4,0.79,0.71,Immediate,41.2,1,4,0,0,1
DEF02513,Low,2.6,51,15.6,2,0.05,0.74,Immediate,31.9,1,4,0,0,1
DEF02514,High,7.3,204,27.8,6,0.3,0.87,Immediate,77.3,3,4,0,0,1
DEF02515,Medium,12.3,213,33.8,2,0.38,0.89,Immediate,59.4,2,4,0,0,1
DEF02516,High,4.4,234,37.0,2,0.33,0.73,Immediate,59.2,3,4,0,0,1
DEF02517,Medium,8.7,351,36.9,4,0.28,0.87,Immediate,60.6,2,4,0,0,1
DEF02518,Critical,2.2,114,16.7,3,0.69,0.76,Immediate,83.9,4,4,0,0,1
DEF02519,Medium,3.8,286,38.4,1,0.04,0.92,Immediate,54.7,2,4,0,0,1
DEF02520,Medium,2.5,198,33.2,1,0.82,0.94,Immediate,58.3,2,4,0,0,1
DEF02521,Medium,4.3,307,19.1,2,0.1,0.79,Immediate,57.5,2,4,0,0,1
DEF02522,Medium,9.2,92,1.9,0,0.0,0.76,Immediate,51.0,2,4,0,0,1
DEF02523,High,4.4,119,38.5,6,0.62,0.72,Immediate,73.5,3,4,0,0,1
DEF02524,Medium,7.1,229,4.4,0,0.64,0.74,Immediate,44.4,2,4,0,0,1
DEF02525,Low,2.9,237,36.9,7,0.08,0.71,Immediate,46.2,1,4,0,0,1
DEF02526,High,3.0,130,21.5,2,0.19,0.72,Immediate,69.3,3,4,0,0,1
DEF02527,Critical,12.4,56,41.9,4,0.03,0.75,Immediate,86.0,4,4,0,0,1
DEF02528,Low,10.4,63,18.1,3,0.18,0.83,Immediate,38.1,1,4,0,0,1
DEF02529,Medium,2.8,219,25.7,3,0.28,0.96,Immediate,56.8,2,4,0,0,1
DEF02530,High,7.6,130,33.1,2,0.04,0.79,Immediate,74.8,3,4,0,0,1
DEF02531,Low,4.1,12,4.9,2,0.21,0.95,This Week,17.0,1,3,0,0,1
DEF02532,High,5.2,229,5.6,0,0.22,0.82,Immediate,60.5,3,4,0,0,1
DEF02533,Low,11.4,224,31.3,2,0.13,0.76,Immediate,46.5,1,4,0,0,1
DEF02534,Medium,2.3,329,39.9,4,0.14,0.96,Immediate,49.9,2,4,0,0,1
DEF02535,Medium,4.3,175,39.6,5,0.66,0.81,Immediate,63.0,2,4,0,0,1
DEF02536,Medium,6.4,31,24.8,2,0.54,0.79,Immediate,41.9,2,4,0,0,1
DEF02537,High,13.0,142,33.6,6,0.86,0.72,Immediate,75.7,3,4,0,0,1
DEF02538,Low,7.1,0,25.2,3,0.82,0.98,Programmed,18.4,1,1,0,0,1
DEF02539,Critical,17.1,84,11.5,1,0.07,0.86,Immediate,69.9,4,4,0,0,1
DEF02540,Critical,17.6,131,30.4,6,0.31,0.8,Immediate,82.4,4,4,0,0,1
DEF02541,Medium,3.3,41,36.3,1,0.1,0.98,Immediate,48.0,2,4,0,0,1
DEF02542,High,6.4,185,26.4,5,0.08,0.83,Immediate,64.9,3,4,0,0,1
DEF02543,Low,1.0,0,32.7,4,0.6,0.87,Programmed,17.0,1,1,0,0,1
DEF02544,Critical,8.7,162,40.4,2,0.53,0.98,Immediate,81.1,4,4,0,0,1
DEF02545,Low,8.0,69,41.2,9,0.78,0.84,Immediate,53.5,1,4,0,0,1
DEF02546,Medium,6.6,32,6.7,1,0.89,0.99,Immediate,40.0,2,4,0,0,1
DEF02547,High,8.3,234,43.2,4,0.32,0.78,Immediate,69.6,3,4,0,0,1
DEF02548,Low,7.4,0,33.0,0,0.03,0.82,Programmed,13.7,1,1,0,0,1
DEF02549,High,3.7,213,12.0,0,0.39,0.82,Immediate,57.4,3,4,0,0,1
DEF02550,High,10.3,393,8.0,1,0.37,0.95,Immediate,69.5,3,4,0,0,1
DEF02551,Medium,7.2,149,43.0,5,0.38,0.94,Immediate,65.4,2,4,0,0,1
DEF02552,Medium,12.8,153,16.8,2,0.9,0.83,Immediate,50.3,2,4,0,0,1
DEF02553,High,7.3,320,4.2,0,0.84,0.89,Immediate,57.2,3,4,0,0,1
DEF02554,Low,6.8,187,9.9,0,0.91,0.87,Immediate,43.9,1,4,0,0,1
DEF02555,Critical,6.9,125,15.1,0,0.16,0.84,Immediate,71.7,4,4,0,0,1
DEF02556,Critical,4.6,186,14.7,3,0.38,0.93,Immediate,70.7,4,4,0,0,1
DEF02557,Low,10.2,34,32.6,3,0.27,0.72,Immediate,38.1,1,4,0,0,1
DEF02558,Medium,11.1,34,17.1,1,0.38,0.7,Immediate,42.7,2,4,0,0,1
DEF02559,Critical,7.1,212,26.6,2,0.93,0.92,Immediate,77.6,4,4,0,0,1
DEF02560,High,3.7,314,39.9,2,0.77,0.87,Immediate,68.6,3,4,0,0,1
DEF02561,Low,6.5,315,3.7,2,0.88,0.76,Immediate,38.9,1,4,0,0,1
DEF02562,High,15.7,254,4.8,0,0.13,0.73,Immediate,57.2,3,4,0,0,1
DEF02563,Critical,16.0,153,27.3,2,0.15,0.77,Immediate,75.7,4,4,0,0,1
DEF02564,Critical,17.5,118,18.7,2,0.58,0.74,Immediate,81.7,4,4,0,0,1
DEF02565,Medium,12.0,343,12.6,2,0.86,0.88,Immediate,48.8,2,4,0,0,1
DEF02566,High,5.0,90,40.3,4,0.35,0.91,Immediate,80.5,3,4,0,0,1
DEF02567,High,4.2,237,14.7,3,0.55,0.85,Immediate,67.3,3,4,0,0,1
DEF02568,High,8.4,223,3.3,0,0.69,0.88,Immediate,63.5,3,4,0,0,1
DEF02569,High,8.8,318,30.4,3,0.16,0.74,Immediate,64.1,3,4,0,0,1
DEF02570,Medium,3.6,181,9.7,1,0.68,0.92,Immediate,42.7,2,4,0,0,1
DEF02571,Low,2.5,282,29.5,5,0.39,0.93,Immediate,40.5,1,4,0,0,1
DEF02572,Critical,10.1,172,3.7,0,0.99,0.9,Immediate,74.4,4,4,0,0,1
DEF02573,Medium,5.6,70,19.9,2,0.13,0.88,Immediate,57.4,2,4,0,0,1
DEF02574,Critical,8.7,246,38.7,6,0.67,0.98,Immediate,93.5,4,4,0,0,1
DEF02575,High,14.9,122,19.1,5,0.97,0.98,Immediate,66.3,3,4,0,0,1
DEF02576,Low,5.1,272,23.9,0,0.14,0.8,Immediate,41.7,1,4,0,0,1
DEF02577,Low,5.0,0,37.7,1,0.51,0.71,Programmed,21.3,1,1,0,0,1
DEF02578,High,9.3,263,33.4,1,0.18,0.85,Immediate,67.2,3,4,0,0,1
DEF02579,Medium,6.9,71,29.4,4,0.28,0.79,Immediate,57.2,2,4,0,0,1
DEF02580,Low,2.0,189,43.7,8,0.5,0.87,Immediate,48.8,1,4,0,0,1
DEF02581,Low,2.0,275,1.7,0,0.72,0.97,Immediate,37.6,1,4,0,0,1
DEF02582,Critical,3.8,318,5.5,0,0.06,0.76,Immediate,69.4,4,4,0,0,1
DEF02583,Medium,7.3,114,30.2,1,0.97,0.75,Immediate,52.6,2,4,0,0,1
DEF02584,Critical,6.0,283,6.4,2,0.4,0.77,Immediate,66.0,4,4,0,0,1
DEF02585,High,3.7,112,15.2,2,0.57,0.71,Immediate,66.2,3,4,0,0,1
DEF02586,High,4.5,189,34.0,1,0.69,0.85,Immediate,66.7,3,4,0,0,1
DEF02587,High,13.7,62,19.6,1,0.52,0.71,Immediate,67.4,3,4,0,0,1
DEF02588,Critical,10.5,292,32.4,3,0.29,0.95,Immediate,78.6,4,4,0,0,1
DEF02589,Medium,5.4,30,34.5,3,0.33,0.97,This Week,45.7,2,3,0,0,1
DEF02590,Medium,5.8,344,9.6,0,0.11,0.76,Immediate,40.8,2,4,0,0,1
DEF02591,High,13.6,320,14.6,1,0.07,0.85,Immediate,66.3,3,4,0,0,1
DEF02592,Medium,4.1,209,32.3,5,0.11,0.98,Immediate,59.4,2,4,0,0,1
DEF02593,High,15.8,311,42.0,5,0.93,0.97,Immediate,74.4,3,4,0,0,1
DEF02594,High,5.2,128,4.1,1,0.79,0.96,Immediate,62.0,3,4,0,0,1
DEF02595,Medium,12.1,85,1.2,0,0.17,0.7,Immediate,48.0,2,4,0,0,1
DEF02596,Critical,5.5,230,40.5,3,0.05,0.81,Immediate,84.0,4,4,0,0,1
DEF02597,Medium,5.6,145,33.5,3,0.98,0.8,Immediate,59.6,2,4,0,0,1
DEF02598,High,4.3,69,32.0,2,0.31,0.78,Immediate,65.5,3,4,0,0,1
DEF02599,High,2.4,369,13.6,0,0.22,0.85,Immediate,65.0,3,4,0,0,1
DEF02600,Medium,4.5,345,31.1,2,0.22,0.78,Immediate,54.7,2,4,0,0,1
DEF02601,Medium,1.9,19,12.7,0,0.05,0.83,This Week,26.2,2,3,0,0,1
DEF02602,Medium,2.8,0,5.2,1,0.84,0.79,This Month,19.1,2,2,0,0,1
DEF02603,High,5.6,111,39.1,4,0.57,0.76,Immediate,70.2,3,4,0,0,1
DEF02604,High,5.4,88,27.2,3,0.38,0.97,Immediate,68.4,3,4,0,0,1
DEF02605,High,3.6,200,1.4,0,0.78,0.84,Immediate,55.2,3,4,0,0,1
DEF02606,Medium,7.4,113,37.4,5,0.26,0.85,Immediate,54.4,2,4,0,0,1
DEF02607,Low,1.0,106,22.3,2,0.23,0.74,Immediate,44.5,1,4,0,0,1
DEF02608,Low,6.2,274,33.1,3,1.0,0.84,Immediate,52.7,1,4,0,0,1
DEF02609,Medium,3.5,230,14.3,1,0.87,0.72,Immediate,51.1,2,4,0,0,1
DEF02610,Low,2.3,287,18.7,2,0.63,0.72,Immediate,44.3,1,4,0,0,1
DEF02611,Medium,4.2,0,22.2,5,0.56,0.96,This Month,27.9,2,2,0,0,1
DEF02612,Medium,3.5,268,29.5,5,0.28,0.9,Immediate,58.6,2,4,0,0,1
DEF02613,Low,2.2,0,9.0,1,0.28,0.99,Programmed,16.2,1,1,0,0,1
DEF02614,High,14.7,116,3.4,2,0.39,0.85,Immediate,53.5,3,4,0,0,1
DEF02615,Low,3.1,245,15.3,1,0.23,0.81,Immediate,40.3,1,4,0,0,1
DEF02616,Low,5.9,254,40.2,2,0.65,0.73,Immediate,46.9,1,4,0,0,1
DEF02617,Medium,5.1,55,37.4,5,0.97,0.79,Immediate,55.8,2,4,0,0,1
DEF02618,High,8.7,73,30.6,5,0.02,0.99,Immediate,73.2,3,4,0,0,1
DEF02619,Low,9.0,51,11.7,1,0.11,0.98,Immediate,33.3,1,4,0,0,1
DEF02620,High,14.1,340,11.0,1,0.54,0.96,Immediate,60.8,3,4,0,0,1
DEF02621,Low,3.3,0,13.4,2,0.12,0.77,Programmed,5.6,1,1,0,0,1
DEF02622,Medium,7.1,301,42.9,8,0.81,0.81,Immediate,62.9,2,4,0,0,1
DEF02623,Low,8.8,109,35.5,4,0.07,0.72,Immediate,40.4,1,4,0,0,1
DEF02624,High,6.7,213,34.4,3,0.62,0.78,Immediate,70.8,3,4,0,0,1
DEF02625,Critical,6.1,373,2.0,0,0.3,0.95,Immediate,71.1,4,4,0,0,1
DEF02626,Low,4.5,230,2.9,0,0.15,0.94,Immediate,38.4,1,4,0,0,1
DEF02627,Medium,1.8,222,26.4,2,0.13,0.71,Immediate,52.2,2,4,0,0,1
DEF02628,High,6.2,2,43.5,2,0.08,0.9,This Week,47.5,3,3,0,0,1
DEF02629,High,5.8,196,15.7,3,0.6,0.87,Immediate,65.2,3,4,0,0,1
DEF02630,Low,4.5,219,39.3,3,0.51,0.83,Immediate,46.9,1,4,0,0,1
DEF02631,Medium,3.7,130,3.1,0,0.83,0.83,Immediate,34.7,2,4,0,0,1
DEF02632,High,6.4,145,42.7,6,0.82,0.75,Immediate,71.5,3,4,0,0,1
DEF02633,Low,9.5,275,8.5,1,0.91,0.79,Immediate,43.2,1,4,0,0,1
DEF02634,Medium,3.3,46,22.4,2,0.11,0.88,Immediate,49.8,2,4,0,0,1
DEF02635,Critical,11.7,374,28.1,3,0.79,0.87,Immediate,74.6,4,4,0,0,1
DEF02636,Low,8.5,215,2.8,0,0.68,0.92,Immediate,36.6,1,4,0,0,1
DEF02637,Medium,4.3,199,8.3,2,0.08,0.75,Immediate,45.4,2,4,0,0,1
DEF02638,High,1.9,324,13.7,1,0.16,0.91,Immediate,55.9,3,4,0,0,1
DEF02639,Medium,8.4,89,15.6,2,0.02,0.72,Immediate,54.5,2,4,0,0,1
DEF02640,Medium,4.2,117,11.7,0,0.98,0.75,Immediate,46.6,2,4,0,0,1
DEF02641,Low,1.8,154,9.6,1,0.2,0.91,Immediate,40.0,1,4,0,0,1
DEF02642,Medium,6.3,160,39.9,3,0.94,0.93,Immediate,59.2,2,4,0,0,1
DEF02643,High,4.7,47,27.0,6,0.85,0.91,Immediate,59.9,3,4,0,0,1
DEF02644,Medium,11.1,346,40.7,2,0.93,0.95,Immediate,58.2,2,4,0,0,1
DEF02645,Medium,6.8,158,42.9,3,0.03,0.85,Immediate,61.9,2,4,0,0,1
DEF02646,Medium,3.3,196,25.4,1,0.13,0.85,Immediate,52.1,2,4,0,0,1
DEF02647,Low,4.7,8,31.0,3,0.6,0.78,Programmed,19.8,1,1,0,0,1
DEF02648,Critical,6.7,141,6.3,0,0.17,0.75,Immediate,72.9,4,4,0,0,1
DEF02649,High,3.9,0,36.4,2,0.26,0.82,This Week,52.0,3,3,0,0,1
DEF02650,High,8.0,219,38.1,3,0.84,0.75,Immediate,76.9,3,4,0,0,1
DEF02651,Medium,5.3,0,40.1,6,0.24,0.94,This Month,36.9,2,2,0,0,1
DEF02652,Medium,7.4,0,15.1,1,0.39,0.84,This Month,29.4,2,2,0,0,1
DEF02653,Medium,5.7,98,1.1,0,0.37,0.7,Immediate,48.0,2,4,0,0,1
DEF02654,Medium,5.4,216,42.7,3,0.09,0.8,Immediate,62.6,2,4,0,0,1
DEF02655,Medium,10.5,0,20.9,3,0.16,0.94,This Month,33.1,2,2,0,0,1
DEF02656,Low,2.2,0,44.6,5,0.21,0.93,Programmed,22.8,1,1,0,0,1
DEF02657,Medium,5.7,24,38.0,3,0.11,0.84,This Week,39.2,2,3,0,0,1
DEF02658,High,4.2,321,26.0,2,0.97,0.88,Immediate,71.8,3,4,0,0,1
DEF02659,Medium,5.8,273,23.8,2,0.22,0.71,Immediate,60.6,2,4,0,0,1
DEF02660,Medium,11.5,334,3.8,0,0.3,0.97,Immediate,41.1,2,4,0,0,1
DEF02661,Medium,13.2,332,24.3,4,0.78,0.97,Immediate,52.3,2,4,0,0,1
DEF02662,High,8.7,183,22.8,1,0.63,0.92,Immediate,64.1,3,4,0,0,1
DEF02663,Medium,4.2,113,13.2,2,0.74,0.88,Immediate,48.5,2,4,0,0,1
DEF02664,Medium,5.1,193,40.1,2,0.6,0.71,Immediate,59.4,2,4,0,0,1
DEF02665,Medium,3.0,0,18.5,3,0.66,0.91,This Month,32.1,2,2,0,0,1
DEF02666,Low,4.5,8,21.6,1,0.0,0.72,Programmed,20.9,1,1,0,0,1
DEF02667,High,9.0,352,35.1,5,0.11,0.86,Immediate,75.7,3,4,0,0,1
DEF02668,Low,3.8,137,10.8,1,0.03,0.93,Immediate,30.2,1,4,0,0,1
DEF02669,Critical,17.1,74,12.8,1,0.21,0.78,Immediate,74.3,4,4,0,0,1
DEF02670,Medium,4.3,191,22.1,3,0.17,0.85,Immediate,50.9,2,4,0,0,1
DEF02671,Medium,2.9,92,19.4,3,1.0,0.98,Immediate,51.1,2,4,0,0,1
DEF02672,High,7.1,212,30.7,2,0.08,0.82,Immediate,68.2,3,4,0,0,1
DEF02673,Critical,3.7,284,30.8,5,0.53,0.74,Immediate,86.7,4,4,0,0,1
DEF02674,Medium,6.4,152,7.8,2,0.17,0.9,Immediate,45.1,2,4,0,0,1
DEF02675,Medium,11.7,188,15.0,1,0.56,0.97,Immediate,51.1,2,4,0,0,1
DEF02676,Critical,9.6,280,26.9,2,0.2,0.76,Immediate,85.8,4,4,0,0,1
DEF02677,Low,4.8,312,3.6,0,0.33,0.9,Immediate,40.7,1,4,0,0,1
DEF02678,Low,7.5,261,35.7,4,0.98,0.95,Immediate,53.0,1,4,0,0,1
DEF02679,High,6.3,119,22.8,2,0.38,0.72,Immediate,65.4,3,4,0,0,1
DEF02680,Low,10.4,0,22.5,3,0.2,0.74,Programmed,17.5,1,1,0,0,1
DEF02681,Low,9.2,156,1.3,0,0.12,0.95,Immediate,36.1,1,4,0,0,1
DEF02682,Critical,16.9,293,11.9,0,0.19,0.99,Immediate,68.9,4,4,0,0,1
DEF02683,Medium,10.6,309,24.9,4,0.34,0.94,Immediate,55.3,2,4,0,0,1
DEF02684,Low,3.7,0,13.1,1,0.22,0.89,Programmed,15.6,1,1,0,0,1
DEF02685,High,5.3,284,21.0,7,0.16,0.71,Immediate,61.9,3,4,0,0,1
DEF02686,High,4.9,206,7.5,1,0.94,0.99,Immediate,62.0,3,4,0,0,1
DEF02687,High,2.8,19,22.5,4,0.1,0.93,This Week,56.7,3,3,0,0,1
DEF02688,Critical,6.4,27,13.9,2,0.83,0.8,Immediate,62.2,4,4,0,0,1
DEF02689,Medium,4.0,361,37.2,1,0.58,0.76,Immediate,54.9,2,4,0,0,1
DEF02690,Medium,4.3,10,25.5,1,0.38,0.94,This Month,25.2,2,2,0,0,1
DEF02691,Low,4.6,11,10.4,1,0.12,0.85,This Week,15.8,1,3,0,0,1
DEF02692,Medium,4.7,190,5.1,0,0.36,0.78,Immediate,39.8,2,4,0,0,1
DEF02693,Low,4.4,298,32.9,1,0.82,0.76,Immediate,44.0,1,4,0,0,1
DEF02694,Low,4.1,246,1.8,0,0.36,0.73,Immediate,29.8,1,4,0,0,1
DEF02695,Medium,8.8,40,29.7,6,0.85,0.84,Immediate,51.9,2,4,0,0,1
DEF02696,High,5.7,12,14.4,0,0.29,0.87,This Week,42.2,3,3,0,0,1
DEF02697,Low,1.2,297,13.5,3,0.71,0.98,Immediate,43.3,1,4,0,0,1
DEF02698,Critical,8.0,54,22.6,2,0.88,0.9,Immediate,69.6,4,4,0,0,1
DEF02699,Critical,2.8,216,44.2,3,0.02,0.85,Immediate,89.8,4,4,0,0,1
DEF02700,Medium,4.6,159,20.4,2,0.76,0.9,Immediate,45.0,2,4,0,0,1
DEF02701,High,9.6,0,22.7,0,0.99,0.79,This Week,38.7,3,3,0,0,1
DEF02702,Medium,13.0,284,13.3,2,0.53,0.87,Immediate,49.7,2,4,0,0,1
DEF02703,High,6.8,345,37.7,5,0.98,0.98,Immediate,78.0,3,4,0,0,1
DEF02704,Medium,3.6,178,13.9,3,0.27,0.88,Immediate,54.6,2,4,0,0,1
DEF02705,Medium,13.1,234,43.4,4,0.18,0.73,Immediate,60.1,2,4,0,0,1
DEF02706,High,4.2,91,29.6,2,0.35,0.94,Immediate,70.5,3,4,0,0,1
DEF02707,Medium,13.8,186,4.7,0,0.34,0.88,Immediate,47.3,2,4,0,0,1
DEF02708,Critical,3.7,97,39.3,3,0.76,0.84,Immediate,88.4,4,4,0,0,1
DEF02709,Low,5.6,307,33.0,3,0.91,0.88,Immediate,46.0,1,4,0,0,1
DEF02710,Critical,12.4,4,4.1,0,0.24,0.93,Immediate,47.9,4,4,0,0,1
DEF02711,Medium,3.4,61,14.2,1,0.55,0.77,Immediate,49.1,2,4,0,0,1
DEF02712,High,9.0,276,10.7,3,0.79,0.95,Immediate,68.8,3,4,0,0,1
DEF02713,High,3.8,223,5.1,0,0.72,0.72,Immediate,62.5,3,4,0,0,1
DEF02714,Low,7.3,173,42.0,7,0.35,0.93,Immediate,49.8,1,4,0,0,1
DEF02715,Low,6.7,0,6.2,0,0.71,0.96,Programmed,16.9,1,1,0,0,1
DEF02716,Low,5.5,101,34.4,1,0.78,0.96,Immediate,41.6,1,4,0,0,1
DEF02717,High,9.5,189,13.0,2,0.87,0.95,Immediate,62.9,3,4,0,0,1
DEF02718,Low,6.5,0,12.8,0,0.01,0.86,Programmed,3.9,1,1,0,0,1
DEF02719,High,8.5,156,18.5,0,0.94,0.96,Immediate,63.1,3,4,0,0,1
DEF02720,High,9.3,242,30.8,3,0.26,0.94,Immediate,72.0,3,4,0,0,1
DEF02721,Medium,12.3,171,21.6,0,0.04,0.7,Immediate,52.6,2,4,0,0,1
DEF02722,Low,4.0,139,16.6,2,0.14,0.9,Immediate,43.5,1,4,0,0,1
DEF02723,Critical,16.4,145,44.1,5,0.78,0.97,Immediate,83.8,4,4,0,0,1
DEF02724,Low,1.2,281,19.8,2,0.69,0.92,Immediate,49.8,1,4,0,0,1
DEF02725,High,14.8,245,44.5,5,0.53,0.85,Immediate,73.9,3,4,0,0,1
DEF02726,Medium,2.9,0,34.8,1,0.32,0.9,This Month,29.6,2,2,0,0,1
DEF02727,Medium,3.4,267,31.1,2,0.23,0.82,Immediate,47.2,2,4,0,0,1
DEF02728,High,6.6,209,4.2,0,0.0,0.95,Immediate,61.8,3,4,0,0,1
DEF02729,High,6.3,94,7.2,1,0.14,0.77,Immediate,60.7,3,4,0,0,1
DEF02730,Critical,10.6,337,12.5,2,0.76,0.71,Immediate,76.3,4,4,0,0,1
DEF02731,Medium,6.5,16,41.9,7,0.64,0.73,This Week,42.8,2,3,0,0,1
DEF02732,Critical,7.4,287,15.3,1,0.33,0.83,Immediate,81.3,4,4,0,0,1
DEF02733,High,14.5,270,4.5,0,0.04,0.89,Immediate,58.2,3,4,0,0,1
DEF02734,Critical,11.8,228,36.4,4,0.18,0.97,Immediate,82.0,4,4,0,0,1
DEF02735,Medium,2.3,183,31.3,5,0.9,0.95,Immediate,58.2,2,4,0,0,1
DEF02736,Medium,1.0,60,13.4,3,0.02,0.93,Immediate,48.2,2,4,0,0,1
DEF02737,High,13.0,90,6.0,0,0.32,0.72,Immediate,67.2,3,4,0,0,1
DEF02738,High,6.3,102,12.8,0,0.01,0.96,Immediate,58.7,3,4,0,0,1
DEF02739,Medium,5.8,8,25.2,3,0.08,0.73,This Month,25.7,2,2,0,0,1
DEF02740,Critical,18.6,260,11.3,1,0.19,0.84,Immediate,74.7,4,4,0,0,1
DEF02741,Medium,8.2,50,39.6,1,0.35,0.79,Immediate,52.6,2,4,0,0,1
DEF02742,Low,2.9,212,30.5,6,0.06,0.91,Immediate,49.3,1,4,0,0,1
DEF02743,Low,11.0,125,29.3,2,0.16,0.91,Immediate,46.3,1,4,0,0,1
DEF02744,Medium,7.9,0,24.7,1,0.19,0.78,This Month,27.2,2,2,0,0,1
DEF02745,Medium,7.0,43,1.1,0,0.24,0.85,Immediate,37.2,2,4,0,0,1
DEF02746,Medium,5.7,252,21.9,2,0.13,0.71,Immediate,52.3,2,4,0,0,1
DEF02747,Medium,3.6,35,9.5,1,0.54,0.83,Immediate,38.7,2,4,0,0,1
DEF02748,High,13.5,115,36.3,7,0.82,0.73,Immediate,77.6,3,4,0,0,1
DEF02749,High,4.4,176,11.7,2,0.3,0.87,Immediate,62.3,3,4,0,0,1
DEF02750,Low,3.6,180,39.7,1,0.19,0.77,Immediate,49.3,1,4,0,0,1
DEF02751,Medium,11.3,83,8.5,0,0.92,0.89,Immediate,39.2,2,4,0,0,1
DEF02752,Medium,10.5,37,33.1,2,0.15,0.93,Immediate,47.4,2,4,0,0,1
DEF02753,Medium,4.1,75,26.8,1,0.15,0.86,Immediate,43.0,2,4,0,0,1
DEF02754,Medium,4.0,224,20.2,2,0.85,0.72,Immediate,48.4,2,4,0,0,1
DEF02755,High,4.0,357,30.3,3,0.04,0.88,Immediate,62.7,3,4,0,0,1
DEF02756,Critical,6.4,130,29.1,3,0.12,0.75,Immediate,79.2,4,4,0,0,1
DEF02757,Low,3.6,56,27.3,4,0.77,0.97,Immediate,43.9,1,4,0,0,1
DEF02758,High,3.8,184,38.4,4,0.34,0.75,Immediate,71.6,3,4,0,0,1
DEF02759,Low,8.8,238,12.5,1,0.01,0.77,Immediate,40.0,1,4,0,0,1
DEF02760,Medium,11.3,112,4.1,0,0.02,0.96,Immediate,50.0,2,4,0,0,1
DEF02761,High,3.1,62,40.5,7,0.07,0.96,Immediate,77.6,3,4,0,0,1
DEF02762,Medium,9.7,90,23.1,5,0.96,0.83,Immediate,53.7,2,4,0,0,1
DEF02763,Low,9.5,0,30.1,6,0.39,0.91,Programmed,22.5,1,1,0,0,1
DEF02764,Critical,7.0,344,35.6,4,0.16,0.94,Immediate,77.9,4,4,0,0,1
DEF02765,Medium,7.3,288,43.6,5,0.14,0.82,Immediate,57.1,2,4,0,0,1
DEF02766,Medium,13.1,354,24.0,0,0.77,0.93,Immediate,52.9,2,4,0,0,1
DEF02767,Low,3.1,0,23.3,1,0.51,0.88,Programmed,12.8,1,1,0,0,1
DEF02768,Medium,12.9,172,25.5,1,0.29,0.91,Immediate,53.9,2,4,0,0,1
DEF02769,Medium,1.1,160,1.9,0,0.04,0.72,Immediate,44.6,2,4,0,0,1
DEF02770,Low,8.8,188,28.3,4,0.21,0.94,Immediate,43.6,1,4,0,0,1
DEF02771,High,7.0,32,2.1,0,0.1,0.95,Immediate,50.9,3,4,0,0,1
DEF02772,High,10.7,177,19.0,0,0.13,0.73,Immediate,54.9,3,4,0,0,1
DEF02773,High,14.2,99,11.2,0,0.07,0.88,Immediate,61.1,3,4,0,0,1
DEF02774,Low,9.5,8,38.1,3,0.11,0.95,Programmed,29.3,1,1,0,0,1
DEF02775,Medium,3.1,370,16.3,2,0.03,0.92,Immediate,55.8,2,4,0,0,1
DEF02776,Medium,5.3,91,3.7,1,0.22,0.86,Immediate,40.5,2,4,0,0,1
DEF02777,Medium,6.9,222,4.2,1,0.67,0.81,Immediate,51.8,2,4,0,0,1
DEF02778,Critical,12.4,40,20.2,1,0.07,0.98,Immediate,69.9,4,4,0,0,1
DEF02779,Low,7.8,241,7.2,0,0.52,0.98,Immediate,39.8,1,4,0,0,1
DEF02780,Medium,6.0,201,44.9,9,0.58,0.9,Immediate,62.1,2,4,0,0,1
DEF02781,High,1.0,168,15.4,3,0.55,0.91,Immediate,66.8,3,4,0,0,1
DEF02782,Critical,4.5,101,2.5,1,0.35,0.93,Immediate,75.2,4,4,0,0,1
DEF02783,High,4.1,263,38.9,2,0.23,0.9,Immediate,70.8,3,4,0,0,1
DEF02784,Critical,5.0,180,25.6,3,0.91,0.99,Immediate,70.5,4,4,0,0,1
DEF02785,Low,5.3,27,37.0,2,0.14,0.71,This Week,38.9,1,3,0,0,1
DEF02786,Low,3.1,316,29.6,0,0.77,0.97,Immediate,40.8,1,4,0,0,1
DEF02787,Medium,11.5,170,32.3,3,0.2,0.84,Immediate,56.7,2,4,0,0,1
DEF02788,Critical,6.8,67,25.8,3,0.33,0.89,Immediate,75.4,4,4,0,0,1
DEF02789,High,8.5,131,31.2,0,0.91,0.72,Immediate,62.7,3,4,0,0,1
DEF02790,Medium,5.3,226,19.4,2,0.72,0.96,Immediate,56.5,2,4,0,0,1
DEF02791,Low,3.8,99,36.4,2,0.13,0.98,Immediate,46.8,1,4,0,0,1
DEF02792,Medium,12.6,260,2.4,0,0.7,0.75,Immediate,52.8,2,4,0,0,1
DEF02793,Medium,5.8,321,43.8,4,0.74,0.97,Immediate,67.7,2,4,0,0,1
DEF02794,High,9.3,375,22.2,1,0.23,0.95,Immediate,64.0,3,4,0,0,1
DEF02795,Low,5.0,0,41.2,5,0.18,0.92,Programmed,20.8,1,1,0,0,1
DEF02796,Medium,5.8,306,40.9,5,0.89,0.92,Immediate,64.3,2,4,0,0,1
DEF02797,High,4.3,386,22.1,2,0.12,0.98,Immediate,64.3,3,4,0,0,1
DEF02798,Medium,13.0,0,36.1,2,0.93,0.82,This Month,27.4,2,2,0,0,1
DEF02799,Low,2.1,45,13.5,0,0.98,0.94,Immediate,34.8,1,4,0,0,1
DEF02800,High,13.6,101,9.9,0,0.13,0.86,Immediate,54.7,3,4,0,0,1
DEF02801,Low,4.0,0,9.9,0,0.82,0.76,Programmed,12.2,1,1,0,0,1
DEF02802,Low,6.2,35,26.2,2,0.74,0.83,Immediate,31.8,1,4,0,0,1
DEF02803,High,6.4,99,32.4,6,0.36,0.85,Immediate,68.2,3,4,0,0,1
DEF02804,Low,2.9,0,34.7,3,0.28,0.76,Programmed,12.2,1,1,0,0,1
DEF02805,High,13.9,241,44.8,6,0.1,0.87,Immediate,81.7,3,4,0,0,1
DEF02806,Low,4.1,69,24.4,3,0.75,0.72,Immediate,43.9,1,4,0,0,1
DEF02807,Medium,6.3,257,33.4,7,0.82,0.93,Immediate,57.2,2,4,0,0,1
DEF02808,High,11.6,77,40.8,5,0.36,0.92,Immediate,71.2,3,4,0,0,1
DEF02809,Medium,5.7,356,28.0,1,0.63,0.91,Immediate,61.1,2,4,0,0,1
DEF02810,Low,10.8,120,5.6,0,0.25,0.85,Immediate,34.4,1,4,0,0,1
DEF02811,High,3.6,349,34.4,1,0.25,0.9,Immediate,68.5,3,4,0,0,1
DEF02812,Low,10.5,215,15.8,2,0.66,0.99,Immediate,44.0,1,4,0,0,1
DEF02813,High,15.2,190,16.8,1,0.04,0.9,Immediate,60.2,3,4,0,0,1
DEF02814,Medium,7.4,1,17.9,0,0.09,0.94,This Month,25.7,2,2,0,0,1
DEF02815,Medium,4.3,37,26.9,2,0.0,0.72,Immediate,36.6,2,4,0,0,1
DEF02816,Critical,2.3,61,3.0,0,0.02,0.87,Immediate,68.4,4,4,0,0,1
DEF02817,High,2.2,106,39.2,8,0.31,0.88,Immediate,76.3,3,4,0,0,1
DEF02818,Medium,11.2,354,15.1,2,0.59,0.73,Immediate,53.5,2,4,0,0,1
DEF02819,Medium,2.2,226,44.9,5,0.11,0.71,Immediate,60.6,2,4,0,0,1
DEF02820,Low,4.2,166,30.4,4,0.32,0.96,Immediate,51.2,1,4,0,0,1
DEF02821,Critical,3.6,149,35.0,5,0.0,0.93,Immediate,83.1,4,4,0,0,1
DEF02822,Medium,4.3,296,17.9,2,0.39,0.89,Immediate,51.5,2,4,0,0,1
DEF02823,Low,3.2,0,6.6,0,0.23,0.96,Programmed,10.7,1,1,0,0,1
DEF02824,High,7.3,277,14.7,1,0.06,0.76,Immediate,59.2,3,4,0,0,1
DEF02825,Medium,3.1,66,16.2,3,0.13,0.83,Immediate,58.3,2,4,0,0,1
DEF02826,Medium,4.2,114,42.0,3,0.21,0.85,Immediate,53.7,2,4,0,0,1
DEF02827,High,4.4,209,7.4,0,0.03,0.76,Immediate,55.2,3,4,0,0,1
DEF02828,Critical,5.5,233,3.3,0,0.05,0.84,Immediate,66.8,4,4,0,0,1
DEF02829,Medium,11.4,0,38.0,4,0.85,0.85,This Month,28.9,2,2,0,0,1
DEF02830,Low,2.2,306,7.7,0,0.82,0.96,Immediate,36.5,1,4,0,0,1
DEF02831,High,14.5,132,28.8,2,0.81,0.75,Immediate,70.6,3,4,0,0,1
DEF02832,Critical,6.0,49,31.9,4,0.27,0.88,Immediate,77.9,4,4,0,0,1
DEF02833,Low,1.9,0,28.6,3,0.18,0.76,Programmed,25.7,1,1,0,0,1
DEF02834,Low,4.2,315,25.3,1,0.31,0.98,Immediate,34.4,1,4,0,0,1
DEF02835,Medium,12.0,82,4.0,0,0.88,0.86,Immediate,39.0,2,4,0,0,1
DEF02836,Low,6.6,34,18.9,1,0.78,0.72,Immediate,25.9,1,4,0,0,1
DEF02837,Medium,3.8,0,22.1,1,0.76,0.87,This Month,29.2,2,2,0,0,1
DEF02838,Medium,7.3,349,28.5,1,0.75,0.85,Immediate,45.3,2,4,0,0,1
DEF02839,Medium,6.6,162,26.2,4,0.29,0.96,Immediate,53.5,2,4,0,0,1
DEF02840,Medium,3.7,149,28.2,3,0.17,0.85,Immediate,51.1,2,4,0,0,1
DEF02841,Medium,4.4,191,37.4,4,0.74,0.95,Immediate,61.3,2,4,0,0,1
DEF02842,Medium,4.7,228,10.2,3,0.38,0.8,Immediate,41.0,2,4,0,0,1
DEF02843,High,4.5,380,17.1,2,0.12,0.9,Immediate,66.8,3,4,0,0,1
DEF02844,High,14.3,69,10.0,1,0.26,0.92,Immediate,64.5,3,4,0,0,1
DEF02845,Medium,4.5,214,14.9,1,0.04,0.7,Immediate,52.7,2,4,0,0,1
DEF02846,High,7.1,159,13.7,3,0.51,0.94,Immediate,64.6,3,4,0,0,1
DEF02847,High,6.1,177,31.3,0,0.82,0.98,Immediate,54.9,3,4,0,0,1
DEF02848,Low,2.9,330,18.7,4,0.13,0.85,Immediate,44.2,1,4,0,0,1
DEF02849,High,9.8,74,7.4,3,0.12,0.95,Immediate,58.3,3,4,0,0,1
DEF02850,Medium,3.4,256,25.9,2,0.93,0.83,Immediate,55.3,2,4,0,0,1
DEF02851,High,15.3,41,27.3,3,0.82,0.77,Immediate,58.7,3,4,0,0,1
DEF02852,High,4.6,260,7.8,2,0.27,0.82,Immediate,63.8,3,4,0,0,1
DEF02853,High,11.4,62,36.1,4,0.76,0.82,Immediate,69.8,3,4,0,0,1
DEF02854,Medium,4.3,71,35.6,6,0.93,0.98,Immediate,55.5,2,4,0,0,1
DEF02855,High,7.3,295,41.6,6,0.34,0.83,Immediate,70.4,3,4,0,0,1
DEF02856,Medium,8.0,127,28.7,6,0.38,0.89,Immediate,57.5,2,4,0,0,1
DEF02857,High,4.0,43,17.5,3,0.11,0.93,Immediate,47.9,3,4,0,0,1
DEF02858,High,3.5,130,32.2,3,0.6,0.8,Immediate,62.7,3,4,0,0,1
DEF02859,Low,1.3,0,41.6,2,0.08,0.77,Programmed,21.9,1,1,0,0,1
DEF02860,High,4.1,312,24.3,2,0.51,0.75,Immediate,67.9,3,4,0,0,1
DEF02861,Medium,11.1,36,30.2,4,0.55,0.9,Immediate,50.6,2,4,0,0,1
DEF02862,High,13.5,132,43.4,5,0.8,0.84,Immediate,74.0,3,4,0,0,1
DEF02863,High,7.8,131,43.4,7,0.05,0.72,Immediate,79.7,3,4,0,0,1
DEF02864,High,7.2,327,35.7,6,0.33,0.95,Immediate,71.1,3,4,0,0,1
DEF02865,Medium,13.0,6,5.0,1,0.56,0.81,This Month,19.1,2,2,0,0,1
DEF02866,High,6.1,271,31.7,3,0.9,0.91,Immediate,62.5,3,4,0,0,1
DEF02867,High,4.5,194,19.8,3,0.1,0.9,Immediate,69.5,3,4,0,0,1
DEF02868,Medium,3.6,37,6.6,0,0.71,0.95,Immediate,36.7,2,4,0,0,1
DEF02869,Medium,6.0,0,26.6,3,0.13,0.98,This Month,26.1,2,2,0,0,1
DEF02870,Critical,9.4,383,13.6,2,0.95,0.75,Immediate,74.1,4,4,0,0,1
DEF02871,Medium,3.7,114,35.4,6,0.75,0.75,Immediate,57.5,2,4,0,0,1
DEF02872,High,10.3,57,42.7,1,0.99,0.94,Immediate,63.2,3,4,0,0,1
DEF02873,High,4.3,186,17.2,3,0.64,0.99,Immediate,69.8,3,4,0,0,1
DEF02874,Low,4.6,217,37.4,3,0.14,0.8,Immediate,50.6,1,4,0,0,1
DEF02875,Low,3.3,237,24.0,5,0.34,0.71,Immediate,47.3,1,4,0,0,1
DEF02876,Low,1.9,5,21.6,1,0.67,0.72,Programmed,18.8,1,1,0,0,1
DEF02877,Medium,4.3,327,2.0,0,0.94,0.86,Immediate,48.6,2,4,0,0,1
DEF02878,Medium,2.0,21,25.7,2,0.26,0.84,This Week,29.7,2,3,0,0,1
DEF02879,High,8.9,163,16.1,1,0.92,0.71,Immediate,64.5,3,4,0,0,1
DEF02880,High,6.8,187,34.4,3,0.31,0.81,Immediate,73.4,3,4,0,0,1
DEF02881,Critical,10.7,122,20.8,2,0.38,0.83,Immediate,80.9,4,4,0,0,1
DEF02882,Critical,7.4,282,10.4,0,0.34,0.81,Immediate,72.4,4,4,0,0,1
DEF02883,Low,2.9,206,38.4,4,0.6,0.84,Immediate,49.0,1,4,0,0,1
DEF02884,High,15.6,204,7.1,0,0.01,0.74,Immediate,59.7,3,4,0,0,1
DEF02885,Low,9.7,22,4.0,0,0.17,0.74,This Week,26.0,1,3,0,0,1
DEF02886,Low,4.0,0,21.5,4,0.01,0.84,Programmed,12.6,1,1,0,0,1
DEF02887,High,15.8,18,5.4,0,0.07,0.7,This Week,50.3,3,3,0,0,1
DEF02888,High,10.3,309,3.6,0,0.63,0.83,Immediate,63.0,3,4,0,0,1
DEF02889,Low,4.4,253,11.9,1,0.88,0.86,Immediate,41.4,1,4,0,0,1
DEF02890,Critical,8.3,326,28.7,5,0.96,0.85,Immediate,84.3,4,4,0,0,1
DEF02891,Medium,2.4,64,36.6,6,0.92,0.86,Immediate,67.9,2,4,0,0,1
DEF02892,Critical,6.4,347,42.6,3,0.08,0.8,Immediate,86.6,4,4,0,0,1
DEF02893,Medium,9.5,11,25.7,1,0.36,0.79,This Week,25.8,2,3,0,0,1
DEF02894,Low,8.5,178,11.4,2,0.28,0.8,Immediate,42.7,1,4,0,0,1
DEF02895,Low,9.2,0,4.7,0,0.65,0.98,Programmed,9.8,1,1,0,0,1
DEF02896,Medium,4.2,0,11.0,2,0.05,0.93,This Month,27.9,2,2,0,0,1
DEF02897,Medium,6.7,179,34.2,3,0.79,0.95,Immediate,54.2,2,4,0,0,1
DEF02898,Medium,6.2,5,7.0,0,0.2,0.83,This Month,16.4,2,2,0,0,1
DEF02899,Medium,9.1,22,13.8,3,0.19,0.83,This Week,40.9,2,3,0,0,1
DEF02900,Low,4.6,285,34.7,4,0.39,0.88,Immediate,46.8,1,4,0,0,1
DEF02901,High,5.7,281,38.6,1,0.09,0.71,Immediate,70.1,3,4,0,0,1
DEF02902,Low,4.8,24,32.6,3,0.23,0.88,This Week,39.2,1,3,0,0,1
DEF02903,Low,4.4,63,39.0,4,0.31,0.87,Immediate,55.3,1,4,0,0,1
DEF02904,Low,3.2,218,38.0,10,0.01,0.81,Immediate,50.3,1,4,0,0,1
DEF02905,Low,4.3,161,40.4,7,0.16,0.78,Immediate,60.6,1,4,0,0,1
DEF02906,High,6.4,0,3.9,0,0.92,0.8,This Week,35.9,3,3,0,0,1
DEF02907,Medium,4.0,274,36.0,3,0.03,0.97,Immediate,51.4,2,4,0,0,1
DEF02908,Low,10.2,0,26.1,2,0.03,0.94,Programmed,15.0,1,1,0,0,1
DEF02909,High,10.2,95,24.2,2,0.54,0.7,Immediate,67.5,3,4,0,0,1
DEF02910,Medium,4.9,0,21.3,1,0.02,0.87,This Month,21.6,2,2,0,0,1
DEF02911,High,12.8,255,29.0,5,0.59,0.71,Immediate,68.2,3,4,0,0,1
DEF02912,High,6.0,323,1.9,0,0.18,0.93,Immediate,59.2,3,4,0,0,1
DEF02913,Medium,5.0,357,21.7,2,0.9,0.73,Immediate,56.6,2,4,0,0,1
DEF02914,Medium,5.5,52,9.5,1,0.15,0.75,Immediate,38.7,2,4,0,0,1
DEF02915,High,5.4,268,39.7,4,0.07,0.94,Immediate,72.4,3,4,0,0,1
DEF02916,Medium,12.1,196,5.4,0,0.74,0.79,Immediate,47.9,2,4,0,0,1
DEF02917,Medium,5.5,221,30.8,2,0.9,0.97,Immediate,44.2,2,4,0,0,1
DEF02918,Medium,4.5,188,9.0,0,0.54,0.8,Immediate,40.7,2,4,0,0,1
DEF02919,Medium,4.3,12,34.8,0,0.91,0.95,This Week,28.8,2,3,0,0,1
DEF02920,Medium,6.9,67,19.4,3,0.81,0.75,Immediate,50.7,2,4,0,0,1
DEF02921,Medium,8.9,287,36.7,6,0.11,0.79,Immediate,57.0,2,4,0,0,1
DEF02922,High,6.0,355,16.2,0,0.32,0.71,Immediate,57.8,3,4,0,0,1
DEF02923,Low,3.2,0,33.7,6,0.62,0.78,Programmed,24.8,1,1,0,0,1
DEF02924,High,3.8,138,18.1,1,0.86,0.92,Immediate,62.4,3,4,0,0,1
DEF02925,Medium,3.7,223,43.8,8,0.33,0.9,Immediate,65.1,2,4,0,0,1
DEF02926,High,4.3,166,19.0,3,0.34,0.74,Immediate,58.6,3,4,0,0,1
DEF02927,Medium,5.2,250,10.5,1,0.36,0.85,Immediate,45.2,2,4,0,0,1
DEF02928,Low,3.0,0,1.2,0,0.28,0.88,Programmed,18.7,1,1,0,0,1
DEF02929,Medium,11.5,68,34.8,3,0.29,0.99,Immediate,51.6,2,4,0,0,1
DEF02930,Critical,16.1,318,3.6,0,0.9,0.84,Immediate,70.9,4,4,0,0,1
DEF02931,Medium,5.0,37,34.1,7,0.2,0.86,Immediate,46.6,2,4,0,0,1
DEF02932,High,7.9,207,27.9,3,0.37,0.96,Immediate,68.5,3,4,0,0,1
DEF02933,High,7.8,85,29.6,0,0.38,0.84,Immediate,68.6,3,4,0,0,1
DEF02934,Medium,1.8,360,30.1,3,0.03,0.91,Immediate,54.7,2,4,0,0,1
DEF02935,Low,1.8,278,42.6,5,0.63,0.73,Immediate,54.6,1,4,0,0,1
DEF02936,Low,5.3,239,26.8,4,0.94,0.74,Immediate,45.7,1,4,0,0,1
DEF02937,Low,4.8,78,45.0,10,0.16,0.75,Immediate,54.8,1,4,0,0,1
DEF02938,High,14.2,276,13.6,0,0.52,0.7,Immediate,63.9,3,4,0,0,1
DEF02939,High,3.3,144,33.3,5,0.2,0.81,Immediate,71.5,3,4,0,0,1
DEF02940,Low,6.3,0,40.3,4,0.62,0.99,Programmed,27.4,1,1,0,0,1
DEF02941,High,8.9,81,31.0,7,0.13,0.88,Immediate,73.6,3,4,0,0,1
DEF02942,High,6.3,34,3.9,1,0.2,0.76,Immediate,47.1,3,4,0,0,1
DEF02943,Medium,4.5,178,3.9,0,0.21,0.98,Immediate,50.6,2,4,0,0,1
DEF02944,High,9.1,296,11.5,4,0.63,0.86,Immediate,60.1,3,4,0,0,1
DEF02945,High,10.5,387,8.4,3,0.37,0.89,Immediate,65.2,3,4,0,0,1
DEF02946,Medium,5.9,0,7.5,1,0.82,0.99,This Month,25.9,2,2,0,0,1
DEF02947,Low,2.2,130,27.5,1,0.33,0.92,Immediate,46.7,1,4,0,0,1
DEF02948,Low,5.3,205,22.3,2,0.04,0.71,Immediate,42.1,1,4,0,0,1
DEF02949,High,7.5,59,31.2,4,0.55,0.99,Immediate,70.8,3,4,0,0,1
DEF02950,Medium,1.3,0,18.3,2,0.13,0.91,This Month,20.6,2,2,0,0,1
DEF02951,Medium,4.1,299,43.7,5,0.1,0.89,Immediate,58.0,2,4,0,0,1
DEF02952,High,2.8,290,24.2,0,0.82,0.9,Immediate,57.8,3,4,0,0,1
DEF02953,Critical,16.6,132,6.8,1,0.99,0.73,Immediate,62.9,4,4,0,0,1
DEF02954,Medium,2.2,230,23.7,0,0.03,0.84,Immediate,52.4,2,4,0,0,1
DEF02955,Medium,7.8,366,27.5,3,0.08,0.7,Immediate,53.3,2,4,0,0,1
DEF02956,Critical,5.3,218,26.0,2,0.37,0.73,Immediate,73.3,4,4,0,0,1
DEF02957,Medium,3.1,143,21.3,2,0.82,0.92,Immediate,45.0,2,4,0,0,1
DEF02958,Medium,7.9,255,21.0,2,0.11,0.71,Immediate,53.0,2,4,0,0,1
DEF02959,High,9.2,317,27.9,3,0.18,0.92,Immediate,63.7,3,4,0,0,1
DEF02960,Low,3.4,0,44.4,4,0.74,0.85,Programmed,21.9,1,1,0,0,1
DEF02961,Low,5.3,0,5.3,1,0.52,0.77,Programmed,12.5,1,1,0,0,1
DEF02962,Low,4.2,23,22.8,5,0.66,0.77,This Week,22.5,1,3,0,0,1
DEF02963,High,7.2,258,25.8,2,0.86,0.87,Immediate,64.0,3,4,0,0,1
DEF02964,Low,8.4,271,34.9,4,0.03,0.72,Immediate,51.8,1,4,0,0,1
DEF02965,Medium,1.9,297,4.6,0,0.5,0.95,Immediate,48.8,2,4,0,0,1
DEF02966,Medium,13.2,356,30.3,1,0.85,0.83,Immediate,51.9,2,4,0,0,1
DEF02967,High,6.4,216,27.9,4,0.73,0.83,Immediate,68.7,3,4,0,0,1
DEF02968,Medium,6.0,22,42.9,3,0.66,0.86,This Week,36.0,2,3,0,0,1
DEF02969,Low,8.7,0,17.3,0,0.67,0.89,Programmed,16.4,1,1,0,0,1
DEF02970,Low,1.3,202,21.5,3,0.24,0.92,Immediate,42.7,1,4,0,0,1
DEF02971,Critical,5.9,250,31.4,3,0.63,0.86,Immediate,70.0,4,4,0,0,1
DEF02972,Medium,5.1,90,43.3,6,0.13,0.98,Immediate,63.0,2,4,0,0,1
DEF02973,High,2.8,8,15.5,1,0.56,0.94,This Week,38.2,3,3,0,0,1
DEF02974,Critical,5.7,262,3.8,0,0.82,0.84,Immediate,68.0,4,4,0,0,1
DEF02975,Medium,8.0,15,2.7,1,0.51,0.88,This Week,22.7,2,3,0,0,1
DEF02976,Low,9.4,26,37.2,3,0.38,0.91,This Week,33.6,1,3,0,0,1
DEF02977,Low,3.7,210,26.2,3,0.12,0.95,Immediate,45.8,1,4,0,0,1
DEF02978,Medium,5.0,159,19.1,2,0.86,0.77,Immediate,55.9,2,4,0,0,1
DEF02979,Medium,2.8,62,43.8,4,0.96,0.75,Immediate,58.8,2,4,0,0,1
DEF02980,Critical,4.6,264,23.8,1,0.77,0.84,Immediate,78.7,4,4,0,0,1
DEF02981,Medium,11.9,259,3.6,0,0.17,0.92,Immediate,44.4,2,4,0,0,1
DEF02982,High,2.1,264,22.2,1,0.21,0.76,Immediate,64.3,3,4,0,0,1
DEF02983,Low,4.6,69,19.7,3,0.1,0.78,Immediate,41.3,1,4,0,0,1
DEF02984,High,7.7,275,10.9,1,0.54,0.95,Immediate,69.5,3,4,0,0,1
DEF02985,High,3.4,208,1.8,0,0.05,0.9,Immediate,65.7,3,4,0,0,1
DEF02986,Low,10.3,268,34.2,3,0.37,0.76,Immediate,43.1,1,4,0,0,1
DEF02987,Medium,3.5,105,32.9,5,0.92,0.89,Immediate,61.0,2,4,0,0,1
DEF02988,High,5.4,227,5.8,0,0.16,0.83,Immediate,60.5,3,4,0,0,1
DEF02989,Medium,12.9,94,6.1,0,0.29,0.86,Immediate,36.7,2,4,0,0,1
DEF02990,Medium,12.8,192,35.9,2,0.25,0.95,Immediate,62.1,2,4,0,0,1
DEF02991,High,3.6,134,27.5,2,0.28,0.86,Immediate,68.6,3,4,0,0,1
DEF02992,High,5.4,330,16.1,2,0.57,0.8,Immediate,59.4,3,4,0,0,1
DEF02993,High,9.3,256,3.4,0,0.16,0.74,Immediate,61.4,3,4,0,0,1
DEF02994,Low,3.0,245,44.7,9,0.73,0.86,Immediate,53.3,1,4,0,0,1
DEF02995,Low,2.0,0,40.5,5,0.37,0.83,Programmed,24.6,1,1,0,0,1
DEF02996,Critical,8.9,95,4.8,0,0.87,0.91,Immediate,71.0,4,4,0,0,1
DEF02997,Critical,11.3,142,15.0,0,0.66,0.96,Immediate,79.0,4,4,0,0,1
DEF02998,Low,8.9,203,16.4,4,0.33,0.99,Immediate,40.0,1,4,0,0,1
DEF02999,Medium,2.8,140,20.1,0,0.57,0.8,Immediate,49.3,2,4,0,0,1
DEF03000,Medium,3.8,272,20.0,0,0.15,0.83,Immediate,46.6,2,4,0,0,1
DEF03001,Medium,4.0,114,29.3,1,0.09,0.85,Immediate,51.3,2,4,0,0,1
DEF03002,Low,4.0,265,37.5,5,0.35,0.89,Immediate,46.6,1,4,0,0,1
DEF03003,High,5.0,32,34.9,3,0.19,0.85,Immediate,58.6,3,4,0,0,1
DEF03004,High,14.4,302,14.9,4,0.27,0.78,Immediate,59.0,3,4,0,0,1
DEF03005,Critical,5.7,24,13.7,1,0.57,0.79,Immediate,60.4,4,4,0,0,1
DEF03006,Medium,9.2,273,5.7,0,0.65,0.77,Immediate,46.6,2,4,0,0,1
DEF03007,Medium,6.0,83,31.7,3,0.84,0.97,Immediate,53.2,2,4,0,0,1
DEF03008,Medium,8.7,305,5.0,1,0.3,0.86,Immediate,48.1,2,4,0,0,1
DEF03009,Low,4.4,0,44.3,9,0.83,0.76,Programmed,37.1,1,1,0,0,1
DEF03010,Critical,5.4,22,8.6,1,0.0,0.78,Immediate,56.1,4,4,0,0,1
DEF03011,High,4.9,316,36.8,2,0.36,0.77,Immediate,78.2,3,4,0,0,1
DEF03012,High,5.7,367,15.6,2,0.11,0.95,Immediate,63.5,3,4,0,0,1
DEF03013,High,4.2,369,17.2,4,0.76,0.8,Immediate,66.5,3,4,0,0,1
DEF03014,Medium,13.6,251,25.7,4,0.08,0.95,Immediate,53.6,2,4,0,0,1
DEF03015,Low,3.9,324,34.7,4,0.17,0.92,Immediate,52.8,1,4,0,0,1
DEF03016,Low,5.0,264,12.5,3,0.66,0.93,Immediate,43.0,1,4,0,0,1
DEF03017,Critical,6.6,201,18.9,0,0.26,0.91,Immediate,68.4,4,4,0,0,1
DEF03018,Critical,7.9,241,32.5,3,0.9,0.87,Immediate,89.6,4,4,0,0,1
DEF03019,Low,1.7,147,37.0,5,0.87,0.86,Immediate,49.8,1,4,0,0,1
DEF03020,High,6.9,241,29.9,5,0.8,0.9,Immediate,67.3,3,4,0,0,1
DEF03021,Low,6.4,270,20.7,1,0.18,0.78,Immediate,38.9,1,4,0,0,1
DEF03022,High,9.2,318,11.5,2,0.05,0.96,Immediate,62.2,3,4,0,0,1
DEF03023,Low,4.3,177,25.9,2,0.54,0.96,Immediate,38.6,1,4,0,0,1
DEF03024,Low,3.5,0,2.4,0,0.2,0.8,Programmed,8.7,1,1,0,0,1
DEF03025,Low,9.7,272,4.2,1,0.12,0.95,Immediate,37.1,1,4,0,0,1
DEF03026,Low,3.5,4,44.2,5,0.24,0.95,Programmed,22.0,1,1,0,0,1
DEF03027,Low,7.6,99,19.7,2,0.26,0.88,Immediate,42.8,1,4,0,0,1
DEF03028,Medium,5.0,114,11.0,1,0.8,0.77,Immediate,46.7,2,4,0,0,1
DEF03029,High,16.4,282,38.6,0,0.08,0.92,Immediate,58.6,3,4,0,0,1
DEF03030,Critical,3.4,84,9.9,2,0.21,0.95,Immediate,67.7,4,4,0,0,1
DEF03031,High,14.4,353,38.5,4,0.39,0.95,Immediate,72.0,3,4,0,0,1
DEF03032,Medium,3.7,164,22.7,1,0.38,0.99,Immediate,52.0,2,4,0,0,1
DEF03033,Low,7.1,0,15.5,3,0.03,0.72,Programmed,21.3,1,1,0,0,1
DEF03034,High,7.5,38,4.1,0,0.52,0.74,Immediate,52.0,3,4,0,0,1
DEF03035,High,7.3,87,36.7,5,0.7,0.91,Immediate,71.8,3,4,0,0,1
DEF03036,High,10.0,274,25.9,2,0.67,0.74,Immediate,68.6,3,4,0,0,1
DEF03037,Low,8.8,336,5.1,2,0.08,0.97,Immediate,35.7,1,4,0,0,1
DEF03038,Low,5.1,0,42.0,5,0.36,0.88,Programmed,26.0,1,1,0,0,1
DEF03039,Low,9.6,216,37.2,4,0.28,0.75,Immediate,53.3,1,4,0,0,1
DEF03040,Critical,5.2,152,19.5,3,0.37,0.93,Immediate,77.8,4,4,0,0,1
DEF03041,High,5.9,229,17.9,4,0.81,0.84,Immediate,66.7,3,4,0,0,1
DEF03042,High,7.1,371,41.8,6,0.21,0.9,Immediate,70.4,3,4,0,0,1
DEF03043,Critical,2.8,269,44.1,6,0.85,0.95,Immediate,84.1,4,4,0,0,1
DEF03044,High,1.6,137,19.0,0,0.15,0.86,Immediate,62.8,3,4,0,0,1
DEF03045,High,5.4,220,26.0,2,0.53,0.97,Immediate,67.1,3,4,0,0,1
DEF03046,Low,4.3,246,16.0,2,0.83,0.74,Immediate,45.0,1,4,0,0,1
DEF03047,Low,3.8,0,18.5,1,0.84,0.78,Programmed,13.2,1,1,0,0,1
DEF03048,High,14.5,154,10.4,2,0.16,0.71,Immediate,56.0,3,4,0,0,1
DEF03049,Low,4.7,262,3.1,1,0.54,0.86,Immediate,32.0,1,4,0,0,1
DEF03050,Low,2.4,0,6.7,0,0.01,0.79,Programmed,6.0,1,1,0,0,1
DEF03051,Low,2.2,127,44.5,3,0.14,0.99,Immediate,49.7,1,4,0,0,1
DEF03052,High,5.1,47,27.0,2,0.55,0.89,Immediate,63.9,3,4,0,0,1
DEF03053,Medium,11.9,361,33.1,2,0.14,0.97,Immediate,55.9,2,4,0,0,1
DEF03054,Critical,5.0,150,41.4,2,0.29,0.94,Immediate,81.0,4,4,0,0,1
DEF03055,High,3.0,128,23.7,3,0.16,0.92,Immediate,59.2,3,4,0,0,1
DEF03056,Low,2.3,67,22.0,4,0.08,0.83,Immediate,35.2,1,4,0,0,1
DEF03057,Low,4.6,44,10.9,0,0.25,0.73,Immediate,21.8,1,4,0,0,1
DEF03058,Low,3.4,0,7.7,1,0.15,0.77,Programmed,19.2,1,1,0,0,1
DEF03059,Low,1.6,282,8.8,0,0.34,0.96,Immediate,41.2,1,4,0,0,1
DEF03060,Medium,7.9,251,20.4,3,0.97,0.89,Immediate,50.2,2,4,0,0,1
DEF03061,Medium,7.5,261,41.0,4,0.68,0.73,Immediate,59.6,2,4,0,0,1
DEF03062,Low,2.1,87,38.6,4,0.32,0.99,Immediate,50.5,1,4,0,0,1
DEF03063,Low,5.4,89,31.9,1,0.32,0.95,Immediate,46.7,1,4,0,0,1
DEF03064,Medium,7.6,267,16.4,1,0.37,0.85,Immediate,50.8,2,4,0,0,1
DEF03065,Low,3.4,33,40.1,5,0.13,0.8,Immediate,41.8,1,4,0,0,1
DEF03066,High,6.4,142,41.7,2,0.01,0.82,Immediate,69.2,3,4,0,0,1
DEF03067,Low,8.2,0,11.7,0,0.38,0.98,Programmed,17.8,1,1,0,0,1
DEF03068,Medium,5.7,125,2.0,0,0.77,0.74,Immediate,45.1,2,4,0,0,1
DEF03069,Medium,2.9,80,34.6,3,0.57,0.82,Immediate,54.3,2,4,0,0,1
DEF03070,Medium,6.3,76,17.8,2,0.69,0.9,Immediate,48.0,2,4,0,0,1
DEF03071,Medium,3.0,252,14.3,1,0.32,0.83,Immediate,50.4,2,4,0,0,1
DEF03072,Medium,3.9,236,19.3,3,0.17,0.85,Immediate,51.6,2,4,0,0,1
DEF03073,High,12.8,0,14.9,0,0.84,0.76,This Week,31.3,3,3,0,0,1
DEF03074,High,5.0,226,15.2,0,0.67,0.89,Immediate,65.4,3,4,0,0,1
DEF03075,Low,5.6,102,14.5,2,0.4,0.97,Immediate,38.3,1,4,0,0,1
DEF03076,High,9.8,84,17.4,0,0.95,0.8,Immediate,68.3,3,4,0,0,1
DEF03077,High,6.6,220,4.1,0,0.94,0.86,Immediate,50.8,3,4,0,0,1
DEF03078,High,8.4,294,22.1,1,0.72,0.94,Immediate,64.4,3,4,0,0,1
DEF03079,High,6.9,362,4.8,0,0.74,0.97,Immediate,58.8,3,4,0,0,1
DEF03080,Medium,6.9,270,7.5,1,0.01,0.81,Immediate,42.4,2,4,0,0,1
DEF03081,High,2.9,16,42.6,1,0.51,0.87,This Week,51.1,3,3,0,0,1
DEF03082,Medium,12.8,180,15.9,0,0.37,0.76,Immediate,47.4,2,4,0,0,1
DEF03083,Low,3.0,178,18.8,4,0.05,0.73,Immediate,49.4,1,4,0,0,1
DEF03084,Medium,4.0,241,26.8,3,0.12,0.76,Immediate,49.9,2,4,0,0,1
DEF03085,High,12.3,347,2.8,2,0.99,0.86,Immediate,61.4,3,4,0,0,1
DEF03086,High,7.7,356,39.5,2,0.32,0.9,Immediate,70.2,3,4,0,0,1
DEF03087,Low,5.3,112,18.0,4,0.39,0.73,Immediate,46.3,1,4,0,0,1
DEF03088,Low,4.3,0,9.7,0,0.33,0.77,Programmed,11.9,1,1,0,0,1
DEF03089,Medium,6.8,334,2.7,0,0.1,0.89,Immediate,45.3,2,4,0,0,1
DEF03090,Medium,2.8,333,13.2,3,0.17,0.88,Immediate,49.5,2,4,0,0,1
DEF03091,High,15.4,281,25.6,3,0.23,0.76,Immediate,65.0,3,4,0,0,1
DEF03092,Medium,2.4,378,41.9,1,0.39,0.96,Immediate,56.0,2,4,0,0,1
DEF03093,Critical,8.3,105,14.9,1,0.08,0.83,Immediate,71.6,4,4,0,0,1
DEF03094,High,6.7,236,34.4,2,0.82,0.7,Immediate,65.6,3,4,0,0,1
DEF03095,Medium,5.7,299,42.4,2,0.34,0.9,Immediate,59.9,2,4,0,0,1
DEF03096,Low,9.0,224,38.4,5,0.8,0.91,Immediate,50.8,1,4,0,0,1
DEF03097,Low,10.4,88,6.0,0,0.26,0.86,Immediate,34.7,1,4,0,0,1
DEF03098,Critical,9.2,181,44.7,9,0.86,0.93,Immediate,87.8,4,4,0,0,1
DEF03099,Low,5.3,91,6.4,1,0.03,0.98,Immediate,39.6,1,4,0,0,1
DEF03100,High,7.2,311,19.2,4,0.73,0.77,Immediate,57.9,3,4,0,0,1
DEF03101,High,14.2,380,10.9,4,0.53,0.74,Immediate,67.8,3,4,0,0,1
DEF03102,Medium,13.0,284,43.2,9,1.0,0.73,Immediate,66.2,2,4,0,0,1
DEF03103,High,4.9,376,5.7,0,0.2,0.92,Immediate,58.8,3,4,0,0,1
DEF03104,Low,4.0,236,37.0,5,0.99,0.9,Immediate,49.0,1,4,0,0,1
DEF03105,Medium,2.9,154,8.8,1,0.33,0.93,Immediate,50.9,2,4,0,0,1
DEF03106,High,6.0,113,4.6,1,0.51,0.74,Immediate,51.4,3,4,0,0,1
DEF03107,Medium,3.9,14,19.0,6,0.58,0.91,This Week,32.4,2,3,0,0,1
DEF03108,Critical,18.3,70,24.4,2,0.3,0.87,Immediate,80.1,4,4,0,0,1
DEF03109,High,5.1,382,16.6,5,0.13,0.75,Immediate,64.2,3,4,0,0,1
DEF03110,Low,3.4,0,37.4,3,0.75,0.72,Programmed,26.1,1,1,0,0,1
DEF03111,Medium,8.5,151,42.3,4,0.65,0.88,Immediate,57.2,2,4,0,0,1
DEF03112,High,3.2,365,18.4,2,0.87,0.73,Immediate,62.3,3,4,0,0,1
DEF03113,Low,9.5,155,20.5,2,0.11,0.92,Immediate,39.6,1,4,0,0,1
DEF03114,Low,9.8,219,12.3,2,0.54,0.85,Immediate,42.0,1,4,0,0,1
DEF03115,Medium,5.7,111,36.8,2,0.09,0.98,Immediate,59.0,2,4,0,0,1
DEF03116,Low,5.0,0,20.2,1,0.71,0.87,Programmed,21.5,1,1,0,0,1
DEF03117,Low,4.9,98,30.9,2,0.32,0.94,Immediate,44.9,1,4,0,0,1
DEF03118,High,4.5,106,44.9,4,0.29,0.85,Immediate,74.6,3,4,0,0,1
DEF03119,Low,3.4,0,43.7,4,0.37,0.96,Programmed,25.3,1,1,0,0,1
DEF03120,Medium,5.2,79,15.8,0,0.18,0.89,Immediate,51.0,2,4,0,0,1
DEF03121,High,3.6,179,1.4,0,0.25,0.99,Immediate,59.0,3,4,0,0,1
DEF03122,High,11.0,212,31.2,4,0.07,0.8,Immediate,69.9,3,4,0,0,1
DEF03123,Medium,13.2,0,24.3,2,0.03,0.85,This Month,30.0,2,2,0,0,1
DEF03124,Medium,6.3,8,28.6,1,0.79,0.72,This Month,36.2,2,2,0,0,1
DEF03125,High,9.2,353,9.7,1,0.54,0.84,Immediate,56.1,3,4,0,0,1
DEF03126,High,7.8,14,21.4,4,0.09,0.84,This Week,50.4,3,3,0,0,1
DEF03127,Low,3.9,236,5.4,0,0.86,0.84,Immediate,36.2,1,4,0,0,1
DEF03128,Critical,12.6,283,17.6,1,0.08,0.96,Immediate,76.3,4,4,0,0,1
DEF03129,High,7.7,280,42.5,4,0.28,0.75,Immediate,75.1,3,4,0,0,1
DEF03130,High,4.1,289,30.3,1,0.35,0.86,Immediate,66.5,3,4,0,0,1
DEF03131,Medium,9.7,269,35.9,3,0.29,0.93,Immediate,62.4,2,4,0,0,1
DEF03132,Medium,9.7,29,35.5,4,0.38,0.93,This Week,36.4,2,3,0,0,1
DEF03133,Low,6.5,305,35.8,4,0.25,0.79,Immediate,48.4,1,4,0,0,1
DEF03134,High,15.0,255,40.6,4,0.28,0.77,Immediate,77.3,3,4,0,0,1
DEF03135,Low,4.5,206,38.7,2,0.26,0.72,Immediate,47.3,1,4,0,0,1
DEF03136,Medium,5.8,309,11.8,1,0.08,0.8,Immediate,43.3,2,4,0,0,1
DEF03137,Medium,4.7,36,34.8,5,0.2,0.86,Immediate,53.7,2,4,0,0,1
DEF03138,Low,1.3,0,28.2,5,0.07,0.75,Programmed,26.3,1,1,0,0,1
DEF03139,Low,5.8,53,1.1,0,0.03,0.82,Immediate,34.3,1,4,0,0,1
DEF03140,High,3.9,131,19.3,0,0.23,0.88,Immediate,54.0,3,4,0,0,1
DEF03141,Medium,6.8,313,30.1,4,0.36,0.9,Immediate,47.8,2,4,0,0,1
DEF03142,Critical,17.7,390,18.7,3,0.58,0.71,Immediate,72.2,4,4,0,0,1
DEF03143,Low,4.4,232,27.8,2,0.39,0.92,Immediate,45.8,1,4,0,0,1
DEF03144,Critical,6.1,125,26.4,0,0.94,0.9,Immediate,81.7,4,4,0,0,1
DEF03145,High,7.6,235,26.5,1,0.13,0.88,Immediate,69.8,3,4,0,0,1
DEF03146,High,13.1,124,27.2,3,0.54,0.76,Immediate,64.4,3,4,0,0,1
DEF03147,High,7.6,281,2.2,2,0.91,0.91,Immediate,63.3,3,4,0,0,1
DEF03148,High,7.0,48,30.0,2,0.67,0.95,Immediate,58.9,3,4,0,0,1
DEF03149,Medium,4.4,227,3.8,2,0.77,0.73,Immediate,43.2,2,4,0,0,1
DEF03150,Medium,1.0,17,32.2,5,0.81,0.78,This Week,41.0,2,3,0,0,1
DEF03151,High,2.5,220,4.1,1,0.05,0.74,Immediate,56.6,3,4,0,0,1
DEF03152,High,11.7,366,31.0,3,0.03,0.79,Immediate,68.7,3,4,0,0,1
DEF03153,Critical,17.4,211,15.2,1,0.24,0.75,Immediate,84.7,4,4,0,0,1
DEF03154,Medium,3.0,321,2.8,0,0.93,0.99,Immediate,47.0,2,4,0,0,1
DEF03155,High,6.3,278,20.8,2,0.32,0.79,Immediate,53.0,3,4,0,0,1
DEF03156,Low,5.3,150,30.8,3,0.12,0.91,Immediate,46.9,1,4,0,0,1
DEF03157,Low,6.9,286,37.2,6,0.34,0.78,Immediate,41.9,1,4,0,0,1
DEF03158,Medium,5.0,327,8.7,1,0.68,0.94,Immediate,47.0,2,4,0,0,1
DEF03159,Critical,6.9,35,33.4,2,1.0,0.84,Immediate,66.6,4,4,0,0,1
DEF03160,High,7.2,19,24.4,2,0.24,0.87,This Week,54.0,3,3,0,0,1
DEF03161,Critical,6.0,357,38.4,1,0.82,0.72,Immediate,83.2,4,4,0,0,1
DEF03162,Medium,8.0,160,18.4,5,0.62,0.7,Immediate,59.8,2,4,0,0,1
DEF03163,Low,5.0,0,21.3,0,0.14,0.85,Programmed,14.5,1,1,0,0,1
DEF03164,High,5.5,0,1.1,0,0.11,0.82,This Week,30.2,3,3,0,0,1
DEF03165,Low,4.5,82,41.2,3,0.14,0.94,Immediate,50.0,1,4,0,0,1
DEF03166,Low,4.6,0,14.1,0,0.8,0.71,Programmed,17.8,1,1,0,0,1
DEF03167,Critical,5.0,318,2.4,0,0.84,0.75,Immediate,71.5,4,4,0,0,1
DEF03168,Medium,4.7,160,32.3,6,0.2,0.87,Immediate,59.8,2,4,0,0,1
DEF03169,Medium,3.2,264,26.3,2,0.33,0.97,Immediate,51.1,2,4,0,0,1
DEF03170,Low,4.3,59,16.6,3,0.77,0.76,Immediate,42.5,1,4,0,0,1
DEF03171,Medium,4.1,128,34.6,3,0.86,0.76,Immediate,59.1,2,4,0,0,1
DEF03172,High,7.9,297,36.4,2,0.99,0.84,Immediate,65.9,3,4,0,0,1
DEF03173,Medium,3.0,318,30.2,4,0.86,0.96,Immediate,56.5,2,4,0,0,1
DEF03174,Medium,4.5,55,42.9,3,0.04,0.99,Immediate,57.7,2,4,0,0,1
DEF03175,Low,8.6,27,24.0,4,0.76,0.95,This Week,33.6,1,3,0,0,1
DEF03176,High,10.9,156,19.3,3,0.78,0.9,Immediate,65.4,3,4,0,0,1
DEF03177,Medium,11.5,355,14.7,3,0.35,0.73,Immediate,43.8,2,4,0,0,1
DEF03178,Low,2.4,126,27.7,1,0.96,0.93,Immediate,47.6,1,4,0,0,1
DEF03179,High,4.2,174,4.0,0,0.91,0.87,Immediate,57.1,3,4,0,0,1
DEF03180,High,3.8,340,19.9,3,0.06,0.78,Immediate,62.2,3,4,0,0,1
DEF03181,Medium,11.0,237,10.0,1,0.93,0.79,Immediate,54.8,2,4,0,0,1
DEF03182,High,14.2,238,19.3,0,0.1,0.86,Immediate,60.4,3,4,0,0,1
DEF03183,Low,4.2,177,33.3,2,0.11,0.94,Immediate,41.4,1,4,0,0,1
DEF03184,Medium,7.9,355,43.3,4,0.38,0.89,Immediate,56.4,2,4,0,0,1
DEF03185,Low,12.2,0,29.9,1,0.63,0.71,Programmed,21.5,1,1,0,0,1
DEF03186,Medium,4.8,315,25.3,3,0.24,0.88,Immediate,49.5,2,4,0,0,1
DEF03187,Low,5.4,43,26.4,4,0.12,0.98,Immediate,41.1,1,4,0,0,1
DEF03188,Low,3.6,69,20.4,0,0.95,0.97,Immediate,42.3,1,4,0,0,1
DEF03189,Medium,2.6,12,43.0,10,0.14,0.87,This Week,43.4,2,3,0,0,1
DEF03190,High,3.0,18,16.3,2,0.13,0.98,This Week,37.9,3,3,0,0,1
DEF03191,Medium,7.1,79,20.9,2,0.06,0.88,Immediate,50.4,2,4,0,0,1
DEF03192,Medium,11.5,0,23.8,2,0.02,0.95,This Month,24.5,2,2,0,0,1
DEF03193,Medium,11.2,88,14.3,1,0.99,0.99,Immediate,44.5,2,4,0,0,1
DEF03194,Low,4.3,199,14.1,1,0.95,0.74,Immediate,31.6,1,4,0,0,1
DEF03195,Low,3.9,69,31.0,4,0.6,0.85,Immediate,38.5,1,4,0,0,1
DEF03196,Medium,3.2,237,30.2,7,0.29,0.95,Immediate,55.0,2,4,0,0,1
DEF03197,High,7.7,66,26.4,3,0.01,0.96,Immediate,68.0,3,4,0,0,1
DEF03198,Medium,2.5,24,25.2,2,0.88,0.86,This Week,43.0,2,3,0,0,1
DEF03199,Low,1.7,234,40.2,4,0.75,0.85,Immediate,53.7,1,4,0,0,1
DEF03200,Critical,11.5,263,33.3,2,0.91,0.91,Immediate,82.2,4,4,0,0,1
DEF03201,Medium,4.8,0,44.1,2,0.85,0.77,This Month,31.5,2,2,0,0,1
DEF03202,Medium,3.2,52,19.8,3,0.02,0.8,Immediate,52.1,2,4,0,0,1
DEF03203,Medium,11.1,0,3.2,0,0.71,0.77,This Month,27.5,2,2,0,0,1
DEF03204,High,2.2,247,37.1,3,0.9,0.78,Immediate,70.0,3,4,0,0,1
DEF03205,Low,7.8,226,27.2,8,0.24,0.72,Immediate,46.6,1,4,0,0,1
DEF03206,High,6.6,106,25.3,4,0.05,0.92,Immediate,56.8,3,4,0,0,1
DEF03207,Medium,5.1,0,21.0,4,0.57,0.85,This Month,31.9,2,2,0,0,1
DEF03208,Medium,5.7,111,26.9,1,0.04,0.83,Immediate,49.0,2,4,0,0,1
DEF03209,Medium,8.7,124,37.9,3,0.95,0.98,Immediate,60.8,2,4,0,0,1
DEF03210,High,6.4,346,27.4,3,0.55,0.97,Immediate,58.4,3,4,0,0,1
DEF03211,High,5.6,0,4.0,1,0.99,0.89,This Week,38.2,3,3,0,0,1
DEF03212,Medium,11.7,272,36.9,3,0.36,0.77,Immediate,55.5,2,4,0,0,1
DEF03213,Medium,2.4,58,38.8,6,0.09,0.9,Immediate,58.9,2,4,0,0,1
DEF03214,Medium,1.7,224,10.6,0,0.81,0.93,Immediate,47.6,2,4,0,0,1
DEF03215,High,8.9,167,32.0,2,0.72,0.72,Immediate,72.6,3,4,0,0,1
DEF03216,Low,1.7,0,17.1,2,0.33,0.93,Programmed,18.2,1,1,0,0,1
DEF03217,Low,7.0,0,40.8,0,0.16,0.82,Programmed,18.6,1,1,0,0,1
DEF03218,Medium,8.0,189,24.8,1,0.12,0.91,Immediate,53.2,2,4,0,0,1
DEF03219,Medium,5.1,297,43.3,5,0.04,0.72,Immediate,51.5,2,4,0,0,1
DEF03220,Low,3.0,126,14.5,2,0.89,0.78,Immediate,45.5,1,4,0,0,1
DEF03221,Low,3.8,0,31.6,3,0.29,0.83,Programmed,28.0,1,1,0,0,1
DEF03222,Medium,2.2,284,12.5,1,0.25,0.7,Immediate,39.4,2,4,0,0,1
DEF03223,High,16.0,328,29.4,3,0.02,0.86,Immediate,72.9,3,4,0,0,1
DEF03224,High,4.4,125,3.3,0,0.08,0.91,Immediate,66.0,3,4,0,0,1
DEF03225,Medium,8.0,280,31.3,3,0.23,0.89,Immediate,56.9,2,4,0,0,1
DEF03226,Medium,9.0,170,4.1,0,0.08,0.72,Immediate,48.0,2,4,0,0,1
DEF03227,Low,5.2,297,1.6,0,0.66,0.8,Immediate,32.7,1,4,0,0,1
DEF03228,Critical,8.7,355,27.2,3,0.84,0.94,Immediate,80.9,4,4,0,0,1
DEF03229,High,5.2,293,10.8,1,0.87,0.71,Immediate,65.0,3,4,0,0,1
DEF03230,Critical,10.5,189,13.5,2,0.68,0.8,Immediate,74.9,4,4,0,0,1
DEF03231,Medium,6.0,105,24.1,1,0.29,0.9,Immediate,52.1,2,4,0,0,1
DEF03232,Low,10.0,243,29.4,6,0.6,0.92,Immediate,51.4,1,4,0,0,1
DEF03233,Medium,13.3,108,29.1,4,0.13,0.98,Immediate,53.2,2,4,0,0,1
DEF03234,Critical,6.6,201,43.5,5,0.29,0.84,Immediate,85.7,4,4,0,0,1
DEF03235,Critical,10.0,20,43.1,5,0.17,0.87,Immediate,60.7,4,4,0,0,1
DEF03236,High,8.8,145,2.7,1,0.21,0.71,Immediate,60.0,3,4,0,0,1
DEF03237,High,4.3,230,2.4,0,0.29,0.71,Immediate,59.1,3,4,0,0,1
DEF03238,Medium,6.6,94,16.8,3,0.35,0.73,Immediate,47.0,2,4,0,0,1
DEF03239,Critical,17.4,294,12.4,1,0.63,0.88,Immediate,69.8,4,4,0,0,1
DEF03240,Low,6.7,140,21.6,1,0.82,0.89,Immediate,45.8,1,4,0,0,1
DEF03241,Critical,5.2,176,31.9,4,0.8,0.98,Immediate,79.7,4,4,0,0,1
DEF03242,Low,4.9,40,43.4,4,0.55,0.7,Immediate,50.1,1,4,0,0,1
DEF03243,Critical,3.9,243,7.2,1,0.33,0.78,Immediate,76.2,4,4,0,0,1
DEF03244,High,14.4,168,31.1,4,0.06,0.86,Immediate,64.7,3,4,0,0,1
DEF03245,Low,8.1,152,3.3,1,0.3,0.73,Immediate,33.3,1,4,0,0,1
DEF03246,Critical,6.3,257,30.7,1,0.11,0.72,Immediate,76.9,4,4,0,0,1
DEF03247,Critical,6.6,0,35.4,2,0.14,0.93,Immediate,57.7,4,4,0,0,1
DEF03248,Critical,6.0,316,40.3,5,0.34,0.82,Immediate,86.7,4,4,0,0,1
DEF03249,High,4.8,28,28.7,3,0.09,0.77,This Week,48.7,3,3,0,0,1
DEF03250,Medium,2.6,171,28.3,3,0.88,0.79,Immediate,57.6,2,4,0,0,1
DEF03251,High,3.4,22,6.7,1,0.3,0.71,This Week,48.5,3,3,0,0,1
DEF03252,Low,4.5,0,19.7,4,0.82,0.98,Programmed,17.6,1,1,0,0,1
DEF03253,Medium,7.5,299,38.8,6,0.67,0.74,Immediate,61.0,2,4,0,0,1
DEF03254,Critical,4.1,103,1.0,1,0.34,0.8,Immediate,67.7,4,4,0,0,1
DEF03255,Low,2.8,33,15.0,3,0.33,0.71,Immediate,28.4,1,4,0,0,1
DEF03256,High,7.2,29,17.9,1,0.15,0.89,This Week,43.2,3,3,0,0,1
DEF03257,Low,5.4,149,42.7,4,0.95,0.7,Immediate,51.9,1,4,0,0,1
DEF03258,Medium,7.4,106,43.8,3,0.26,0.92,Immediate,56.2,2,4,0,0,1
DEF03259,Critical,17.9,351,36.5,4,0.32,0.98,Immediate,83.2,4,4,0,0,1
DEF03260,Critical,15.9,177,13.3,1,0.86,0.75,Immediate,74.3,4,4,0,0,1
DEF03261,Low,2.0,0,12.0,1,0.65,0.71,Programmed,5.0,1,1,0,0,1
DEF03262,High,15.0,257,20.8,4,0.19,0.96,Immediate,73.7,3,4,0,0,1
DEF03263,High,15.8,112,19.7,2,0.65,0.85,Immediate,66.3,3,4,0,0,1
DEF03264,Low,5.0,7,37.4,6,0.32,0.89,Programmed,31.9,1,1,0,0,1
DEF03265,Low,1.0,245,40.2,3,0.08,0.97,Immediate,44.2,1,4,0,0,1
DEF03266,High,4.6,375,22.5,0,0.22,0.71,Immediate,69.0,3,4,0,0,1
DEF03267,Low,10.5,0,32.2,4,0.52,0.7,Programmed,21.9,1,1,0,0,1
DEF03268,Medium,4.0,86,26.9,1,0.91,0.82,Immediate,56.5,2,4,0,0,1
DEF03269,High,3.5,283,29.7,4,0.94,0.94,Immediate,71.8,3,4,0,0,1
DEF03270,High,4.5,115,27.4,5,0.59,0.9,Immediate,71.4,3,4,0,0,1
DEF03271,High,10.1,199,9.3,2,0.07,0.91,Immediate,61.5,3,4,0,0,1
DEF03272,Low,4.3,61,37.6,3,0.62,0.89,Immediate,52.9,1,4,0,0,1
DEF03273,Critical,7.6,231,13.6,1,0.29,0.7,Immediate,67.5,4,4,0,0,1
DEF03274,Critical,8.3,52,3.8,0,0.15,0.86,Immediate,73.0,4,4,0,0,1
DEF03275,High,5.9,204,10.4,2,0.68,0.98,Immediate,58.3,3,4,0,0,1
DEF03276,Critical,4.2,265,31.6,6,0.73,0.78,Immediate,86.0,4,4,0,0,1
DEF03277,Low,6.9,1,17.2,3,0.17,0.84,Programmed,12.8,1,1,0,0,1
DEF03278,Critical,7.4,351,16.2,3,0.22,0.94,Immediate,75.9,4,4,0,0,1
DEF03279,Medium,2.6,58,21.8,3,0.96,0.92,Immediate,52.6,2,4,0,0,1
DEF03280,High,7.3,18,12.7,6,0.15,0.92,This Week,51.2,3,3,0,0,1
DEF03281,Medium,3.0,0,9.0,1,0.23,0.7,This Month,15.5,2,2,0,0,1
DEF03282,High,3.1,109,24.2,3,0.28,0.85,Immediate,67.2,3,4,0,0,1
DEF03283,Critical,7.2,30,44.0,6,0.05,0.79,Immediate,75.1,4,4,0,0,1
DEF03284,Medium,2.9,252,44.1,7,0.53,0.84,Immediate,62.3,2,4,0,0,1
DEF03285,Medium,12.6,258,26.8,1,0.59,0.87,Immediate,58.2,2,4,0,0,1
DEF03286,Low,3.3,104,35.2,4,0.23,0.75,Immediate,43.9,1,4,0,0,1
DEF03287,Low,9.7,0,28.6,7,0.63,0.81,Programmed,26.5,1,1,0,0,1
DEF03288,Medium,10.8,113,6.6,2,0.39,0.93,Immediate,44.6,2,4,0,0,1
DEF03289,Medium,3.5,109,21.2,2,0.05,0.71,Immediate,52.6,2,4,0,0,1
DEF03290,Medium,11.7,0,18.6,7,0.07,0.96,This Month,26.0,2,2,0,0,1
DEF03291,Medium,5.0,0,19.3,2,0.03,0.71,This Month,28.5,2,2,0,0,1
DEF03292,Medium,11.3,364,25.1,4,0.07,0.88,Immediate,54.4,2,4,0,0,1
DEF03293,High,6.0,124,1.7,0,0.63,0.8,Immediate,53.2,3,4,0,0,1
DEF03294,Critical,7.7,145,25.9,6,0.51,0.8,Immediate,90.5,4,4,0,0,1
DEF03295,Medium,6.8,199,16.8,1,0.99,0.97,Immediate,45.7,2,4,0,0,1
DEF03296,Medium,8.3,263,22.9,2,0.64,0.96,Immediate,48.4,2,4,0,0,1
DEF03297,Critical,16.6,222,32.2,4,0.18,0.87,Immediate,85.9,4,4,0,0,1
DEF03298,High,4.1,153,24.6,4,0.94,0.81,Immediate,68.9,3,4,0,0,1
DEF03299,Medium,2.5,261,25.6,3,0.29,0.79,Immediate,56.2,2,4,0,0,1
DEF03300,High,7.6,224,26.1,1,0.31,0.82,Immediate,67.5,3,4,0,0,1
DEF03301,Low,2.4,13,9.4,1,0.09,0.82,This Week,11.2,1,3,0,0,1
DEF03302,High,7.1,13,8.5,0,0.06,0.82,This Week,47.6,3,3,0,0,1
DEF03303,High,3.5,342,40.3,6,0.91,0.74,Immediate,75.3,3,4,0,0,1
DEF03304,Low,11.7,0,21.7,3,0.53,0.82,Programmed,20.4,1,1,0,0,1
DEF03305,Medium,5.1,0,19.1,2,0.23,0.85,This Month,22.5,2,2,0,0,1
DEF03306,Low,3.9,35,23.3,0,0.31,0.93,Immediate,33.5,1,4,0,0,1
DEF03307,Low,5.4,224,36.8,3,0.83,0.98,Immediate,45.9,1,4,0,0,1
DEF03308,Low,3.0,119,25.1,1,0.35,0.86,Immediate,45.8,1,4,0,0,1
DEF03309,Low,4.7,176,10.3,0,0.24,0.77,Immediate,40.1,1,4,0,0,1
DEF03310,Medium,1.8,209,13.6,0,0.06,0.95,Immediate,47.0,2,4,0,0,1
DEF03311,Medium,4.7,152,45.0,9,0.76,0.72,Immediate,59.1,2,4,0,0,1
DEF03312,Low,4.5,115,17.0,1,0.22,0.79,Immediate,42.4,1,4,0,0,1
DEF03313,Medium,3.0,87,20.9,2,0.16,0.89,Immediate,48.0,2,4,0,0,1
DEF03314,Critical,16.3,324,25.0,3,0.37,0.77,Immediate,76.7,4,4,0,0,1
DEF03315,High,12.8,155,17.7,0,0.04,0.87,Immediate,66.1,3,4,0,0,1
DEF03316,Critical,7.4,189,31.1,3,0.86,0.88,Immediate,77.8,4,4,0,0,1
DEF03317,Low,3.8,167,11.0,1,0.98,0.71,Immediate,42.4,1,4,0,0,1
DEF03318,Medium,4.0,49,20.3,0,0.57,0.95,Immediate,48.2,2,4,0,0,1
DEF03319,Medium,12.6,160,12.4,0,0.0,0.98,Immediate,48.4,2,4,0,0,1
DEF03320,Critical,7.9,183,44.7,2,0.68,0.76,Immediate,72.6,4,4,0,0,1
DEF03321,High,7.4,182,27.1,2,0.85,0.77,Immediate,65.8,3,4,0,0,1
DEF03322,High,9.6,80,6.2,0,0.15,0.91,Immediate,59.2,3,4,0,0,1
DEF03323,Critical,8.6,370,24.5,0,0.21,0.91,Immediate,80.7,4,4,0,0,1
DEF03324,Medium,4.2,78,10.2,3,0.79,0.89,Immediate,50.3,2,4,0,0,1
DEF03325,High,7.2,225,8.4,1,0.03,0.78,Immediate,59.0,3,4,0,0,1
DEF03326,Low,3.7,0,42.8,4,0.28,0.75,Programmed,22.6,1,1,0,0,1
DEF03327,Medium,3.9,264,24.2,2,0.94,0.96,Immediate,52.6,2,4,0,0,1
DEF03328,High,13.9,0,36.8,4,0.67,0.95,This Week,45.5,3,3,0,0,1
DEF03329,High,5.4,228,13.1,0,0.21,0.83,Immediate,63.9,3,4,0,0,1
DEF03330,Medium,4.3,340,14.8,1,0.26,0.74,Immediate,48.9,2,4,0,0,1
DEF03331,Low,4.4,75,34.8,4,0.32,0.83,Immediate,42.5,1,4,0,0,1
DEF03332,High,8.3,170,27.0,5,0.89,0.95,Immediate,70.2,3,4,0,0,1
DEF03333,Medium,5.1,150,43.1,8,0.27,0.81,Immediate,57.4,2,4,0,0,1
DEF03334,Medium,7.5,68,30.4,5,0.35,0.86,Immediate,55.9,2,4,0,0,1
DEF03335,High,3.1,88,24.5,2,0.37,0.77,Immediate,64.2,3,4,0,0,1
DEF03336,Low,10.5,158,12.0,1,0.3,0.7,Immediate,41.1,1,4,0,0,1
DEF03337,Medium,6.0,198,15.9,3,0.03,0.71,Immediate,46.4,2,4,0,0,1
DEF03338,High,6.5,74,27.5,3,0.14,0.86,Immediate,66.1,3,4,0,0,1
DEF03339,Medium,2.7,11,13.9,1,0.67,0.75,This Week,24.3,2,3,0,0,1
DEF03340,Low,4.4,129,43.2,6,0.32,0.99,Immediate,57.8,1,4,0,0,1
DEF03341,Critical,7.9,103,12.8,2,0.02,0.77,Immediate,67.5,4,4,0,0,1
DEF03342,Critical,17.0,74,38.4,4,0.28,0.73,Immediate,72.2,4,4,0,0,1
DEF03343,High,6.6,207,44.0,1,0.12,0.94,Immediate,61.7,3,4,0,0,1
DEF03344,High,3.8,67,3.8,0,0.21,0.88,Immediate,57.5,3,4,0,0,1
DEF03345,Medium,6.0,351,11.2,0,0.32,0.78,Immediate,44.6,2,4,0,0,1
DEF03346,Medium,3.7,291,25.3,4,0.21,0.98,Immediate,58.4,2,4,0,0,1
DEF03347,Medium,7.0,91,2.3,0,0.21,0.75,Immediate,46.6,2,4,0,0,1
DEF03348,Low,5.1,325,39.8,4,0.83,0.75,Immediate,48.6,1,4,0,0,1
DEF03349,Medium,10.8,293,33.0,2,0.06,0.78,Immediate,57.6,2,4,0,0,1
DEF03350,Low,9.4,184,15.8,0,0.59,0.98,Immediate,37.3,1,4,0,0,1
DEF03351,Medium,3.7,290,25.6,2,0.79,0.91,Immediate,56.0,2,4,0,0,1
DEF03352,Low,7.1,84,41.9,4,0.3,0.73,Immediate,55.6,1,4,0,0,1
DEF03353,Low,3.8,287,3.4,0,0.39,0.94,Immediate,32.5,1,4,0,0,1
DEF03354,Low,4.9,72,18.7,1,0.36,0.88,Immediate,52.0,1,4,0,0,1
DEF03355,Medium,4.4,234,31.0,3,0.14,0.8,Immediate,59.5,2,4,0,0,1
DEF03356,High,14.1,216,18.7,1,0.99,0.97,Immediate,61.9,3,4,0,0,1
DEF03357,Medium,5.2,214,36.8,3,0.09,0.94,Immediate,47.6,2,4,0,0,1
DEF03358,Medium,2.4,264,6.4,1,0.78,0.95,Immediate,53.1,2,4,0,0,1
DEF03359,Critical,5.1,140,2.5,1,0.89,0.97,Immediate,64.8,4,4,0,0,1
DEF03360,High,3.2,225,26.2,2,0.17,0.91,Immediate,64.7,3,4,0,0,1
DEF03361,Critical,6.4,271,32.0,0,0.76,0.84,Immediate,76.9,4,4,0,0,1
DEF03362,Critical,16.3,118,36.8,2,0.77,0.85,Immediate,75.9,4,4,0,0,1
DEF03363,Medium,9.0,218,15.0,2,0.58,0.91,Immediate,51.4,2,4,0,0,1
DEF03364,High,6.5,270,23.1,2,0.18,0.81,Immediate,66.8,3,4,0,0,1
DEF03365,Low,2.6,173,23.3,2,0.32,0.93,Immediate,38.2,1,4,0,0,1
DEF03366,High,9.5,18,35.5,4,0.7,0.75,This Week,53.3,3,3,0,0,1
DEF03367,High,6.8,350,12.3,1,0.3,0.72,Immediate,59.7,3,4,0,0,1
DEF03368,Medium,5.0,163,20.8,2,0.98,0.84,Immediate,50.2,2,4,0,0,1
DEF03369,Low,1.9,78,18.2,5,0.51,0.91,Immediate,51.8,1,4,0,0,1
DEF03370,High,5.2,144,22.1,4,0.2,0.8,Immediate,60.3,3,4,0,0,1
DEF03371,Low,3.2,264,19.8,2,0.86,0.92,Immediate,40.4,1,4,0,0,1
DEF03372,Critical,9.1,175,12.3,1,0.25,0.72,Immediate,69.2,4,4,0,0,1
DEF03373,Medium,9.7,212,13.3,1,0.32,0.77,Immediate,44.2,2,4,0,0,1
DEF03374,Low,4.2,18,10.0,1,0.25,0.84,This Week,22.0,1,3,0,0,1
DEF03375,Low,1.4,1,25.2,2,0.58,0.85,Programmed,15.3,1,1,0,0,1
DEF03376,Low,4.3,26,17.0,1,0.26,0.74,This Week,30.2,1,3,0,0,1
DEF03377,Medium,10.8,150,21.4,1,0.39,0.92,Immediate,42.2,2,4,0,0,1
DEF03378,High,4.2,120,22.6,1,0.58,0.84,Immediate,64.4,3,4,0,0,1
DEF03379,Critical,4.5,203,44.4,3,0.31,0.84,Immediate,82.9,4,4,0,0,1
DEF03380,Medium,11.0,161,43.5,2,0.14,0.8,Immediate,50.1,2,4,0,0,1
DEF03381,Low,3.8,273,26.1,1,0.37,0.86,Immediate,39.7,1,4,0,0,1
DEF03382,Low,8.9,0,20.4,0,0.14,0.88,Programmed,17.1,1,1,0,0,1
DEF03383,Medium,3.8,0,10.9,0,0.08,0.86,This Month,27.8,2,2,0,0,1
DEF03384,Medium,3.8,355,11.4,2,0.39,0.92,Immediate,53.1,2,4,0,0,1
DEF03385,Medium,3.6,40,41.9,1,0.69,0.83,Immediate,40.5,2,4,0,0,1
DEF03386,Low,6.3,193,39.5,6,0.38,0.96,Immediate,50.6,1,4,0,0,1
DEF03387,Low,3.9,30,2.5,0,0.2,0.77,This Week,19.7,1,3,0,0,1
DEF03388,Medium,7.0,103,13.6,1,0.13,0.83,Immediate,57.7,2,4,0,0,1
DEF03389,High,13.7,29,17.2,2,0.36,0.88,This Week,46.0,3,3,0,0,1
DEF03390,Medium,9.5,204,10.3,2,0.89,0.7,Immediate,51.1,2,4,0,0,1
DEF03391,Medium,12.5,279,42.2,2,0.14,0.95,Immediate,59.0,2,4,0,0,1
DEF03392,Low,2.1,257,32.3,6,0.54,0.79,Immediate,50.9,1,4,0,0,1
DEF03393,Medium,7.9,211,4.9,1,0.24,0.89,Immediate,44.9,2,4,0,0,1
DEF03394,High,7.0,148,35.6,5,0.25,0.89,Immediate,70.4,3,4,0,0,1
DEF03395,High,8.0,355,30.0,5,0.72,0.78,Immediate,66.5,3,4,0,0,1
DEF03396,Low,4.7,0,11.3,2,0.34,0.99,Programmed,28.1,1,1,0,0,1
DEF03397,High,15.2,171,44.3,1,0.26,0.86,Immediate,65.7,3,4,0,0,1
DEF03398,Medium,2.6,49,34.6,2,0.02,0.91,Immediate,52.8,2,4,0,0,1
DEF03399,High,7.8,313,27.4,5,0.79,0.96,Immediate,59.8,3,4,0,0,1
DEF03400,High,14.5,282,43.8,5,0.32,0.74,Immediate,67.7,3,4,0,0,1
DEF03401,Low,11.0,204,41.3,5,0.28,0.8,Immediate,50.2,1,4,0,0,1
DEF03402,Low,9.1,61,5.7,1,0.1,0.82,Immediate,39.1,1,4,0,0,1
DEF03403,High,4.9,219,26.1,1,0.02,0.73,Immediate,66.0,3,4,0,0,1
DEF03404,High,5.9,361,44.0,4,0.38,0.76,Immediate,69.1,3,4,0,0,1
DEF03405,Medium,4.0,338,33.1,3,0.95,0.84,Immediate,54.7,2,4,0,0,1
DEF03406,Low,3.8,96,11.3,2,0.26,0.76,Immediate,37.4,1,4,0,0,1
DEF03407,Medium,9.9,158,1.0,0,0.26,0.76,Immediate,50.3,2,4,0,0,1
DEF03408,Medium,9.7,121,7.9,0,0.68,0.91,Immediate,55.7,2,4,0,0,1
DEF03409,Critical,11.6,332,5.3,2,0.16,0.88,Immediate,74.6,4,4,0,0,1
DEF03410,Medium,4.4,254,44.4,6,0.17,0.94,Immediate,62.3,2,4,0,0,1
DEF03411,Low,1.0,0,13.9,2,0.06,0.71,Programmed,14.9,1,1,0,0,1
DEF03412,Critical,15.5,350,11.6,1,0.01,0.91,Immediate,77.4,4,4,0,0,1
DEF03413,Low,8.6,146,23.1,2,0.27,0.74,Immediate,49.6,1,4,0,0,1
DEF03414,Low,5.2,156,34.5,4,0.2,0.74,Immediate,50.2,1,4,0,0,1
DEF03415,High,15.7,280,44.0,5,0.04,0.9,Immediate,72.6,3,4,0,0,1
DEF03416,Medium,5.8,73,3.2,0,0.95,0.74,Immediate,47.8,2,4,0,0,1
DEF03417,High,5.4,50,2.4,0,0.18,0.93,Immediate,57.5,3,4,0,0,1
DEF03418,High,10.0,332,25.7,2,0.06,0.98,Immediate,61.7,3,4,0,0,1
DEF03419,Critical,8.7,397,7.9,2,0.34,0.73,Immediate,75.9,4,4,0,0,1
DEF03420,Low,3.0,53,43.5,1,0.22,0.92,Immediate,44.0,1,4,0,0,1
DEF03421,Critical,5.9,131,39.4,6,0.02,0.92,Immediate,82.3,4,4,0,0,1
DEF03422,Medium,4.2,305,24.9,1,0.24,0.84,Immediate,49.7,2,4,0,0,1
DEF03423,High,14.5,349,39.4,5,0.21,0.94,Immediate,71.1,3,4,0,0,1
DEF03424,Low,7.1,57,39.7,4,0.0,0.88,Immediate,48.9,1,4,0,0,1
DEF03425,Medium,8.9,189,4.4,1,0.06,0.94,Immediate,41.4,2,4,0,0,1
DEF03426,Low,2.4,141,21.2,2,0.08,0.85,Immediate,32.0,1,4,0,0,1
DEF03427,High,5.1,138,38.6,7,0.05,0.72,Immediate,69.0,3,4,0,0,1
DEF03428,Critical,11.2,38,25.8,6,0.56,0.81,Immediate,70.6,4,4,0,0,1
DEF03429,Medium,2.6,178,38.8,4,0.73,0.93,Immediate,57.2,2,4,0,0,1
DEF03430,High,4.5,267,34.2,2,0.16,0.76,Immediate,64.5,3,4,0,0,1
DEF03431,Critical,6.1,231,11.9,2,0.11,0.94,Immediate,72.9,4,4,0,0,1
DEF03432,High,15.2,67,8.4,1,0.7,0.72,Immediate,68.0,3,4,0,0,1
DEF03433,Low,2.3,202,20.7,1,0.06,0.99,Immediate,45.1,1,4,0,0,1
DEF03434,Low,5.4,206,39.5,9,0.79,0.93,Immediate,52.6,1,4,0,0,1
DEF03435,Medium,5.2,221,4.2,0,0.73,0.95,Immediate,38.0,2,4,0,0,1
DEF03436,Medium,7.0,281,15.0,1,0.32,0.74,Immediate,44.2,2,4,0,0,1
DEF03437,Critical,17.1,343,36.7,4,0.72,0.98,Immediate,88.2,4,4,0,0,1
DEF03438,Medium,12.8,157,44.5,5,0.57,0.84,Immediate,67.6,2,4,0,0,1
DEF03439,High,7.9,89,40.2,1,0.27,0.97,Immediate,61.2,3,4,0,0,1
DEF03440,Low,3.1,79,12.2,2,0.51,0.84,Immediate,31.6,1,4,0,0,1
DEF03441,Critical,9.1,393,16.4,3,0.77,0.8,Immediate,78.1,4,4,0,0,1
DEF03442,Low,3.1,96,5.6,0,0.64,0.96,Immediate,39.2,1,4,0,0,1
DEF03443,Medium,4.8,291,41.2,6,0.8,0.77,Immediate,59.7,2,4,0,0,1
DEF03444,High,2.2,240,4.5,0,0.03,0.75,Immediate,69.2,3,4,0,0,1
DEF03445,High,6.6,354,31.0,2,0.69,0.94,Immediate,63.9,3,4,0,0,1
DEF03446,Low,1.5,166,44.8,3,0.82,0.86,Immediate,46.6,1,4,0,0,1
DEF03447,Low,3.5,0,37.9,5,0.36,0.92,Programmed,17.1,1,1,0,0,1
DEF03448,Medium,7.3,131,36.1,6,0.11,0.79,Immediate,56.3,2,4,0,0,1
DEF03449,Critical,5.7,180,27.3,0,0.12,0.9,Immediate,75.9,4,4,0,0,1
DEF03450,Low,4.8,99,30.4,1,0.09,0.71,Immediate,46.9,1,4,0,0,1
DEF03451,Low,10.0,327,34.3,4,0.27,0.98,Immediate,42.8,1,4,0,0,1
DEF03452,Critical,7.0,164,24.4,0,0.23,0.71,Immediate,62.2,4,4,0,0,1
DEF03453,Critical,10.4,174,19.5,1,0.54,0.7,Immediate,75.3,4,4,0,0,1
DEF03454,Medium,4.0,189,24.4,2,0.02,0.88,Immediate,47.6,2,4,0,0,1
DEF03455,Low,4.0,0,11.5,0,0.15,0.81,Programmed,8.9,1,1,0,0,1
DEF03456,High,7.8,223,25.8,2,0.34,0.72,Immediate,68.0,3,4,0,0,1
DEF03457,Low,1.9,330,15.4,1,0.07,0.82,Immediate,36.8,1,4,0,0,1
DEF03458,Critical,11.6,146,35.6,7,0.64,0.72,Immediate,87.5,4,4,0,0,1
DEF03459,Critical,10.5,230,33.7,1,0.72,0.92,Immediate,74.7,4,4,0,0,1
DEF03460,Low,7.2,43,39.2,3,0.57,0.78,Immediate,36.4,1,4,0,0,1
DEF03461,Medium,8.6,65,23.6,2,0.62,0.96,Immediate,53.5,2,4,0,0,1
DEF03462,Medium,3.7,253,36.7,7,0.27,0.72,Immediate,66.9,2,4,0,0,1
DEF03463,Medium,4.5,6,36.6,3,0.07,0.81,This Month,32.7,2,2,0,0,1
DEF03464,Medium,4.9,103,26.5,5,0.68,0.93,Immediate,54.4,2,4,0,0,1
DEF03465,Low,7.9,33,40.9,4,0.11,0.85,Immediate,40.9,1,4,0,0,1
DEF03466,Critical,8.9,97,13.7,2,0.1,0.89,Immediate,70.1,4,4,0,0,1
DEF03467,High,4.3,19,38.0,4,0.86,0.95,This Week,56.2,3,3,0,0,1
DEF03468,High,13.4,187,21.0,0,0.79,0.7,Immediate,61.8,3,4,0,0,1
DEF03469,Medium,9.1,358,33.6,2,0.8,0.71,Immediate,51.4,2,4,0,0,1
DEF03470,Medium,4.2,236,19.2,1,0.98,0.72,Immediate,52.3,2,4,0,0,1
DEF03471,Medium,2.0,323,4.2,2,0.82,0.91,Immediate,45.7,2,4,0,0,1
DEF03472,Critical,12.4,390,26.3,1,0.17,0.84,Immediate,82.9,4,4,0,0,1
DEF03473,Medium,3.4,0,9.1,1,0.33,0.76,This Month,20.2,2,2,0,0,1
DEF03474,Medium,11.7,209,30.6,4,0.53,0.84,Immediate,62.1,2,4,0,0,1
DEF03475,Low,3.4,0,33.9,3,0.17,0.9,Programmed,21.1,1,1,0,0,1
DEF03476,Low,3.4,243,39.5,2,0.11,0.94,Immediate,50.8,1,4,0,0,1
DEF03477,Critical,4.5,349,1.4,0,0.78,0.81,Immediate,71.0,4,4,0,0,1
DEF03478,Low,5.2,178,35.9,2,0.91,0.76,Immediate,45.1,1,4,0,0,1
DEF03479,High,6.5,368,10.7,2,0.29,0.81,Immediate,64.9,3,4,0,0,1
DEF03480,High,8.4,9,44.7,5,0.3,0.89,This Week,49.7,3,3,0,0,1
DEF03481,Low,9.4,21,36.7,4,0.05,0.89,This Week,35.5,1,3,0,0,1
DEF03482,High,5.3,203,32.4,1,0.74,0.95,Immediate,66.6,3,4,0,0,1
DEF03483,Medium,7.7,38,23.4,3,0.26,0.76,Immediate,49.5,2,4,0,0,1
DEF03484,High,5.4,69,10.4,1,0.01,0.87,Immediate,57.5,3,4,0,0,1
DEF03485,High,4.1,277,44.2,6,0.74,0.92,Immediate,74.5,3,4,0,0,1
DEF03486,Low,9.1,244,39.6,2,0.96,0.79,Immediate,46.6,1,4,0,0,1
DEF03487,High,3.9,229,12.2,2,0.31,0.74,Immediate,64.8,3,4,0,0,1
DEF03488,Medium,8.2,50,32.1,3,0.56,0.87,Immediate,52.1,2,4,0,0,1
DEF03489,Medium,4.4,50,21.6,3,0.36,0.91,Immediate,52.8,2,4,0,0,1
DEF03490,Medium,3.4,148,27.2,3,0.38,0.83,Immediate,47.0,2,4,0,0,1
DEF03491,High,10.3,176,43.9,6,0.88,0.71,Immediate,73.6,3,4,0,0,1
DEF03492,High,7.5,289,33.0,5,0.7,0.9,Immediate,64.9,3,4,0,0,1
DEF03493,Medium,6.6,324,4.4,0,0.16,0.95,Immediate,43.6,2,4,0,0,1
DEF03494,Low,5.0,322,5.2,0,0.03,0.76,Immediate,37.3,1,4,0,0,1
DEF03495,Medium,9.0,33,32.2,4,0.99,0.92,Immediate,47.1,2,4,0,0,1
DEF03496,Low,3.0,178,1.1,0,0.33,0.76,Immediate,32.1,1,4,0,0,1
DEF03497,Medium,7.7,136,38.1,5,0.75,0.95,Immediate,58.1,2,4,0,0,1
DEF03498,High,9.4,204,36.5,3,0.95,0.73,Immediate,67.3,3,4,0,0,1
DEF03499,High,14.4,357,39.4,6,0.02,0.98,Immediate,75.2,3,4,0,0,1
DEF03500,Medium,2.3,316,43.7,5,0.85,0.85,Immediate,56.5,2,4,0,0,1
DEF03501,Low,4.2,257,24.8,5,0.08,0.96,Immediate,49.6,1,4,0,0,1
DEF03502,Medium,5.1,144,39.8,5,0.95,0.96,Immediate,60.8,2,4,0,0,1
DEF03503,High,8.7,126,4.0,0,0.83,0.83,Immediate,66.9,3,4,0,0,1
DEF03504,High,14.1,46,27.5,2,0.78,0.95,Immediate,58.5,3,4,0,0,1
DEF03505,High,8.4,81,40.5,8,0.34,0.84,Immediate,76.9,3,4,0,0,1
DEF03506,Critical,6.9,109,9.3,0,0.08,0.97,Immediate,64.6,4,4,0,0,1
DEF03507,Medium,4.8,157,10.9,1,0.37,0.76,Immediate,47.8,2,4,0,0,1
DEF03508,Medium,1.6,261,7.3,0,0.09,0.95,Immediate,51.4,2,4,0,0,1
DEF03509,Medium,3.7,266,13.2,3,0.16,0.78,Immediate,49.9,2,4,0,0,1
DEF03510,Medium,11.7,174,35.8,2,0.12,0.79,Immediate,58.7,2,4,0,0,1
DEF03511,Low,2.6,104,26.1,5,0.24,0.87,Immediate,41.7,1,4,0,0,1
DEF03512,High,15.1,28,18.3,2,0.12,0.8,This Week,45.5,3,3,0,0,1
DEF03513,High,16.7,208,11.0,2,0.97,0.93,Immediate,65.4,3,4,0,0,1
DEF03514,Medium,4.0,134,9.9,0,0.11,0.9,Immediate,44.5,2,4,0,0,1
DEF03515,Low,2.5,0,13.4,2,0.92,0.8,Programmed,11.4,1,1,0,0,1
DEF03516,High,14.7,284,35.5,4,0.73,0.7,Immediate,61.9,3,4,0,0,1
DEF03517,Critical,10.1,327,44.3,4,0.77,0.91,Immediate,83.2,4,4,0,0,1
DEF03518,Low,6.3,191,23.4,2,0.52,0.89,Immediate,46.3,1,4,0,0,1
DEF03519,Medium,12.7,315,31.5,5,0.25,0.93,Immediate,56.1,2,4,0,0,1
DEF03520,Critical,6.4,351,39.5,4,0.1,0.76,Immediate,79.5,4,4,0,0,1
DEF03521,Medium,4.2,219,4.7,0,0.61,0.98,Immediate,47.2,2,4,0,0,1
DEF03522,Medium,7.2,317,42.0,4,0.22,0.96,Immediate,62.6,2,4,0,0,1
DEF03523,Medium,8.1,45,17.1,3,0.82,0.89,Immediate,45.4,2,4,0,0,1
DEF03524,Low,4.5,14,41.1,1,0.33,0.8,This Week,32.2,1,3,0,0,1
DEF03525,Medium,8.6,0,20.5,1,0.34,0.78,This Month,26.7,2,2,0,0,1
DEF03526,Low,2.7,175,7.3,1,0.75,0.75,Immediate,38.1,1,4,0,0,1
DEF03527,High,2.3,374,27.4,6,0.11,0.97,Immediate,69.9,3,4,0,0,1
DEF03528,Medium,8.3,89,16.3,0,0.03,0.95,Immediate,53.6,2,4,0,0,1
DEF03529,Medium,6.7,350,38.6,0,0.96,0.76,Immediate,46.4,2,4,0,0,1
DEF03530,High,5.2,327,34.8,6,0.83,0.9,Immediate,72.0,3,4,0,0,1
DEF03531,High,6.1,71,26.5,1,0.31,0.86,Immediate,56.3,3,4,0,0,1
DEF03532,High,6.9,61,8.9,0,0.4,0.87,Immediate,63.0,3,4,0,0,1
DEF03533,Medium,3.4,337,23.7,1,0.97,0.91,Immediate,39.9,2,4,0,0,1
DEF03534,Medium,6.6,245,7.9,0,0.69,0.73,Immediate,42.3,2,4,0,0,1
DEF03535,High,4.7,143,7.7,1,0.09,0.77,Immediate,65.3,3,4,0,0,1
DEF03536,Critical,5.9,156,20.7,2,0.35,0.84,Immediate,86.2,4,4,0,0,1
DEF03537,Medium,7.9,0,6.5,0,0.3,0.74,This Month,14.9,2,2,0,0,1
DEF03538,Medium,12.5,238,8.6,0,0.21,0.75,Immediate,42.6,2,4,0,0,1
DEF03539,Medium,2.6,132,2.3,0,0.68,0.76,Immediate,43.8,2,4,0,0,1
DEF03540,High,9.5,219,14.7,1,0.01,0.79,Immediate,65.6,3,4,0,0,1
DEF03541,Medium,5.7,264,31.4,5,0.04,0.81,Immediate,56.4,2,4,0,0,1
DEF03542,Low,6.8,0,26.8,2,0.05,0.99,Programmed,15.5,1,1,0,0,1
DEF03543,Low,6.6,224,25.3,2,0.08,0.82,Immediate,49.5,1,4,0,0,1
DEF03544,Medium,4.5,186,35.9,3,0.19,0.77,Immediate,50.1,2,4,0,0,1
DEF03545,Medium,3.8,42,36.6,4,0.22,0.92,Immediate,47.5,2,4,0,0,1
DEF03546,Critical,4.9,383,30.3,2,0.04,0.76,Immediate,85.0,4,4,0,0,1
DEF03547,High,5.4,333,20.6,0,0.75,0.84,Immediate,61.9,3,4,0,0,1
DEF03548,Low,5.0,250,22.2,1,0.89,0.94,Immediate,46.8,1,4,0,0,1
DEF03549,Critical,4.6,230,30.9,2,0.94,0.83,Immediate,76.3,4,4,0,0,1
DEF03550,Medium,6.2,326,6.1,0,0.78,0.82,Immediate,42.1,2,4,0,0,1
DEF03551,High,4.9,142,15.6,0,0.26,0.94,Immediate,58.0,3,4,0,0,1
DEF03552,Critical,5.2,77,25.4,3,0.64,0.77,Immediate,84.3,4,4,0,0,1
DEF03553,Critical,3.8,26,12.4,1,0.22,0.93,Immediate,58.0,4,4,0,0,1
DEF03554,Low,6.9,107,23.1,5,0.37,0.98,Immediate,42.6,1,4,0,0,1
DEF03555,High,6.7,124,19.5,2,0.74,0.72,Immediate,63.2,3,4,0,0,1
DEF03556,Medium,5.8,173,11.8,0,0.61,0.8,Immediate,50.7,2,4,0,0,1
DEF03557,High,5.8,359,40.3,2,0.02,0.91,Immediate,66.0,3,4,0,0,1
DEF03558,Medium,3.8,304,8.3,0,0.01,0.81,Immediate,52.1,2,4,0,0,1
DEF03559,Medium,3.8,47,28.4,1,0.2,0.72,Immediate,53.9,2,4,0,0,1
DEF03560,High,14.9,323,27.7,2,0.31,0.93,Immediate,72.2,3,4,0,0,1
DEF03561,Medium,6.2,79,21.1,2,0.24,0.79,Immediate,51.0,2,4,0,0,1
DEF03562,Low,6.9,0,32.0,4,0.69,0.76,Programmed,23.7,1,1,0,0,1
DEF03563,Medium,7.3,175,32.0,1,0.85,0.79,Immediate,54.6,2,4,0,0,1
DEF03564,Medium,13.1,357,12.3,3,0.19,0.88,Immediate,54.1,2,4,0,0,1
DEF03565,Low,7.3,190,38.3,5,0.29,0.84,Immediate,52.9,1,4,0,0,1
DEF03566,Low,4.3,153,36.7,4,0.37,0.83,Immediate,48.7,1,4,0,0,1
DEF03567,High,7.5,87,22.8,1,0.59,0.76,Immediate,60.9,3,4,0,0,1
DEF03568,Low,6.8,86,35.0,6,0.34,0.8,Immediate,49.1,1,4,0,0,1
DEF03569,Medium,7.8,60,36.2,2,0.0,0.73,Immediate,55.9,2,4,0,0,1
DEF03570,Low,1.8,0,22.0,0,0.31,0.94,Programmed,11.9,1,1,0,0,1
DEF03571,Critical,4.7,39,41.6,2,0.26,0.9,Immediate,78.1,4,4,0,0,1
DEF03572,Low,3.4,70,40.9,3,0.18,0.7,Immediate,53.3,1,4,0,0,1
DEF03573,Low,5.7,0,39.5,4,0.6,0.95,Programmed,22.1,1,1,0,0,1
DEF03574,Low,9.5,0,17.3,6,1.0,0.82,Programmed,27.1,1,1,0,0,1
DEF03575,Low,5.4,0,20.3,1,0.88,0.98,Programmed,20.4,1,1,0,0,1
DEF03576,Medium,5.1,175,14.8,2,0.21,0.88,Immediate,42.2,2,4,0,0,1
DEF03577,Medium,4.6,286,16.9,1,0.34,0.9,Immediate,49.3,2,4,0,0,1
DEF03578,High,10.3,290,13.4,0,0.57,0.78,Immediate,65.3,3,4,0,0,1
DEF03579,Medium,5.3,297,28.8,3,0.24,0.82,Immediate,52.6,2,4,0,0,1
DEF03580,High,15.0,209,12.7,4,0.3,0.94,Immediate,65.7,3,4,0,0,1
DEF03581,Medium,2.4,46,35.5,4,0.34,0.98,Immediate,48.8,2,4,0,0,1
DEF03582,Low,4.9,176,10.3,3,0.23,0.9,Immediate,33.3,1,4,0,0,1
DEF03583,Medium,8.7,254,21.1,2,0.86,0.75,Immediate,54.3,2,4,0,0,1
DEF03584,Medium,12.0,107,12.8,4,0.09,0.72,Immediate,51.3,2,4,0,0,1
DEF03585,Medium,8.2,85,17.4,4,0.94,0.78,Immediate,55.7,2,4,0,0,1
DEF03586,High,13.8,252,16.4,0,0.09,0.85,Immediate,61.4,3,4,0,0,1
DEF03587,Low,5.2,239,8.1,1,0.05,0.92,Immediate,40.6,1,4,0,0,1
DEF03588,Critical,6.9,394,30.2,2,0.08,0.92,Immediate,75.9,4,4,0,0,1
DEF03589,Medium,3.3,62,6.4,0,0.05,0.95,Immediate,46.6,2,4,0,0,1
DEF03590,High,3.6,287,25.7,6,0.39,0.93,Immediate,66.0,3,4,0,0,1
DEF03591,High,8.2,318,28.4,6,0.38,0.77,Immediate,70.1,3,4,0,0,1
DEF03592,Low,5.1,95,42.0,5,0.86,0.77,Immediate,48.8,1,4,0,0,1
DEF03593,Medium,5.7,0,2.2,0,0.63,0.96,This Month,17.8,2,2,0,0,1
DEF03594,Medium,5.1,8,35.2,4,0.87,0.93,This Month,37.4,2,2,0,0,1
DEF03595,Low,2.2,154,19.3,1,0.23,0.92,Immediate,46.0,1,4,0,0,1
DEF03596,High,8.1,99,1.0,0,0.78,0.98,Immediate,55.0,3,4,0,0,1
DEF03597,Medium,7.1,108,5.5,0,0.92,0.73,Immediate,43.2,2,4,0,0,1
DEF03598,Medium,8.5,185,13.6,1,0.5,0.95,Immediate,51.4,2,4,0,0,1
DEF03599,Medium,6.6,249,16.2,1,0.98,0.83,Immediate,50.9,2,4,0,0,1
DEF03600,Medium,12.1,171,33.0,1,0.28,0.95,Immediate,52.1,2,4,0,0,1
DEF03601,Medium,3.4,181,27.0,4,0.07,0.93,Immediate,57.0,2,4,0,0,1
DEF03602,Low,3.0,84,44.3,4,0.77,0.89,Immediate,41.2,1,4,0,0,1
DEF03603,Critical,4.0,390,40.1,5,0.54,0.97,Immediate,89.4,4,4,0,0,1
DEF03604,Medium,5.1,167,2.6,0,0.62,0.7,Immediate,43.5,2,4,0,0,1
DEF03605,Medium,13.4,158,42.2,7,0.55,0.84,Immediate,63.0,2,4,0,0,1
DEF03606,Low,10.0,181,27.9,6,0.23,0.83,Immediate,50.6,1,4,0,0,1
DEF03607,Low,1.6,0,6.3,1,0.04,0.78,Programmed,6.2,1,1,0,0,1
DEF03608,Medium,4.7,0,16.0,3,0.28,0.97,This Month,24.6,2,2,0,0,1
DEF03609,High,8.8,199,1.1,0,0.22,0.88,Immediate,50.6,3,4,0,0,1
DEF03610,Critical,8.2,61,37.8,5,0.34,0.8,Immediate,75.2,4,4,0,0,1
DEF03611,Medium,12.0,246,9.9,1,0.15,0.76,Immediate,55.1,2,4,0,0,1
DEF03612,High,7.8,130,35.6,2,0.68,0.98,Immediate,70.2,3,4,0,0,1
DEF03613,High,6.0,92,32.4,3,0.52,0.93,Immediate,63.8,3,4,0,0,1
DEF03614,Medium,7.3,353,34.4,0,0.3,0.88,Immediate,60.9,2,4,0,0,1
DEF03615,High,10.2,27,5.2,1,0.58,0.92,This Week,41.9,3,3,0,0,1
DEF03616,Low,4.7,0,17.2,1,0.88,0.98,Programmed,19.4,1,1,0,0,1
DEF03617,High,8.4,145,20.1,0,0.14,0.84,Immediate,68.9,3,4,0,0,1
DEF03618,High,4.0,139,38.6,3,0.65,0.71,Immediate,69.3,3,4,0,0,1
DEF03619,Critical,10.8,192,23.1,1,0.91,0.86,Immediate,79.9,4,4,0,0,1
DEF03620,Low,3.5,0,17.0,0,0.06,0.7,Programmed,17.2,1,1,0,0,1
DEF03621,High,8.9,298,12.8,1,0.63,0.93,Immediate,65.9,3,4,0,0,1
DEF03622,Medium,5.7,345,23.0,2,0.62,0.78,Immediate,54.0,2,4,0,0,1
DEF03623,Medium,2.3,147,27.5,3,0.58,0.8,Immediate,48.0,2,4,0,0,1
DEF03624,Medium,12.9,23,1.1,0,0.27,0.93,This Week,30.2,2,3,0,0,1
DEF03625,High,6.8,310,20.4,1,0.12,0.85,Immediate,64.7,3,4,0,0,1
DEF03626,Low,3.3,268,28.0,4,0.01,0.73,Immediate,50.8,1,4,0,0,1
DEF03627,Medium,13.2,186,38.4,4,0.16,0.74,Immediate,54.9,2,4,0,0,1
DEF03628,Medium,5.1,175,32.7,2,0.33,0.78,Immediate,49.8,2,4,0,0,1
DEF03629,High,3.6,272,19.8,1,0.78,0.81,Immediate,68.7,3,4,0,0,1
DEF03630,High,2.9,0,10.6,2,0.36,0.79,This Week,39.8,3,3,0,0,1
DEF03631,Critical,4.0,169,12.7,0,0.18,0.98,Immediate,72.2,4,4,0,0,1
DEF03632,High,4.1,110,2.1,0,0.19,0.84,Immediate,59.2,3,4,0,0,1
DEF03633,Medium,6.2,0,43.4,4,0.28,0.98,This Month,38.9,2,2,0,0,1
DEF03634,Low,7.0,179,13.7,0,0.07,0.73,Immediate,38.1,1,4,0,0,1
DEF03635,Medium,5.9,57,4.6,1,0.76,0.84,Immediate,41.1,2,4,0,0,1
DEF03636,High,9.0,279,5.4,0,0.08,0.77,Immediate,59.0,3,4,0,0,1
DEF03637,High,3.9,199,9.5,2,0.12,0.75,Immediate,63.9,3,4,0,0,1
DEF03638,Medium,8.3,352,7.9,0,0.19,0.95,Immediate,49.1,2,4,0,0,1
DEF03639,Medium,4.2,95,36.2,1,0.14,0.74,Immediate,56.2,2,4,0,0,1
DEF03640,Critical,5.4,258,29.7,0,0.05,0.75,Immediate,76.2,4,4,0,0,1
DEF03641,Medium,7.8,0,1.2,0,0.17,0.99,This Month,22.8,2,2,0,0,1
DEF03642,Medium,7.9,150,33.4,4,0.28,0.92,Immediate,54.9,2,4,0,0,1
DEF03643,Critical,6.7,379,19.7,3,0.7,0.98,Immediate,82.9,4,4,0,0,1
DEF03644,Medium,1.0,95,10.1,2,0.57,0.92,Immediate,48.6,2,4,0,0,1
DEF03645,Critical,3.1,268,18.3,2,0.73,0.73,Immediate,72.6,4,4,0,0,1
DEF03646,Medium,2.4,138,11.4,0,0.1,0.9,Immediate,49.5,2,4,0,0,1
DEF03647,Medium,4.8,218,22.6,5,0.6,0.8,Immediate,57.7,2,4,0,0,1
DEF03648,Low,5.9,0,34.7,2,0.26,0.83,Programmed,18.8,1,1,0,0,1
DEF03649,Low,6.3,228,4.2,1,0.33,0.78,Immediate,41.3,1,4,0,0,1
DEF03650,Medium,11.7,51,26.4,3,0.23,0.95,Immediate,51.2,2,4,0,0,1
DEF03651,Critical,7.7,26,13.4,2,0.75,0.79,Immediate,53.9,4,4,0,0,1
DEF03652,Medium,5.7,177,23.3,0,0.25,0.71,Immediate,52.1,2,4,0,0,1
DEF03653,Medium,3.0,203,9.9,0,0.31,0.73,Immediate,39.2,2,4,0,0,1
DEF03654,Critical,5.6,138,8.1,1,0.1,0.86,Immediate,75.2,4,4,0,0,1
DEF03655,Medium,5.9,296,2.8,1,0.03,0.88,Immediate,53.1,2,4,0,0,1
DEF03656,Low,3.8,161,36.3,4,0.04,0.92,Immediate,50.6,1,4,0,0,1
DEF03657,Medium,1.6,44,37.8,7,0.04,0.94,Immediate,56.9,2,4,0,0,1
DEF03658,Low,4.4,267,20.2,1,0.38,0.98,Immediate,48.5,1,4,0,0,1
DEF03659,Critical,16.9,199,25.7,1,0.38,0.95,Immediate,75.9,4,4,0,0,1
DEF03660,Critical,5.5,21,35.0,6,0.3,0.8,Immediate,66.8,4,4,0,0,1
DEF03661,High,15.5,380,27.1,1,0.94,0.84,Immediate,66.7,3,4,0,0,1
DEF03662,Low,10.6,118,36.6,5,0.7,0.74,Immediate,48.2,1,4,0,0,1
DEF03663,High,13.4,199,24.0,0,0.3,0.71,Immediate,66.6,3,4,0,0,1
DEF03664,Medium,5.2,348,10.7,4,0.51,0.78,Immediate,56.8,2,4,0,0,1
DEF03665,Critical,17.7,387,11.1,0,0.76,0.92,Immediate,78.3,4,4,0,0,1
DEF03666,Critical,17.8,380,41.8,3,0.53,0.78,Immediate,86.5,4,4,0,0,1
DEF03667,Critical,7.5,94,3.2,0,0.04,0.72,Immediate,67.1,4,4,0,0,1
DEF03668,Medium,2.8,0,36.8,2,0.03,0.79,This Month,35.6,2,2,0,0,1
DEF03669,High,11.1,325,8.5,0,0.17,0.75,Immediate,62.4,3,4,0,0,1
DEF03670,High,10.7,177,18.2,1,0.91,0.87,Immediate,63.1,3,4,0,0,1
DEF03671,High,7.4,15,14.7,1,0.01,0.71,This Week,39.6,3,3,0,0,1
DEF03672,Low,3.3,195,26.1,1,0.79,0.95,Immediate,51.2,1,4,0,0,1
DEF03673,Critical,9.5,231,11.7,2,0.55,0.85,Immediate,74.0,4,4,0,0,1
DEF03674,Low,3.9,266,3.9,1,0.14,0.74,Immediate,40.4,1,4,0,0,1
DEF03675,Low,3.5,160,14.7,2,0.57,0.98,Immediate,34.9,1,4,0,0,1
DEF03676,High,6.0,190,36.5,3,0.39,0.98,Immediate,73.6,3,4,0,0,1
DEF03677,Low,2.6,0,31.8,4,0.07,0.74,Programmed,22.1,1,1,0,0,1
DEF03678,Low,5.4,283,25.8,1,0.79,0.99,Immediate,43.4,1,4,0,0,1
DEF03679,Critical,14.9,340,30.4,5,0.75,0.73,Immediate,78.3,4,4,0,0,1
DEF03680,Medium,3.2,61,8.1,1,0.02,0.97,Immediate,46.2,2,4,0,0,1
DEF03681,Low,2.3,0,39.1,4,0.94,0.91,Programmed,23.2,1,1,0,0,1
DEF03682,Low,6.6,300,21.4,1,0.67,0.99,Immediate,40.3,1,4,0,0,1
DEF03683,Low,6.7,244,16.6,3,0.07,0.74,Immediate,39.7,1,4,0,0,1
DEF03684,High,12.2,150,23.7,1,0.06,0.83,Immediate,63.9,3,4,0,0,1
DEF03685,Critical,6.7,89,1.4,0,0.02,0.84,Immediate,74.6,4,4,0,0,1
DEF03686,High,4.8,384,39.8,3,0.54,0.95,Immediate,64.2,3,4,0,0,1
DEF03687,Medium,5.6,340,39.9,2,0.22,0.87,Immediate,53.7,2,4,0,0,1
DEF03688,Medium,2.9,90,33.3,5,0.16,0.79,Immediate,59.9,2,4,0,0,1
DEF03689,High,2.1,309,10.9,1,0.6,0.93,Immediate,60.3,3,4,0,0,1
DEF03690,Medium,13.7,241,12.2,0,0.99,0.96,Immediate,54.7,2,4,0,0,1
DEF03691,Low,8.9,280,30.3,3,0.12,0.77,Immediate,51.2,1,4,0,0,1
DEF03692,Low,3.2,284,37.6,4,0.51,0.71,Immediate,45.9,1,4,0,0,1
DEF03693,Critical,4.4,275,43.3,6,0.76,0.76,Immediate,83.8,4,4,0,0,1
DEF03694,Low,2.9,232,19.0,3,0.13,0.83,Immediate,38.5,1,4,0,0,1
DEF03695,Medium,4.6,0,3.2,0,0.8,0.75,This Month,22.5,2,2,0,0,1
DEF03696,Medium,2.5,32,20.3,0,0.96,0.77,Immediate,45.1,2,4,0,0,1
DEF03697,Low,8.2,0,42.6,3,0.99,0.82,Programmed,14.3,1,1,0,0,1
DEF03698,Low,3.0,0,8.8,0,0.12,0.89,Programmed,10.5,1,1,0,0,1
DEF03699,Low,7.1,0,10.0,1,0.03,0.73,Programmed,13.4,1,1,0,0,1
DEF03700,Medium,4.5,232,29.4,4,0.73,0.95,Immediate,57.7,2,4,0,0,1
DEF03701,High,3.1,225,7.5,2,0.26,0.95,Immediate,54.6,3,4,0,0,1
DEF03702,Medium,7.0,7,7.1,2,0.62,0.96,This Month,26.4,2,2,0,0,1
DEF03703,Medium,13.3,322,32.5,3,0.27,0.81,Immediate,50.7,2,4,0,0,1
DEF03704,High,8.3,76,20.4,2,0.36,0.73,Immediate,64.2,3,4,0,0,1
DEF03705,Critical,2.2,351,13.2,0,0.66,0.83,Immediate,79.4,4,4,0,0,1
DEF03706,High,7.5,47,29.7,0,0.13,0.76,Immediate,65.2,3,4,0,0,1
DEF03707,Low,3.7,15,23.7,2,0.14,0.88,This Week,25.2,1,3,0,0,1
DEF03708,High,14.8,187,16.0,2,0.91,0.89,Immediate,66.2,3,4,0,0,1
DEF03709,High,7.8,112,2.1,0,0.6,0.87,Immediate,62.0,3,4,0,0,1
DEF03710,Medium,4.9,316,16.2,2,0.25,0.71,Immediate,53.1,2,4,0,0,1
DEF03711,Medium,7.4,339,27.0,5,0.25,0.87,Immediate,59.6,2,4,0,0,1
DEF03712,High,10.2,200,15.9,2,0.74,0.83,Immediate,61.9,3,4,0,0,1
DEF03713,High,7.3,199,34.7,4,0.11,0.72,Immediate,76.4,3,4,0,0,1
DEF03714,Medium,8.5,57,40.1,3,0.65,0.98,Immediate,57.6,2,4,0,0,1
DEF03715,Medium,9.0,93,35.0,8,0.95,0.71,Immediate,70.7,2,4,0,0,1
DEF03716,High,3.2,267,33.2,1,0.4,0.82,Immediate,64.8,3,4,0,0,1
DEF03717,High,14.9,154,22.4,5,0.77,0.9,Immediate,72.0,3,4,0,0,1
DEF03718,Low,4.6,78,22.5,2,0.92,0.95,Immediate,41.6,1,4,0,0,1
DEF03719,High,2.1,249,27.7,0,0.27,0.98,Immediate,67.1,3,4,0,0,1
DEF03720,Medium,6.5,74,12.6,3,0.14,0.71,Immediate,52.4,2,4,0,0,1
DEF03721,Medium,6.2,227,28.4,4,0.29,0.95,Immediate,55.4,2,4,0,0,1
DEF03722,Medium,4.5,158,3.8,0,1.0,0.85,Immediate,39.0,2,4,0,0,1
DEF03723,Low,9.0,177,42.8,6,0.26,0.97,Immediate,48.4,1,4,0,0,1
DEF03724,Medium,4.1,307,37.3,3,0.14,0.74,Immediate,58.0,2,4,0,0,1
DEF03725,Critical,7.5,54,13.9,0,0.36,0.9,Immediate,71.3,4,4,0,0,1
DEF03726,High,14.9,158,10.8,2,0.63,0.79,Immediate,53.1,3,4,0,0,1
DEF03727,High,15.0,233,34.9,2,0.35,0.85,Immediate,70.6,3,4,0,0,1
DEF03728,Medium,12.0,271,2.3,0,0.31,0.77,Immediate,46.0,2,4,0,0,1
DEF03729,High,14.9,210,28.7,2,0.11,0.89,Immediate,67.2,3,4,0,0,1
DEF03730,Critical,4.4,204,44.9,4,0.15,0.96,Immediate,78.9,4,4,0,0,1
DEF03731,Critical,10.5,14,35.6,2,0.01,0.99,Immediate,65.1,4,4,0,0,1
DEF03732,High,9.6,247,5.5,0,0.64,0.74,Immediate,52.6,3,4,0,0,1
DEF03733,Critical,6.1,1,21.8,0,0.38,0.77,Immediate,43.6,4,4,0,0,1
DEF03734,High,6.0,58,8.9,0,0.64,0.91,Immediate,58.3,3,4,0,0,1
DEF03735,High,15.3,265,23.1,0,0.67,0.91,Immediate,66.8,3,4,0,0,1
DEF03736,Medium,7.5,358,3.8,1,0.74,0.95,Immediate,46.9,2,4,0,0,1
DEF03737,High,7.5,20,7.3,1,0.25,0.74,This Week,46.0,3,3,0,0,1
DEF03738,Low,4.2,267,35.4,5,0.88,0.96,Immediate,51.7,1,4,0,0,1
DEF03739,Low,2.6,277,4.8,1,0.34,0.81,Immediate,34.7,1,4,0,0,1
DEF03740,Critical,10.0,123,11.7,0,0.32,0.8,Immediate,75.2,4,4,0,0,1
DEF03741,Medium,3.1,71,44.7,5,0.93,0.93,Immediate,55.6,2,4,0,0,1
DEF03742,Medium,7.1,190,8.1,1,0.62,0.78,Immediate,49.2,2,4,0,0,1
DEF03743,Low,1.2,225,22.1,1,0.01,0.71,Immediate,40.0,1,4,0,0,1
DEF03744,Medium,8.7,292,18.3,0,0.59,0.81,Immediate,50.4,2,4,0,0,1
DEF03745,High,8.0,351,37.6,1,0.25,0.89,Immediate,64.6,3,4,0,0,1
DEF03746,Low,8.0,0,2.9,0,0.05,0.87,Programmed,18.4,1,1,0,0,1
DEF03747,Medium,9.2,214,11.7,2,0.77,0.74,Immediate,48.7,2,4,0,0,1
DEF03748,High,9.0,136,26.8,5,0.32,0.76,Immediate,73.2,3,4,0,0,1
DEF03749,Critical,5.0,129,40.8,6,0.34,0.89,Immediate,84.5,4,4,0,0,1
DEF03750,Medium,2.9,88,29.9,4,0.02,0.98,Immediate,58.4,2,4,0,0,1
DEF03751,Medium,11.7,30,22.5,2,0.76,0.73,This Week,39.7,2,3,0,0,1
DEF03752,Low,9.9,0,17.2,4,0.04,0.72,Programmed,16.7,1,1,0,0,1
DEF03753,Medium,3.2,188,33.8,1,0.56,0.78,Immediate,53.3,2,4,0,0,1
DEF03754,High,2.7,246,38.5,7,0.39,0.91,Immediate,73.8,3,4,0,0,1
DEF03755,Medium,8.7,36,6.4,2,0.17,0.8,Immediate,34.1,2,4,0,0,1
DEF03756,High,4.7,212,33.8,0,0.73,0.71,Immediate,65.5,3,4,0,0,1
DEF03757,Medium,13.9,92,14.7,2,0.15,0.98,Immediate,54.0,2,4,0,0,1
DEF03758,Low,10.6,26,16.6,1,0.38,0.83,This Week,31.0,1,3,0,0,1
DEF03759,Critical,15.9,335,33.8,1,0.76,0.75,Immediate,82.9,4,4,0,0,1
DEF03760,High,5.1,48,33.9,2,0.74,0.72,Immediate,55.5,3,4,0,0,1
DEF03761,Critical,7.0,115,37.1,6,0.01,0.76,Immediate,88.3,4,4,0,0,1
DEF03762,Medium,4.3,293,29.0,3,0.22,0.73,Immediate,58.3,2,4,0,0,1
DEF03763,High,5.7,22,8.5,1,0.59,0.88,This Week,51.6,3,3,0,0,1
DEF03764,Low,4.1,242,35.5,1,0.23,0.71,Immediate,46.2,1,4,0,0,1
DEF03765,Medium,1.0,106,36.1,8,0.03,0.93,Immediate,61.9,2,4,0,0,1
DEF03766,Critical,7.7,185,22.7,3,0.84,0.77,Immediate,72.9,4,4,0,0,1
DEF03767,Low,5.2,58,41.6,5,0.34,0.7,Immediate,46.2,1,4,0,0,1
DEF03768,High,7.5,375,35.8,3,0.23,0.88,Immediate,64.2,3,4,0,0,1
DEF03769,High,2.1,235,34.4,1,0.06,0.78,Immediate,67.9,3,4,0,0,1
DEF03770,High,4.8,9,12.1,0,0.22,0.75,This Week,41.0,3,3,0,0,1
DEF03771,High,9.8,268,41.1,3,0.38,0.9,Immediate,82.3,3,4,0,0,1
DEF03772,Medium,4.4,323,8.7,0,0.06,0.82,Immediate,49.6,2,4,0,0,1
DEF03773,Medium,1.0,234,44.6,3,0.52,0.94,Immediate,57.6,2,4,0,0,1
DEF03774,High,5.1,48,21.5,2,0.53,0.94,Immediate,57.3,3,4,0,0,1
DEF03775,Medium,4.6,270,4.6,0,0.19,0.76,Immediate,41.1,2,4,0,0,1
DEF03776,Medium,8.8,161,19.5,2,0.9,0.78,Immediate,45.9,2,4,0,0,1
DEF03777,Low,2.8,178,22.7,2,0.24,0.75,Immediate,40.2,1,4,0,0,1
DEF03778,Low,3.5,183,5.3,1,0.78,0.92,Immediate,35.9,1,4,0,0,1
DEF03779,Medium,1.5,168,19.1,2,0.94,0.85,Immediate,46.2,2,4,0,0,1
DEF03780,High,2.0,12,34.5,2,0.22,0.87,This Week,46.9,3,3,0,0,1
DEF03781,Critical,6.5,275,1.2,0,0.01,0.75,Immediate,71.0,4,4,0,0,1
DEF03782,Critical,6.6,0,28.9,3,0.59,0.7,Immediate,55.4,4,4,0,0,1
DEF03783,Critical,5.3,375,24.1,3,0.65,0.93,Immediate,83.5,4,4,0,0,1
DEF03784,Low,1.4,0,9.0,1,0.69,0.74,Programmed,6.7,1,1,0,0,1
DEF03785,Low,7.8,309,35.4,1,0.01,0.71,Immediate,50.8,1,4,0,0,1
DEF03786,Low,4.4,266,10.0,1,0.28,0.8,Immediate,37.7,1,4,0,0,1
DEF03787,Medium,3.0,338,43.5,4,0.25,0.85,Immediate,48.6,2,4,0,0,1
DEF03788,Low,3.0,335,30.9,1,0.35,0.78,Immediate,43.5,1,4,0,0,1
DEF03789,High,9.9,229,16.6,2,0.55,0.75,Immediate,67.5,3,4,0,0,1
DEF03790,Medium,4.7,11,20.1,2,0.57,0.76,This Week,33.8,2,3,0,0,1
DEF03791,Medium,5.4,85,2.6,0,0.95,0.95,Immediate,49.0,2,4,0,0,1
DEF03792,High,5.3,181,19.2,5,0.98,0.77,Immediate,63.2,3,4,0,0,1
DEF03793,Low,7.1,108,6.0,0,0.24,0.76,Immediate,39.9,1,4,0,0,1
DEF03794,Critical,6.3,171,44.2,4,0.28,0.98,Immediate,79.6,4,4,0,0,1
DEF03795,Medium,11.3,18,26.0,6,0.36,0.71,This Week,40.4,2,3,0,0,1
DEF03796,Critical,7.4,305,27.8,3,0.03,0.79,Immediate,73.3,4,4,0,0,1
DEF03797,Medium,4.1,19,41.6,4,0.15,0.71,This Week,50.3,2,3,0,0,1
DEF03798,High,4.0,52,17.3,2,0.74,0.89,Immediate,62.1,3,4,0,0,1
DEF03799,High,4.2,271,24.7,3,0.96,0.79,Immediate,72.0,3,4,0,0,1
DEF03800,Low,5.0,190,29.0,1,0.84,0.95,Immediate,38.3,1,4,0,0,1
DEF03801,Low,4.6,291,37.9,3,0.35,0.74,Immediate,49.2,1,4,0,0,1
DEF03802,Medium,7.7,78,12.3,0,0.34,0.81,Immediate,44.1,2,4,0,0,1
DEF03803,Medium,12.9,65,23.8,1,0.33,0.97,Immediate,52.9,2,4,0,0,1
DEF03804,Low,4.6,276,21.0,5,0.82,0.88,Immediate,55.9,1,4,0,0,1
DEF03805,Critical,4.6,112,22.9,1,0.3,0.95,Immediate,72.1,4,4,0,0,1
DEF03806,High,15.8,242,27.3,0,0.87,0.94,Immediate,60.2,3,4,0,0,1
DEF03807,Medium,4.7,47,25.3,2,0.64,0.8,Immediate,44.3,2,4,0,0,1
DEF03808,High,4.7,44,34.4,3,0.16,0.71,Immediate,56.8,3,4,0,0,1
DEF03809,Low,10.5,0,26.7,3,0.86,0.77,Programmed,25.3,1,1,0,0,1
DEF03810,Medium,2.0,153,12.7,1,0.65,0.76,Immediate,53.7,2,4,0,0,1
DEF03811,Medium,3.7,238,33.3,2,0.54,0.81,Immediate,60.4,2,4,0,0,1
DEF03812,High,8.3,319,31.2,2,0.36,0.87,Immediate,69.2,3,4,0,0,1
DEF03813,Medium,2.4,383,30.6,3,0.14,0.75,Immediate,56.2,2,4,0,0,1
DEF03814,Low,10.4,0,7.7,0,0.35,0.82,Programmed,15.2,1,1,0,0,1
DEF03815,Medium,8.4,179,31.2,2,0.01,0.91,Immediate,62.6,2,4,0,0,1
DEF03816,Low,2.9,17,6.4,0,0.67,0.9,This Week,20.0,1,3,0,0,1
DEF03817,Medium,5.4,132,35.0,2,0.98,0.74,Immediate,49.3,2,4,0,0,1
DEF03818,Medium,5.0,65,24.0,3,0.21,0.81,Immediate,56.5,2,4,0,0,1
DEF03819,Medium,5.6,262,22.9,2,0.8,0.71,Immediate,49.1,2,4,0,0,1
DEF03820,Critical,7.4,275,9.3,0,0.01,0.74,Immediate,75.4,4,4,0,0,1
DEF03821,Medium,4.4,117,12.7,0,0.07,0.77,Immediate,46.3,2,4,0,0,1
DEF03822,Medium,7.4,173,43.9,4,0.75,0.77,Immediate,51.6,2,4,0,0,1
DEF03823,Low,1.9,30,11.8,0,0.61,0.83,This Week,26.9,1,3,0,0,1
DEF03824,Low,2.1,237,37.7,5,0.61,0.77,Immediate,51.3,1,4,0,0,1
DEF03825,Critical,5.1,160,1.6,0,0.21,0.93,Immediate,73.9,4,4,0,0,1
DEF03826,Critical,8.6,287,29.8,1,0.37,0.93,Immediate,80.6,4,4,0,0,1
DEF03827,Medium,2.0,14,32.0,2,0.16,0.8,This Week,43.6,2,3,0,0,1
DEF03828,Critical,4.1,189,21.3,2,0.16,0.9,Immediate,76.3,4,4,0,0,1
DEF03829,Medium,2.0,215,44.3,5,0.29,0.8,Immediate,60.0,2,4,0,0,1
DEF03830,Critical,8.9,241,13.3,1,0.78,0.77,Immediate,77.6,4,4,0,0,1
DEF03831,Medium,5.1,153,9.4,0,0.35,0.98,Immediate,44.0,2,4,0,0,1
DEF03832,High,10.8,57,25.1,2,0.27,0.87,Immediate,65.6,3,4,0,0,1
DEF03833,Medium,5.7,165,15.2,3,0.13,0.98,Immediate,48.9,2,4,0,0,1
DEF03834,Medium,9.1,156,27.1,2,0.28,0.92,Immediate,57.0,2,4,0,0,1
DEF03835,Critical,15.5,353,33.0,3,0.83,0.79,Immediate,82.4,4,4,0,0,1
DEF03836,Medium,2.7,379,2.8,0,0.25,0.73,Immediate,45.2,2,4,0,0,1
DEF03837,Critical,5.9,72,5.4,1,0.87,0.9,Immediate,66.1,4,4,0,0,1
DEF03838,Critical,7.4,154,13.4,0,0.85,0.91,Immediate,73.0,4,4,0,0,1
DEF03839,Medium,4.6,77,12.7,0,0.98,0.97,Immediate,52.1,2,4,0,0,1
DEF03840,Medium,9.7,266,21.2,2,0.14,0.93,Immediate,55.8,2,4,0,0,1
DEF03841,Medium,2.7,157,16.5,4,0.29,0.75,Immediate,57.2,2,4,0,0,1
DEF03842,Low,3.1,302,14.1,2,0.11,0.81,Immediate,45.5,1,4,0,0,1
DEF03843,Low,5.6,95,33.5,5,0.06,0.79,Immediate,63.1,1,4,0,0,1
DEF03844,Medium,1.0,204,32.4,1,0.56,0.85,Immediate,54.0,2,4,0,0,1
DEF03845,Medium,4.3,251,36.9,2,0.13,0.73,Immediate,54.9,2,4,0,0,1
DEF03846,Medium,6.0,279,11.8,0,0.0,0.92,Immediate,44.8,2,4,0,0,1
DEF03847,Low,7.4,0,29.4,5,0.6,0.8,Programmed,20.7,1,1,0,0,1
DEF03848,High,2.2,74,27.0,3,0.05,0.82,Immediate,62.4,3,4,0,0,1
DEF03849,Low,4.4,196,42.2,7,0.39,0.97,Immediate,46.5,1,4,0,0,1
DEF03850,Medium,13.1,279,13.1,3,0.31,0.83,Immediate,47.7,2,4,0,0,1
DEF03851,High,5.8,310,39.9,3,0.87,0.73,Immediate,70.9,3,4,0,0,1
DEF03852,Low,3.2,0,36.3,6,0.05,0.75,Programmed,25.2,1,1,0,0,1
DEF03853,Low,10.7,211,34.5,4,0.59,0.76,Immediate,50.7,1,4,0,0,1
DEF03854,Medium,2.4,307,25.9,2,0.15,0.86,Immediate,52.1,2,4,0,0,1
DEF03855,Medium,5.6,236,28.6,5,0.79,0.98,Immediate,55.5,2,4,0,0,1
DEF03856,Medium,9.2,272,14.9,0,0.18,0.91,Immediate,52.0,2,4,0,0,1
DEF03857,Medium,2.8,245,9.8,1,0.75,0.86,Immediate,40.9,2,4,0,0,1
DEF03858,High,8.0,106,32.2,2,0.31,0.84,Immediate,67.4,3,4,0,0,1
DEF03859,Medium,10.5,16,4.7,1,0.1,0.79,This Week,29.8,2,3,0,0,1
DEF03860,Critical,6.8,232,27.5,2,0.02,0.76,Immediate,79.3,4,4,0,0,1
DEF03861,Medium,6.6,52,44.2,7,0.14,0.76,Immediate,52.7,2,4,0,0,1
DEF03862,Medium,5.2,155,23.8,1,0.9,0.79,Immediate,42.4,2,4,0,0,1
DEF03863,Medium,7.2,22,19.9,1,0.87,0.73,This Week,38.9,2,3,0,0,1
DEF03864,Low,5.4,0,25.5,1,0.9,0.85,Programmed,21.3,1,1,0,0,1
DEF03865,Medium,5.2,339,17.2,3,0.32,0.94,Immediate,48.6,2,4,0,0,1
DEF03866,Medium,5.2,135,19.9,3,0.37,0.81,Immediate,54.0,2,4,0,0,1
DEF03867,Medium,7.5,159,37.9,2,0.09,0.93,Immediate,62.9,2,4,0,0,1
DEF03868,Low,4.9,0,25.3,3,0.57,0.73,Programmed,20.8,1,1,0,0,1
DEF03869,Medium,7.4,287,30.5,3,0.24,0.89,Immediate,55.7,2,4,0,0,1
DEF03870,High,8.2,142,31.9,2,0.1,0.71,Immediate,61.2,3,4,0,0,1
DEF03871,Critical,16.6,36,40.5,2,0.09,0.75,Immediate,66.7,4,4,0,0,1
DEF03872,Low,3.6,175,43.7,9,0.64,0.72,Immediate,54.6,1,4,0,0,1
DEF03873,Medium,5.3,254,20.1,0,0.22,0.82,Immediate,49.3,2,4,0,0,1
DEF03874,High,4.8,238,36.6,0,0.95,0.82,Immediate,58.1,3,4,0,0,1
DEF03875,Medium,7.8,66,42.6,0,0.09,0.87,Immediate,56.3,2,4,0,0,1
DEF03876,Low,2.3,204,20.4,1,0.26,0.98,Immediate,35.9,1,4,0,0,1
DEF03877,Medium,5.1,132,5.1,0,0.91,0.89,Immediate,48.3,2,4,0,0,1
DEF03878,Medium,4.8,268,6.3,2,0.39,0.94,Immediate,52.7,2,4,0,0,1
DEF03879,Medium,7.1,104,32.0,2,0.53,0.96,Immediate,51.8,2,4,0,0,1
DEF03880,Medium,13.5,245,12.9,0,0.09,0.72,Immediate,45.1,2,4,0,0,1
DEF03881,Medium,1.9,266,36.6,8,0.84,0.95,Immediate,60.0,2,4,0,0,1
DEF03882,Low,3.4,0,24.8,4,0.17,0.91,Programmed,15.1,1,1,0,0,1
DEF03883,High,4.8,230,32.0,5,0.89,0.8,Immediate,70.5,3,4,0,0,1
DEF03884,Low,3.9,46,38.6,4,0.09,0.86,Immediate,42.3,1,4,0,0,1
DEF03885,Low,8.2,150,4.3,0,0.53,0.9,Immediate,35.4,1,4,0,0,1
DEF03886,Medium,11.8,101,24.1,2,0.35,0.78,Immediate,50.7,2,4,0,0,1
DEF03887,High,7.5,45,30.5,7,0.9,0.84,Immediate,69.4,3,4,0,0,1
DEF03888,Low,1.8,74,18.1,1,0.52,0.79,Immediate,47.8,1,4,0,0,1
DEF03889,Low,5.8,208,31.4,3,0.82,0.89,Immediate,44.4,1,4,0,0,1
DEF03890,High,3.2,13,19.8,2,0.1,0.76,This Week,53.1,3,3,0,0,1
DEF03891,Critical,5.0,237,40.8,7,0.77,0.95,Immediate,94.1,4,4,0,0,1
DEF03892,High,5.9,261,8.6,0,0.59,0.86,Immediate,66.2,3,4,0,0,1
DEF03893,Medium,9.1,229,21.0,1,0.17,0.89,Immediate,53.3,2,4,0,0,1
DEF03894,Medium,6.7,113,17.2,0,0.18,0.72,Immediate,52.2,2,4,0,0,1
DEF03895,Critical,7.6,106,20.3,1,0.56,0.74,Immediate,72.3,4,4,0,0,1
DEF03896,High,13.6,367,1.0,0,0.11,0.92,Immediate,54.4,3,4,0,0,1
DEF03897,High,5.0,313,5.9,1,0.53,0.91,Immediate,62.1,3,4,0,0,1
DEF03898,Medium,4.3,259,10.3,1,0.93,0.82,Immediate,46.0,2,4,0,0,1
DEF03899,Low,3.4,212,21.4,1,0.15,0.87,Immediate,43.3,1,4,0,0,1
DEF03900,Medium,11.9,185,45.0,7,0.68,0.9,Immediate,63.9,2,4,0,0,1
DEF03901,Critical,7.9,374,29.6,1,0.23,0.77,Immediate,71.0,4,4,0,0,1
DEF03902,Low,2.6,11,8.6,1,0.79,0.9,This Week,18.1,1,3,0,0,1
DEF03903,Low,4.6,92,1.3,0,0.72,0.98,Immediate,27.4,1,4,0,0,1
DEF03904,Critical,7.5,369,31.7,3,0.8,0.84,Immediate,77.3,4,4,0,0,1
DEF03905,Medium,7.5,207,37.2,6,0.89,0.75,Immediate,54.4,2,4,0,0,1
DEF03906,Low,2.8,142,18.1,2,0.03,0.84,Immediate,40.0,1,4,0,0,1
DEF03907,Low,4.6,52,21.5,4,0.93,0.89,Immediate,51.0,1,4,0,0,1
DEF03908,High,5.5,174,1.3,0,0.38,0.89,Immediate,60.0,3,4,0,0,1
DEF03909,High,9.6,39,19.7,1,0.79,0.86,Immediate,57.1,3,4,0,0,1
DEF03910,Critical,8.9,266,37.1,4,0.08,0.88,Immediate,83.3,4,4,0,0,1
DEF03911,High,9.1,209,20.9,4,0.8,0.93,Immediate,72.4,3,4,0,0,1
DEF03912,Medium,9.6,332,32.5,6,0.12,0.84,Immediate,60.4,2,4,0,0,1
DEF03913,Medium,14.2,187,32.4,5,0.36,0.75,Immediate,53.8,2,4,0,0,1
DEF03914,Low,2.7,0,33.7,4,0.72,0.83,Programmed,27.0,1,1,0,0,1
DEF03915,High,5.3,38,43.4,5,0.4,0.92,Immediate,63.6,3,4,0,0,1
DEF03916,Medium,2.3,317,2.0,0,0.34,0.87,Immediate,44.2,2,4,0,0,1
DEF03917,Critical,5.3,290,35.6,4,0.11,0.84,Immediate,78.2,4,4,0,0,1
DEF03918,Medium,3.6,333,25.7,2,0.26,0.93,Immediate,51.1,2,4,0,0,1
DEF03919,High,9.0,293,17.0,1,0.28,0.9,Immediate,61.1,3,4,0,0,1
DEF03920,High,16.5,115,20.8,3,0.93,0.87,Immediate,67.2,3,4,0,0,1
DEF03921,High,7.7,168,22.0,1,0.28,0.82,Immediate,56.1,3,4,0,0,1
DEF03922,Critical,17.3,376,37.4,5,0.91,0.94,Immediate,76.5,4,4,0,0,1
DEF03923,High,5.0,81,9.9,1,0.03,0.94,Immediate,53.8,3,4,0,0,1
DEF03924,High,6.4,299,37.6,1,0.57,0.92,Immediate,65.7,3,4,0,0,1
DEF03925,High,8.2,218,20.5,2,0.0,0.71,Immediate,67.2,3,4,0,0,1
DEF03926,Medium,1.7,59,12.4,1,0.18,0.86,Immediate,45.2,2,4,0,0,1
DEF03927,Medium,2.2,344,41.6,6,0.14,0.7,Immediate,51.2,2,4,0,0,1
DEF03928,Medium,13.1,159,38.5,6,0.86,0.7,Immediate,59.2,2,4,0,0,1
DEF03929,Low,4.9,0,10.1,3,0.34,0.87,Programmed,12.2,1,1,0,0,1
DEF03930,Medium,3.1,159,1.7,0,0.08,0.88,Immediate,50.4,2,4,0,0,1
DEF03931,High,2.3,166,20.5,1,0.85,0.73,Immediate,60.4,3,4,0,0,1
DEF03932,Low,6.1,129,8.2,1,0.38,0.88,Immediate,38.0,1,4,0,0,1
DEF03933,Critical,7.1,358,44.5,5,0.96,0.87,Immediate,87.8,4,4,0,0,1
DEF03934,Low,3.1,64,7.6,0,0.13,0.96,Immediate,33.6,1,4,0,0,1
DEF03935,Low,2.4,0,4.5,0,0.11,0.85,Programmed,9.2,1,1,0,0,1
DEF03936,Critical,6.4,375,31.5,3,0.05,0.84,Immediate,87.0,4,4,0,0,1
DEF03937,Medium,13.5,171,28.9,1,0.28,0.83,Immediate,55.4,2,4,0,0,1
DEF03938,Medium,5.9,88,15.4,3,0.2,0.9,Immediate,55.0,2,4,0,0,1
DEF03939,Critical,6.4,128,2.5,0,0.9,0.95,Immediate,78.9,4,4,0,0,1
DEF03940,Medium,3.8,323,20.3,1,0.24,0.91,Immediate,52.9,2,4,0,0,1
DEF03941,High,4.9,42,10.0,0,0.83,0.9,Immediate,53.7,3,4,0,0,1
DEF03942,Medium,12.1,309,16.1,1,0.8,0.8,Immediate,51.6,2,4,0,0,1
DEF03943,High,8.2,303,22.7,6,0.68,0.79,Immediate,71.0,3,4,0,0,1
DEF03944,Medium,4.2,286,24.9,1,0.34,0.99,Immediate,50.4,2,4,0,0,1
DEF03945,Medium,10.6,209,30.2,2,0.18,0.72,Immediate,54.2,2,4,0,0,1
DEF03946,Medium,6.5,35,7.0,0,0.96,0.99,Immediate,38.4,2,4,0,0,1
DEF03947,High,5.8,138,10.8,1,0.54,0.9,Immediate,63.4,3,4,0,0,1
DEF03948,Medium,3.5,323,28.8,3,0.76,0.8,Immediate,47.0,2,4,0,0,1
DEF03949,Critical,11.8,66,7.7,0,0.32,0.92,Immediate,66.3,4,4,0,0,1
DEF03950,Medium,12.1,326,21.5,1,0.84,0.77,Immediate,45.3,2,4,0,0,1
DEF03951,Medium,3.0,120,25.4,1,0.81,0.91,Immediate,51.5,2,4,0,0,1
DEF03952,Medium,10.4,0,15.0,1,0.22,0.98,This Month,24.6,2,2,0,0,1
DEF03953,High,6.0,222,40.7,5,0.14,0.96,Immediate,74.8,3,4,0,0,1
DEF03954,High,4.7,254,2.0,1,0.83,0.72,Immediate,54.5,3,4,0,0,1
DEF03955,High,2.4,319,20.2,3,0.39,0.79,Immediate,68.8,3,4,0,0,1
DEF03956,Medium,5.7,224,23.7,2,0.08,0.92,Immediate,45.1,2,4,0,0,1
DEF03957,Medium,7.0,190,29.6,7,0.16,0.85,Immediate,63.7,2,4,0,0,1
DEF03958,High,10.5,201,9.6,0,0.15,0.96,Immediate,65.7,3,4,0,0,1
DEF03959,Medium,4.6,52,31.7,3,0.37,0.72,Immediate,54.9,2,4,0,0,1
DEF03960,Medium,4.0,254,11.7,1,0.81,0.79,Immediate,50.2,2,4,0,0,1
DEF03961,High,4.3,6,11.9,2,0.9,0.73,This Week,37.0,3,3,0,0,1
DEF03962,Medium,4.9,328,39.3,9,0.34,0.87,Immediate,61.2,2,4,0,0,1
DEF03963,Medium,10.6,356,25.7,2,0.67,0.94,Immediate,60.7,2,4,0,0,1
DEF03964,Medium,11.1,181,11.8,1,0.04,0.97,Immediate,40.8,2,4,0,0,1
DEF03965,Critical,9.7,89,23.6,0,0.4,0.88,Immediate,78.4,4,4,0,0,1
DEF03966,Medium,5.0,260,16.4,3,0.01,0.75,Immediate,50.3,2,4,0,0,1
DEF03967,Medium,4.5,128,43.5,7,0.19,0.91,Immediate,61.9,2,4,0,0,1
DEF03968,Critical,7.4,251,5.8,0,0.17,0.82,Immediate,77.0,4,4,0,0,1
DEF03969,Low,4.4,0,12.8,0,0.02,0.88,Programmed,11.8,1,1,0,0,1
DEF03970,Low,3.5,278,24.8,1,0.86,0.7,Immediate,34.6,1,4,0,0,1
DEF03971,Critical,2.9,324,31.5,0,0.23,0.71,Immediate,70.8,4,4,0,0,1
DEF03972,Low,1.7,0,12.9,2,0.83,0.76,Programmed,15.6,1,1,0,0,1
DEF03973,High,10.1,289,36.9,3,0.98,0.84,Immediate,68.9,3,4,0,0,1
DEF03974,Medium,5.4,27,20.2,2,0.14,0.84,This Week,39.7,2,3,0,0,1
DEF03975,Critical,8.2,111,10.1,0,0.13,0.83,Immediate,69.0,4,4,0,0,1
DEF03976,Critical,4.2,149,2.1,1,0.14,0.83,Immediate,68.6,4,4,0,0,1
DEF03977,High,1.6,81,15.2,0,0.82,0.8,Immediate,61.2,3,4,0,0,1
DEF03978,High,13.2,148,2.5,0,0.3,0.71,Immediate,61.9,3,4,0,0,1
DEF03979,Low,2.3,111,43.6,2,0.4,0.73,Immediate,50.8,1,4,0,0,1
DEF03980,High,6.8,125,2.7,2,0.6,0.93,Immediate,60.0,3,4,0,0,1
DEF03981,High,6.6,384,4.5,1,0.54,0.99,Immediate,58.7,3,4,0,0,1
DEF03982,High,9.6,78,30.1,4,0.25,0.75,Immediate,66.9,3,4,0,0,1
DEF03983,Medium,11.3,333,12.7,1,0.86,0.82,Immediate,48.5,2,4,0,0,1
DEF03984,Low,4.2,251,15.5,0,0.12,0.72,Immediate,41.7,1,4,0,0,1
DEF03985,Medium,1.2,20,20.4,1,0.56,0.76,This Week,31.5,2,3,0,0,1
DEF03986,High,9.4,9,10.6,1,0.17,0.73,This Week,43.8,3,3,0,0,1
DEF03987,High,13.6,140,27.8,2,0.16,0.72,Immediate,62.1,3,4,0,0,1
DEF03988,Low,3.1,89,41.5,8,0.95,0.74,Immediate,44.1,1,4,0,0,1
DEF03989,High,9.2,225,14.7,0,0.26,0.9,Immediate,57.4,3,4,0,0,1
DEF03990,Medium,12.6,150,4.2,1,0.13,0.89,Immediate,38.4,2,4,0,0,1
DEF03991,Medium,6.5,0,16.3,3,0.87,0.89,This Month,22.9,2,2,0,0,1
DEF03992,Medium,8.7,0,17.0,1,0.84,0.84,This Month,27.6,2,2,0,0,1
DEF03993,Medium,8.2,225,40.7,3,0.61,0.82,Immediate,60.3,2,4,0,0,1
DEF03994,High,11.3,42,22.7,5,0.13,0.87,Immediate,65.1,3,4,0,0,1
DEF03995,High,13.6,169,32.9,6,0.73,0.76,Immediate,77.2,3,4,0,0,1
DEF03996,High,13.4,272,14.0,2,0.92,0.97,Immediate,62.8,3,4,0,0,1
DEF03997,Medium,11.4,159,35.2,3,0.27,0.93,Immediate,56.7,2,4,0,0,1
DEF03998,Medium,4.4,65,15.0,2,0.8,0.93,Immediate,50.5,2,4,0,0,1
DEF03999,Medium,4.3,61,20.2,1,0.37,0.8,Immediate,49.3,2,4,0,0,1
DEF04000,High,4.8,146,20.0,1,0.3,0.86,Immediate,63.0,3,4,0,0,1
SMMS00001,Medium,3.6,60,17.2,2,50.9,0.76,This Week,57.4,2,3,1,0,0
SMMS00002,Low,4.7,90,5.9,1,19.8,0.72,This Month,48.8,1,2,1,0,0
SMMS00003,Low,5.1,90,14.6,0,23.3,0.72,This Month,50.8,1,2,1,0,0
SMMS00004,Medium,6.0,60,22.9,0,37.3,0.62,This Month,46.9,2,2,1,0,0
SMMS00005,Low,4.8,90,15.3,1,21.1,0.67,This Week,56.2,1,3,1,0,0
SMMS00006,Low,7.4,90,14.7,4,29.2,0.72,This Week,55.2,1,3,1,0,0
SMMS00007,Low,4.3,90,1.7,0,32.6,0.74,This Month,46.7,1,2,1,0,0
SMMS00008,Medium,4.8,60,23.4,3,52.9,0.75,This Month,54.3,2,2,1,0,0
SMMS00009,Low,5.9,0,13.0,1,47.1,0.73,Programmed,19.7,1,1,1,0,0
SMMS00010,Medium,3.4,60,7.3,2,25.3,0.82,This Month,48.9,2,2,1,0,0
SMMS00011,High,5.3,30,17.5,5,68.4,0.85,This Week,67.0,3,3,1,0,0
SMMS00012,High,5.7,30,1.2,0,68.2,0.6,This Month,48.5,3,2,1,0,0
SMMS00013,High,6.8,30,19.6,3,41.4,0.83,This Month,54.9,3,2,1,0,0
SMMS00014,Low,3.7,90,3.3,0,32.1,0.67,This Month,37.6,1,2,1,0,0
SMMS00015,High,5.5,30,23.6,2,62.1,0.73,This Month,51.9,3,2,1,0,0
SMMS00016,Low,3.5,90,20.6,2,56.6,0.86,This Week,58.4,1,3,1,0,0
SMMS00017,Medium,6.8,60,3.9,1,60.0,0.79,This Month,41.8,2,2,1,0,0
SMMS00018,High,7.3,30,24.1,1,47.9,0.78,This Week,67.3,3,3,1,0,0
SMMS00019,Medium,4.2,0,13.7,2,56.6,0.91,This Month,39.3,2,2,1,0,0
SMMS00020,Low,2.7,90,17.1,3,30.5,0.9,This Week,56.0,1,3,1,0,0
SMMS00021,Low,2.1,13,10.5,1,54.8,0.68,This Month,40.1,1,2,1,0,0
SMMS00022,Medium,3.2,60,3.8,0,38.7,0.74,This Month,53.3,2,2,1,0,0
SMMS00023,Low,2.5,90,13.5,2,41.6,0.75,This Month,48.5,1,2,1,0,0
SMMS00024,Low,3.5,90,5.7,1,21.5,0.63,This Month,46.1,1,2,1,0,0
SMMS00025,Medium,2.7,10,19.9,5,27.6,0.95,This Month,44.3,2,2,1,0,0
SMMS00026,Critical,12.1,10,19.3,1,39.1,0.83,Immediate,56.1,4,4,1,0,0
SMMS00027,Medium,4.7,19,15.7,0,28.2,0.72,This Month,50.6,2,2,1,0,0
SMMS00028,Medium,3.8,60,1.3,1,36.6,0.75,This Month,42.6,2,2,1,0,0
SMMS00029,High,5.7,30,17.4,1,67.4,0.76,This Month,53.9,3,2,1,0,0
SMMS00030,Low,3.8,90,6.6,2,30.1,0.91,This Month,46.3,1,2,1,0,0
SMMS00031,Critical,11.0,10,8.7,2,32.9,0.8,Immediate,56.2,4,4,1,0,0
SMMS00032,High,7.7,30,22.1,2,63.6,0.79,This Week,62.4,3,3,1,0,0
SMMS00033,Low,3.1,90,2.1,1,15.9,0.55,This Month,43.7,1,2,1,0,0
SMMS00034,Medium,7.1,60,9.8,2,23.2,0.67,This Week,56.3,2,3,1,0,0
SMMS00035,High,5.4,30,23.8,4,33.5,0.67,This Week,66.8,3,3,1,0,0
SMMS00036,Medium,4.7,60,23.0,1,38.8,0.7,This Week,57.2,2,3,1,0,0
SMMS00037,Medium,3.0,60,4.1,3,34.7,0.83,This Month,42.0,2,2,1,0,0
SMMS00038,Medium,3.8,43,17.7,1,65.6,0.71,This Month,46.7,2,2,1,0,0
SMMS00039,High,5.6,30,1.8,2,58.1,0.69,This Month,50.3,3,2,1,0,0
SMMS00040,Critical,9.7,10,23.2,7,62.8,0.87,Immediate,69.7,4,4,1,0,0
SMMS00041,Low,3.8,2,8.8,0,19.2,0.84,Programmed,20.1,1,1,1,0,0
SMMS00042,Medium,6.9,60,24.4,1,37.9,0.64,This Week,60.8,2,3,1,0,0
SMMS00043,Low,1.7,90,23.5,3,47.4,0.8,This Week,61.5,1,3,1,0,0
SMMS00044,Critical,8.6,10,24.4,5,44.1,0.81,Immediate,68.0,4,4,1,0,0
SMMS00045,Critical,9.2,10,13.3,1,69.1,0.78,Immediate,57.2,4,4,1,0,0
SMMS00046,Medium,5.5,60,8.7,2,37.2,0.81,This Month,45.5,2,2,1,0,0
SMMS00047,Critical,8.2,10,15.2,2,41.5,0.87,Immediate,61.5,4,4,1,0,0
SMMS00048,Medium,5.7,60,2.8,1,77.1,0.6,This Month,51.7,2,2,1,0,0
SMMS00049,Critical,7.3,10,5.1,0,39.4,0.71,Immediate,51.5,4,4,1,0,0
SMMS00050,High,4.1,26,10.7,2,38.1,0.71,This Week,61.9,3,3,1,0,0
SMMS00051,Medium,7.7,60,6.3,1,57.7,0.5,This Month,48.4,2,2,1,0,0
SMMS00052,Medium,5.0,60,8.8,2,38.4,0.91,This Week,55.0,2,3,1,0,0
SMMS00053,High,6.8,30,19.5,1,39.4,0.68,This Month,53.7,3,2,1,0,0
SMMS00054,Low,5.6,6,17.4,2,25.8,0.9,Programmed,27.9,1,1,1,0,0
SMMS00055,High,4.7,30,17.8,3,47.8,0.8,This Month,53.7,3,2,1,0,0
SMMS00056,Medium,7.6,60,11.6,0,59.0,0.75,This Month,50.2,2,2,1,0,0
SMMS00057,Low,1.9,90,22.2,2,32.7,0.86,This Week,57.0,1,3,1,0,0
SMMS00058,Medium,2.8,60,10.9,2,56.5,0.89,This Month,52.4,2,2,1,0,0
SMMS00059,Critical,7.7,10,24.8,1,50.6,0.77,Immediate,67.9,4,4,1,0,0
SMMS00060,High,9.3,30,16.1,3,43.1,0.75,This Week,56.3,3,3,1,0,0
SMMS00061,High,5.4,30,20.6,3,49.6,0.74,This Week,55.4,3,3,1,0,0
SMMS00062,Low,6.1,90,7.6,1,47.1,0.64,This Month,51.5,1,2,1,0,0
SMMS00063,Medium,4.5,60,21.6,0,61.2,0.71,This Week,60.3,2,3,1,0,0
SMMS00064,High,5.9,30,21.3,4,55.7,0.74,This Month,49.2,3,2,1,0,0
SMMS00065,Medium,2.4,60,9.5,0,41.0,0.79,This Month,48.6,2,2,1,0,0
SMMS00066,Medium,7.9,60,11.4,4,26.6,0.8,This Month,53.7,2,2,1,0,0
SMMS00067,High,8.4,30,18.3,3,70.5,0.72,This Week,59.5,3,3,1,0,0
SMMS00068,Medium,9.8,60,14.2,0,34.7,0.8,This Week,59.4,2,3,1,0,0
SMMS00069,Critical,6.3,10,3.6,0,65.4,0.79,Immediate,50.1,4,4,1,0,0
SMMS00070,Medium,4.2,60,17.9,3,79.3,0.8,This Month,52.2,2,2,1,0,0
SMMS00071,Critical,9.9,0,10.6,5,49.4,0.97,Immediate,53.3,4,4,1,0,0
SMMS00072,High,9.3,30,16.3,1,40.5,0.65,This Month,52.9,3,2,1,0,0
SMMS00073,Critical,4.9,10,10.4,1,55.1,0.64,Immediate,51.8,4,4,1,0,0
SMMS00074,Medium,6.8,60,12.4,0,40.8,0.55,This Month,53.1,2,2,1,0,0
SMMS00075,Medium,6.6,60,19.9,3,28.4,0.84,This Week,58.4,2,3,1,0,0
SMMS00076,Medium,4.6,60,18.9,1,78.5,0.71,This Week,55.8,2,3,1,0,0
SMMS00077,High,7.6,30,16.4,4,29.2,0.84,This Month,51.8,3,2,1,0,0
SMMS00078,Low,3.9,16,21.9,2,71.7,0.8,Programmed,34.5,1,1,1,0,0
SMMS00079,Medium,9.6,59,18.2,4,55.0,0.87,This Week,55.3,2,3,1,0,0
SMMS00080,High,4.2,30,21.0,3,41.3,0.79,This Week,58.9,3,3,1,0,0
SMMS00081,Medium,4.9,60,15.8,2,40.9,0.85,This Month,53.8,2,2,1,0,0
SMMS00082,Medium,4.2,60,12.5,0,54.2,0.62,This Month,44.8,2,2,1,0,0
SMMS00083,Low,3.4,86,24.2,2,29.4,0.85,This Week,57.4,1,3,1,0,0
SMMS00084,Low,6.2,36,4.4,0,29.2,0.74,Programmed,24.8,1,1,1,0,0
SMMS00085,High,5.9,30,12.5,1,31.6,0.77,This Month,50.8,3,2,1,0,0
SMMS00086,High,6.8,30,21.9,2,37.2,0.78,This Week,55.3,3,3,1,0,0
SMMS00087,Low,4.1,90,7.4,0,41.9,0.65,This Month,47.0,1,2,1,0,0
SMMS00088,Low,7.1,0,12.7,2,24.1,0.99,Programmed,28.4,1,1,1,0,0
SMMS00089,Medium,7.7,60,15.9,3,47.1,0.78,This Week,58.0,2,3,1,0,0
SMMS00090,Low,3.3,90,3.4,1,52.2,0.6,This Month,41.6,1,2,1,0,0
SMMS00091,Critical,12.5,10,9.0,0,54.2,0.82,Immediate,60.3,4,4,1,0,0
SMMS00092,High,6.2,30,9.4,1,30.7,0.73,This Month,41.6,3,2,1,0,0
SMMS00093,Medium,3.4,60,22.7,2,59.2,0.68,This Week,62.4,2,3,1,0,0
SMMS00094,Low,4.2,90,24.3,5,31.0,0.8,This Month,54.0,1,2,1,0,0
SMMS00095,Low,6.0,22,9.3,5,27.7,0.74,Programmed,30.5,1,1,1,0,0
SMMS00096,Low,4.8,90,14.7,3,16.3,0.72,This Month,49.4,1,2,1,0,0
SMMS00097,Low,4.0,76,22.1,2,22.8,0.79,This Month,52.6,1,2,1,0,0
SMMS00098,Low,3.8,90,17.1,1,63.4,0.63,This Month,48.1,1,2,1,0,0
SMMS00099,High,6.4,30,20.5,2,31.2,0.79,This Week,56.1,3,3,1,0,0
SMMS00100,Medium,4.2,60,11.1,1,26.0,0.78,This Month,54.8,2,2,1,0,0
SMMS00101,High,4.2,30,23.9,0,36.6,0.81,This Month,54.3,3,2,1,0,0
SMMS00102,High,8.3,30,6.5,2,67.1,0.68,This Month,43.5,3,2,1,0,0
SMMS00103,Medium,5.1,53,22.9,3,36.5,0.81,This Month,51.3,2,2,1,0,0
SMMS00104,High,10.0,30,16.5,1,57.2,0.8,This Month,52.8,3,2,1,0,0
SMMS00105,Low,4.9,90,16.7,2,28.9,0.78,This Week,55.7,1,3,1,0,0
SMMS00106,Low,2.1,90,11.6,1,27.4,0.73,This Month,46.2,1,2,1,0,0
SMMS00107,Low,4.6,14,16.8,2,52.6,0.99,Programmed,26.7,1,1,1,0,0
SMMS00108,High,3.3,12,24.6,3,31.5,0.9,This Month,51.9,3,2,1,0,0
SMMS00109,Low,3.4,90,1.0,2,30.1,0.96,This Month,46.1,1,2,1,0,0
SMMS00110,High,10.6,30,11.6,1,38.7,0.77,This Week,56.9,3,3,1,0,0
SMMS00111,Low,2.4,90,13.4,3,28.2,0.81,This Week,55.9,1,3,1,0,0
SMMS00112,Critical,8.3,10,15.7,2,66.3,0.84,Immediate,65.1,4,4,1,0,0
SMMS00113,Low,4.7,90,3.9,0,25.3,0.51,This Month,47.3,1,2,1,0,0
SMMS00114,Medium,7.8,60,16.4,2,38.0,0.71,This Month,54.4,2,2,1,0,0
SMMS00115,Medium,4.1,60,7.5,3,29.8,0.72,This Month,50.8,2,2,1,0,0
SMMS00116,Critical,6.4,10,9.1,1,49.3,0.89,Immediate,53.2,4,4,1,0,0
SMMS00117,Low,5.1,90,14.6,3,28.6,0.84,This Month,52.2,1,2,1,0,0
SMMS00118,Medium,1.7,60,17.4,2,62.8,0.87,This Week,57.2,2,3,1,0,0
SMMS00119,Medium,7.9,60,24.5,5,37.9,0.68,This Week,57.8,2,3,1,0,0
SMMS00120,Medium,3.8,60,13.4,3,38.2,0.71,This Week,57.3,2,3,1,0,0
SMMS00121,Medium,10.8,0,23.4,1,55.1,0.86,This Month,38.0,2,2,1,0,0
SMMS00122,Critical,7.4,10,22.7,3,48.2,0.85,Immediate,69.0,4,4,1,0,0
SMMS00123,Critical,11.6,10,22.2,5,70.5,0.81,Immediate,64.7,4,4,1,0,0
SMMS00124,Critical,6.3,10,14.2,0,47.1,0.73,Immediate,58.6,4,4,1,0,0
SMMS00125,Low,5.0,24,7.0,3,22.1,0.81,Programmed,33.9,1,1,1,0,0
SMMS00126,Low,6.0,90,22.5,2,23.0,0.76,This Week,55.4,1,3,1,0,0
SMMS00127,Low,2.8,90,20.5,5,21.7,0.86,This Month,51.3,1,2,1,0,0
SMMS00128,Critical,5.9,10,22.2,6,61.4,0.89,Immediate,72.3,4,4,1,0,0
SMMS00129,Medium,5.8,60,24.7,0,29.6,0.72,This Month,53.7,2,2,1,0,0
SMMS00130,Low,1.4,90,5.2,1,34.4,0.69,This Month,48.6,1,2,1,0,0
SMMS00131,High,6.4,30,2.7,0,36.5,0.79,This Month,46.5,3,2,1,0,0
SMMS00132,Medium,5.7,39,6.4,2,52.6,0.95,This Month,42.9,2,2,1,0,0
SMMS00133,Medium,3.8,60,24.4,1,88.0,0.74,This Week,57.4,2,3,1,0,0
SMMS00134,Low,4.3,90,2.0,1,60.0,0.65,This Month,47.5,1,2,1,0,0
SMMS00135,Medium,4.8,60,21.1,5,29.5,0.63,This Week,56.9,2,3,1,0,0
SMMS00136,Low,6.1,62,13.7,2,60.1,0.84,This Month,43.3,1,2,1,0,0
SMMS00137,High,6.1,30,3.7,1,41.3,0.66,This Month,51.6,3,2,1,0,0
SMMS00138,Medium,4.6,60,11.0,2,31.3,0.69,This Month,47.7,2,2,1,0,0
SMMS00139,Low,4.7,18,24.2,3,18.5,0.79,This Month,36.6,1,2,1,0,0
SMMS00140,Critical,7.9,10,8.0,1,34.4,0.84,Immediate,59.1,4,4,1,0,0
SMMS00141,Low,1.4,65,6.3,1,17.4,0.58,This Month,35.5,1,2,1,0,0
SMMS00142,Low,4.8,0,18.5,2,21.4,0.85,Programmed,28.2,1,1,1,0,0
SMMS00143,Low,2.5,11,12.3,0,46.9,0.76,Programmed,31.1,1,1,1,0,0
SMMS00144,Medium,3.6,0,9.3,0,50.0,0.85,Programmed,33.7,2,1,1,0,0
SMMS00145,Critical,5.7,10,23.5,4,40.8,0.9,Immediate,60.2,4,4,1,0,0
SMMS00146,High,10.3,30,19.8,1,66.3,0.77,This Month,51.5,3,2,1,0,0
SMMS00147,Medium,2.7,60,13.8,2,60.1,0.69,This Week,55.4,2,3,1,0,0
SMMS00148,Critical,6.6,6,19.5,1,88.5,0.78,Immediate,59.4,4,4,1,0,0
SMMS00149,Low,7.1,90,9.7,4,53.4,0.92,This Month,49.9,1,2,1,0,0
SMMS00150,Medium,5.2,60,3.0,2,69.2,0.68,This Month,41.6,2,2,1,0,0
SMMS00151,Medium,6.1,60,12.9,1,39.5,0.82,This Month,45.0,2,2,1,0,0
SMMS00152,Medium,3.7,60,22.2,2,30.3,0.68,This Week,58.4,2,3,1,0,0
SMMS00153,High,6.0,30,6.9,1,46.1,0.76,This Week,56.2,3,3,1,0,0
SMMS00154,High,3.3,30,3.3,2,63.8,0.77,This Month,52.1,3,2,1,0,0
SMMS00155,Low,1.9,5,1.2,4,53.2,0.83,Programmed,22.0,1,1,1,0,0
SMMS00156,High,7.5,30,14.8,3,45.3,0.89,This Week,56.0,3,3,1,0,0
SMMS00157,Medium,4.8,60,24.0,5,31.6,0.66,This Week,62.3,2,3,1,0,0
SMMS00158,Medium,4.0,60,3.7,0,74.2,0.81,This Month,44.6,2,2,1,0,0
SMMS00159,Low,3.3,37,22.8,3,19.2,0.78,This Month,41.2,1,2,1,0,0
SMMS00160,Low,3.1,90,11.6,3,16.2,0.7,This Month,49.7,1,2,1,0,0
SMMS00161,Medium,5.5,60,20.7,1,22.3,0.58,This Week,64.4,2,3,1,0,0
SMMS00162,Low,2.5,90,2.7,0,23.4,0.75,This Month,42.1,1,2,1,0,0
SMMS00163,Medium,6.5,60,9.2,0,60.4,0.71,This Month,47.8,2,2,1,0,0
SMMS00164,Low,6.4,90,10.0,4,43.1,0.69,This Month,54.6,1,2,1,0,0
SMMS00165,Low,5.3,33,13.2,1,26.1,0.74,This Month,35.1,1,2,1,0,0
SMMS00166,Low,3.2,90,15.6,3,19.8,0.82,This Month,53.9,1,2,1,0,0
SMMS00167,Critical,5.4,10,17.9,1,63.4,0.74,Immediate,57.1,4,4,1,0,0
SMMS00168,Low,4.8,90,2.2,2,35.7,0.73,This Month,53.8,1,2,1,0,0
SMMS00169,Medium,2.6,60,3.6,0,56.7,0.67,This Month,47.6,2,2,1,0,0
SMMS00170,Medium,6.6,60,16.4,0,49.6,0.74,This Month,52.2,2,2,1,0,0
SMMS00171,High,4.9,30,20.6,0,38.9,0.66,This Week,58.0,3,3,1,0,0
SMMS00172,High,12.0,30,10.6,1,44.7,0.75,This Week,59.3,3,3,1,0,0
SMMS00173,Low,4.6,90,21.3,3,42.4,0.87,This Week,60.4,1,3,1,0,0
SMMS00174,Low,2.8,0,15.7,2,43.9,0.93,Programmed,27.6,1,1,1,0,0
SMMS00175,High,4.4,30,13.1,3,43.4,0.71,This Week,56.7,3,3,1,0,0
SMMS00176,Low,2.7,89,24.7,2,49.1,0.72,This Week,57.7,1,3,1,0,0
SMMS00177,Medium,8.0,60,14.9,1,52.8,0.61,This Month,54.5,2,2,1,0,0
SMMS00178,Medium,6.2,60,3.5,2,39.5,0.76,This Month,49.6,2,2,1,0,0
SMMS00179,Medium,3.6,60,12.2,1,25.5,0.59,This Month,49.5,2,2,1,0,0
SMMS00180,High,6.3,30,11.0,1,65.0,0.56,This Month,53.1,3,2,1,0,0
SMMS00181,Medium,5.5,60,9.0,2,27.5,0.81,This Week,58.7,2,3,1,0,0
SMMS00182,Critical,6.2,10,6.6,2,65.8,0.91,Immediate,55.9,4,4,1,0,0
SMMS00183,Low,4.2,90,20.6,2,21.3,0.83,This Week,59.0,1,3,1,0,0
SMMS00184,Low,6.0,90,5.3,3,45.9,0.78,This Month,53.7,1,2,1,0,0
SMMS00185,High,8.1,30,4.4,0,43.2,0.58,This Month,47.4,3,2,1,0,0
SMMS00186,High,3.5,18,14.6,0,61.5,0.67,This Month,54.9,3,2,1,0,0
SMMS00187,Medium,5.2,60,7.1,1,33.6,0.76,This Month,48.1,2,2,1,0,0
SMMS00188,High,6.3,30,21.3,2,56.0,0.88,This Week,59.1,3,3,1,0,0
SMMS00189,Critical,9.5,10,10.1,0,70.8,0.77,Immediate,62.4,4,4,1,0,0
SMMS00190,Low,4.8,90,16.0,0,23.5,0.6,This Month,45.9,1,2,1,0,0
SMMS00191,Medium,6.4,0,21.1,2,52.2,0.87,This Month,43.5,2,2,1,0,0
SMMS00192,High,6.5,30,13.1,1,49.9,0.76,This Week,58.2,3,3,1,0,0
SMMS00193,High,3.3,30,2.8,1,54.3,0.59,This Month,49.1,3,2,1,0,0
SMMS00194,High,5.8,30,10.9,1,62.7,0.6,This Month,52.3,3,2,1,0,0
SMMS00195,High,6.3,0,21.2,2,51.6,0.77,This Week,58.1,3,3,1,0,0
SMMS00196,Critical,7.3,10,21.4,2,71.1,0.99,Immediate,61.0,4,4,1,0,0
SMMS00197,Medium,4.3,60,21.0,3,39.9,0.83,This Week,60.5,2,3,1,0,0
SMMS00198,Critical,9.8,10,23.4,4,67.3,0.89,Immediate,65.5,4,4,1,0,0
SMMS00199,Low,3.4,90,23.7,6,48.6,0.68,This Week,63.3,1,3,1,0,0
SMMS00200,High,6.9,30,20.5,2,35.2,0.83,This Month,54.8,3,2,1,0,0
SMMS00201,Medium,6.4,60,5.0,1,56.7,0.91,This Month,50.6,2,2,1,0,0
SMMS00202,High,7.7,30,13.9,4,87.6,0.92,This Week,55.0,3,3,1,0,0
SMMS00203,Low,6.6,90,6.1,1,34.4,0.72,This Month,48.0,1,2,1,0,0
SMMS00204,Low,4.3,90,17.4,2,31.3,0.79,This Month,50.6,1,2,1,0,0
SMMS00205,Medium,7.9,60,1.2,3,58.5,0.85,This Month,48.0,2,2,1,0,0
SMMS00206,Medium,7.5,60,10.4,3,54.6,0.73,This Week,55.0,2,3,1,0,0
SMMS00207,Critical,4.7,10,7.1,0,78.2,0.76,Immediate,45.2,4,4,1,0,0
SMMS00208,Medium,4.5,0,7.2,1,50.3,0.83,Programmed,25.7,2,1,1,0,0
SMMS00209,High,7.4,30,9.5,0,41.5,0.72,This Month,48.7,3,2,1,0,0
SMMS00210,Low,3.5,90,22.5,1,24.1,0.73,This Week,60.9,1,3,1,0,0
SMMS00211,Medium,5.3,60,5.2,1,29.6,0.73,This Month,45.7,2,2,1,0,0
SMMS00212,Medium,3.1,60,15.4,6,64.6,0.85,This Week,61.5,2,3,1,0,0
SMMS00213,High,9.9,19,22.2,6,42.5,0.82,This Week,56.4,3,3,1,0,0
SMMS00214,Critical,8.9,10,14.5,2,100.0,0.93,Immediate,52.1,4,4,1,0,0
SMMS00215,Medium,3.7,60,3.9,3,43.3,0.72,This Week,56.8,2,3,1,0,0
SMMS00216,Low,3.7,90,3.0,1,26.9,0.53,This Month,45.8,1,2,1,0,0
SMMS00217,High,7.7,30,12.6,1,62.3,0.69,This Month,51.7,3,2,1,0,0
SMMS00218,Critical,4.3,10,8.0,3,43.9,0.94,Immediate,61.4,4,4,1,0,0
SMMS00219,Critical,9.8,10,5.0,2,92.9,0.78,Immediate,54.8,4,4,1,0,0
SMMS00220,Medium,1.9,60,18.9,3,37.2,0.62,This Week,57.0,2,3,1,0,0
SMMS00221,Medium,4.4,37,2.6,0,17.6,0.57,This Month,38.7,2,2,1,0,0
SMMS00222,Low,3.6,75,6.6,0,55.0,0.58,This Month,39.9,1,2,1,0,0
SMMS00223,High,7.1,30,3.2,0,64.4,0.66,This Month,41.3,3,2,1,0,0
SMMS00224,Medium,3.2,60,2.3,1,39.7,0.69,This Month,40.9,2,2,1,0,0
SMMS00225,Medium,5.4,60,20.8,2,20.6,0.69,This Week,61.6,2,3,1,0,0
SMMS00226,Low,2.8,90,20.7,1,20.5,0.67,This Week,63.9,1,3,1,0,0
SMMS00227,High,6.6,30,11.7,4,41.8,0.81,This Month,54.4,3,2,1,0,0
SMMS00228,High,5.4,30,15.7,1,42.5,0.63,This Month,53.8,3,2,1,0,0
SMMS00229,Low,1.6,90,24.9,3,59.0,0.73,This Week,63.1,1,3,1,0,0
SMMS00230,Critical,7.7,10,11.4,0,32.1,0.94,Immediate,64.1,4,4,1,0,0
SMMS00231,High,8.1,30,13.2,1,65.9,0.49,This Month,51.6,3,2,1,0,0
SMMS00232,Medium,2.2,60,12.1,2,26.8,0.73,This Month,47.4,2,2,1,0,0
SMMS00233,Low,4.5,71,5.6,1,34.3,0.74,This Month,43.4,1,2,1,0,0
SMMS00234,Medium,4.8,60,9.2,1,82.1,0.74,This Week,56.7,2,3,1,0,0
SMMS00235,High,4.6,30,19.7,0,30.8,0.48,This Month,49.2,3,2,1,0,0
SMMS00236,Low,2.1,2,13.6,0,59.1,0.68,Programmed,24.2,1,1,1,0,0
SMMS00237,High,5.5,30,22.1,6,44.7,0.79,This Week,63.2,3,3,1,0,0
SMMS00238,Low,3.9,90,8.1,2,76.2,0.68,This Month,54.5,1,2,1,0,0
SMMS00239,Low,4.7,90,7.6,2,34.2,0.91,This Month,44.4,1,2,1,0,0
SMMS00240,Medium,6.6,60,23.6,3,31.2,0.9,This Week,61.7,2,3,1,0,0
SMMS00241,High,4.5,30,16.8,2,64.2,0.91,This Week,57.1,3,3,1,0,0
SMMS00242,High,4.3,30,4.2,0,43.5,0.59,This Month,45.7,3,2,1,0,0
SMMS00243,Low,4.6,90,17.4,1,52.0,0.83,This Month,52.0,1,2,1,0,0
SMMS00244,Low,2.5,79,9.2,1,52.0,0.75,This Month,48.7,1,2,1,0,0
SMMS00245,High,7.1,30,2.3,2,47.2,0.75,This Month,51.9,3,2,1,0,0
SMMS00246,High,7.6,6,20.0,2,26.1,0.92,This Month,46.8,3,2,1,0,0
SMMS00247,Medium,7.4,60,14.9,3,66.1,0.63,This Month,47.0,2,2,1,0,0
SMMS00248,Medium,5.9,60,6.1,0,28.1,0.78,This Month,51.7,2,2,1,0,0
SMMS00249,Medium,3.6,60,17.6,4,61.1,0.82,This Week,67.3,2,3,1,0,0
SMMS00250,Low,3.1,7,17.5,3,23.0,0.83,Programmed,34.1,1,1,1,0,0
SMMS00251,Medium,7.3,60,12.6,4,57.7,0.87,This Week,55.6,2,3,1,0,0
SMMS00252,Medium,4.3,60,18.1,4,26.1,0.9,This Week,61.0,2,3,1,0,0
SMMS00253,Low,2.7,90,13.9,1,24.7,0.71,This Month,54.0,1,2,1,0,0
SMMS00254,Low,3.9,90,7.0,1,30.9,0.65,This Month,45.5,1,2,1,0,0
SMMS00255,Medium,6.7,60,14.0,2,32.0,0.79,This Month,47.4,2,2,1,0,0
SMMS00256,High,8.6,30,11.5,2,30.9,0.76,This Week,64.5,3,3,1,0,0
SMMS00257,Low,3.3,90,2.3,3,17.2,0.84,This Month,46.5,1,2,1,0,0
SMMS00258,High,6.4,30,15.3,2,62.6,0.71,This Week,62.5,3,3,1,0,0
SMMS00259,Medium,3.8,60,17.3,1,55.9,0.77,This Week,57.2,2,3,1,0,0
SMMS00260,Medium,4.3,60,7.2,1,29.3,0.68,This Month,50.8,2,2,1,0,0
SMMS00261,Low,3.0,0,18.8,0,21.2,0.72,Programmed,28.2,1,1,1,0,0
SMMS00262,High,4.9,30,17.0,2,43.9,0.62,This Week,56.1,3,3,1,0,0
SMMS00263,High,4.2,30,11.6,2,56.5,0.69,This Week,59.4,3,3,1,0,0
SMMS00264,Medium,3.7,60,15.6,1,37.3,0.74,This Month,54.6,2,2,1,0,0
SMMS00265,Critical,5.4,10,5.1,0,55.2,0.71,Immediate,54.9,4,4,1,0,0
SMMS00266,Low,2.8,85,17.4,3,72.0,0.66,This Month,50.8,1,2,1,0,0
SMMS00267,High,7.5,30,6.6,1,65.9,0.77,This Month,43.2,3,2,1,0,0
SMMS00268,Medium,6.8,60,24.7,4,48.6,0.97,This Week,61.3,2,3,1,0,0
SMMS00269,Medium,3.6,60,21.8,5,30.2,0.62,This Week,60.0,2,3,1,0,0
SMMS00270,Low,1.2,90,14.3,0,55.4,0.66,This Month,47.8,1,2,1,0,0
SMMS00271,Medium,4.0,60,7.9,1,29.6,0.78,This Month,44.6,2,2,1,0,0
SMMS00272,Medium,4.3,60,1.7,0,67.6,0.75,This Month,50.3,2,2,1,0,0
SMMS00273,Medium,7.1,60,14.1,1,30.6,0.57,This Week,59.0,2,3,1,0,0
SMMS00274,Medium,5.8,60,4.2,1,33.4,0.75,This Month,43.8,2,2,1,0,0
SMMS00275,Medium,5.9,60,14.2,2,44.7,0.82,This Month,53.6,2,2,1,0,0
SMMS00276,High,10.5,30,14.0,0,36.5,0.82,This Month,50.3,3,2,1,0,0
SMMS00277,Medium,5.3,60,20.7,0,62.6,0.65,This Week,55.3,2,3,1,0,0
SMMS00278,High,5.9,30,12.2,1,66.2,0.69,This Month,51.5,3,2,1,0,0
SMMS00279,Medium,3.8,0,18.6,0,45.7,0.73,This Month,38.6,2,2,1,0,0
SMMS00280,Low,3.7,90,24.6,1,35.4,0.52,This Week,57.0,1,3,1,0,0
SMMS00281,Low,5.2,90,21.9,0,48.1,0.69,This Month,52.8,1,2,1,0,0
SMMS00282,Low,3.0,90,21.1,1,23.1,0.67,This Week,56.0,1,3,1,0,0
SMMS00283,High,5.0,30,19.3,1,31.0,0.64,This Week,55.3,3,3,1,0,0
SMMS00284,Medium,4.5,60,4.5,0,20.7,0.71,This Month,49.0,2,2,1,0,0
SMMS00285,Critical,4.7,10,9.2,3,73.0,0.89,Immediate,51.6,4,4,1,0,0
SMMS00286,High,8.6,30,12.9,0,70.1,0.66,This Week,60.1,3,3,1,0,0
SMMS00287,High,4.3,23,16.7,1,60.5,0.78,This Month,49.4,3,2,1,0,0
SMMS00288,Critical,6.8,10,13.9,2,67.8,0.72,Immediate,56.7,4,4,1,0,0
SMMS00289,Medium,3.3,60,6.1,1,26.1,0.61,This Month,53.3,2,2,1,0,0
SMMS00290,Low,2.8,90,8.2,2,36.3,0.65,This Month,49.7,1,2,1,0,0
SMMS00291,Medium,5.0,28,10.3,2,32.3,0.77,This Month,45.6,2,2,1,0,0
SMMS00292,Low,4.2,90,20.8,2,26.3,0.81,This Month,50.2,1,2,1,0,0
SMMS00293,Low,8.1,90,9.6,1,59.8,0.76,This Month,47.7,1,2,1,0,0
SMMS00294,Critical,7.2,10,24.1,3,68.2,0.91,Immediate,69.4,4,4,1,0,0
SMMS00295,Medium,2.4,60,24.9,2,16.1,0.9,This Month,54.3,2,2,1,0,0
SMMS00296,Medium,5.8,60,5.9,3,62.0,0.81,This Month,52.2,2,2,1,0,0
SMMS00297,Medium,5.1,60,1.1,3,62.6,0.78,This Month,53.8,2,2,1,0,0
SMMS00298,Medium,5.8,60,21.9,1,33.6,0.7,This Week,55.5,2,3,1,0,0
SMMS00299,Medium,4.8,44,16.7,0,32.7,0.62,This Month,48.3,2,2,1,0,0
SMMS00300,Critical,7.8,10,8.2,2,52.2,0.92,Immediate,57.5,4,4,1,0,0
SMMS00301,Medium,4.3,60,13.3,1,40.9,0.57,This Month,53.8,2,2,1,0,0
SMMS00302,High,6.9,30,23.9,2,57.4,0.86,This Week,58.3,3,3,1,0,0
SMMS00303,Critical,5.6,10,7.4,0,38.9,0.71,Immediate,53.6,4,4,1,0,0
SMMS00304,Low,7.5,90,20.0,5,35.2,0.73,This Month,53.0,1,2,1,0,0
SMMS00305,High,4.2,30,17.9,0,42.6,0.66,This Month,49.9,3,2,1,0,0
SMMS00306,High,4.1,30,16.5,0,35.6,0.66,This Month,54.3,3,2,1,0,0
SMMS00307,Medium,5.7,60,9.5,2,44.1,0.82,This Month,49.4,2,2,1,0,0
SMMS00308,High,7.0,30,4.9,5,73.0,0.79,This Week,57.7,3,3,1,0,0
SMMS00309,Medium,5.5,60,1.2,2,51.8,0.66,This Month,44.3,2,2,1,0,0
SMMS00310,Medium,7.5,60,13.2,2,24.8,0.73,This Week,57.6,2,3,1,0,0
SMMS00311,Medium,5.4,60,15.2,4,31.6,0.75,This Month,52.7,2,2,1,0,0
SMMS00312,Medium,10.3,60,11.0,3,49.7,0.91,This Week,59.5,2,3,1,0,0
SMMS00313,Low,4.6,90,6.3,1,20.4,0.76,This Month,43.9,1,2,1,0,0
SMMS00314,Medium,4.7,60,22.6,4,28.4,0.77,This Week,58.4,2,3,1,0,0
SMMS00315,High,8.9,30,11.1,3,90.9,0.66,This Week,58.7,3,3,1,0,0
SMMS00316,Medium,6.2,41,13.7,2,49.7,0.87,This Month,43.5,2,2,1,0,0
SMMS00317,Critical,5.2,10,20.2,3,38.0,0.79,Immediate,63.2,4,4,1,0,0
SMMS00318,Medium,4.1,60,24.4,3,31.8,0.78,This Week,58.0,2,3,1,0,0
SMMS00319,Low,4.8,56,2.5,1,18.8,0.57,This Month,38.6,1,2,1,0,0
SMMS00320,Low,4.5,0,3.2,0,54.6,0.73,Programmed,18.7,1,1,1,0,0
SMMS00321,High,6.3,30,13.2,1,61.6,0.57,This Month,51.2,3,2,1,0,0
SMMS00322,High,3.9,30,4.3,1,64.7,0.69,This Month,51.6,3,2,1,0,0
SMMS00323,Medium,6.9,60,21.1,3,53.6,0.84,This Week,60.4,2,3,1,0,0
SMMS00324,Medium,7.3,0,24.6,3,32.4,0.92,This Month,39.2,2,2,1,0,0
SMMS00325,Critical,14.1,10,5.6,0,75.4,0.64,Immediate,53.6,4,4,1,0,0
SMMS00326,Low,5.0,90,6.6,2,42.8,0.75,This Week,57.3,1,3,1,0,0
SMMS00327,Low,4.1,90,13.0,2,74.3,0.85,This Month,53.2,1,2,1,0,0
SMMS00328,High,3.6,30,23.1,3,62.3,0.79,This Week,62.0,3,3,1,0,0
SMMS00329,Low,2.9,66,18.3,1,29.7,0.67,This Month,45.5,1,2,1,0,0
SMMS00330,Critical,7.3,10,3.0,2,59.5,0.81,Immediate,53.8,4,4,1,0,0
SMMS00331,Medium,8.4,60,24.3,4,31.5,0.84,This Week,62.0,2,3,1,0,0
SMMS00332,Critical,7.6,10,10.2,1,35.2,0.81,Immediate,54.5,4,4,1,0,0
SMMS00333,High,9.1,30,17.7,1,22.7,0.62,This Month,47.5,3,2,1,0,0
SMMS00334,High,6.9,30,19.2,3,35.5,0.76,This Month,53.4,3,2,1,0,0
SMMS00335,Low,5.9,27,7.6,1,51.7,0.72,Programmed,27.4,1,1,1,0,0
SMMS00336,Medium,3.2,60,19.5,4,25.3,0.92,This Week,62.0,2,3,1,0,0
SMMS00337,Medium,7.2,60,7.7,3,44.6,0.86,This Month,54.2,2,2,1,0,0
SMMS00338,Medium,4.8,10,16.3,2,24.7,0.9,This Month,36.7,2,2,1,0,0
SMMS00339,High,6.0,30,11.9,2,56.9,0.81,This Month,53.7,3,2,1,0,0
SMMS00340,Medium,3.9,60,3.8,1,30.5,0.57,This Month,50.8,2,2,1,0,0
SMMS00341,High,6.5,30,12.7,3,46.0,0.65,This Month,53.9,3,2,1,0,0
SMMS00342,High,6.3,30,18.5,2,39.3,0.79,This Month,54.5,3,2,1,0,0
SMMS00343,Medium,5.2,60,23.2,1,23.8,0.6,This Week,55.5,2,3,1,0,0
SMMS00344,Low,2.7,34,1.6,0,23.6,0.58,Programmed,29.3,1,1,1,0,0
SMMS00345,Medium,9.9,8,15.6,4,37.5,0.85,Programmed,32.3,2,1,1,0,0
SMMS00346,Low,3.2,90,9.6,3,19.3,0.69,This Month,48.3,1,2,1,0,0
SMMS00347,Medium,6.1,60,7.5,0,32.3,0.59,This Week,56.4,2,3,1,0,0
SMMS00348,Medium,5.7,0,19.7,3,26.9,0.9,This Month,41.6,2,2,1,0,0
SMMS00349,Critical,8.7,10,2.8,1,52.8,0.76,Immediate,55.6,4,4,1,0,0
SMMS00350,High,4.9,30,21.9,3,52.2,0.78,This Week,63.1,3,3,1,0,0
SMMS00351,Low,1.2,0,13.6,0,20.6,0.65,Programmed,21.2,1,1,1,0,0
SMMS00352,Medium,5.8,60,23.3,2,53.4,0.81,This Week,55.3,2,3,1,0,0
SMMS00353,High,8.7,30,15.7,3,65.8,0.86,This Week,65.1,3,3,1,0,0
SMMS00354,Medium,8.3,0,22.8,2,24.7,0.78,This Month,47.7,2,2,1,0,0
SMMS00355,Medium,4.4,60,2.4,1,37.0,0.7,This Month,48.3,2,2,1,0,0
SMMS00356,Low,5.7,46,11.6,3,25.7,0.85,This Month,39.3,1,2,1,0,0
SMMS00357,Critical,7.7,10,20.9,1,76.0,0.72,Immediate,68.8,4,4,1,0,0
SMMS00358,High,5.1,13,20.1,2,35.3,0.89,This Month,52.8,3,2,1,0,0
SMMS00359,Low,6.5,90,3.8,3,63.9,0.82,This Month,52.0,1,2,1,0,0
SMMS00360,High,5.3,30,10.5,4,59.3,0.78,This Month,48.0,3,2,1,0,0
SMMS00361,Medium,4.3,60,24.4,0,31.8,0.71,This Month,53.3,2,2,1,0,0
SMMS00362,High,8.9,30,2.2,2,37.2,0.77,This Month,51.5,3,2,1,0,0
SMMS00363,Medium,4.9,60,9.9,1,50.3,0.61,This Month,54.7,2,2,1,0,0
SMMS00364,Medium,1.1,60,16.3,1,55.2,0.64,This Month,50.5,2,2,1,0,0
SMMS00365,High,4.3,30,17.7,4,81.3,0.79,This Week,65.1,3,3,1,0,0
SMMS00366,Low,3.0,90,22.6,0,49.9,0.78,This Week,57.7,1,3,1,0,0
SMMS00367,High,7.1,30,6.6,2,20.8,0.68,This Month,45.4,3,2,1,0,0
SMMS00368,Medium,3.8,0,4.8,1,53.5,0.67,This Month,39.8,2,2,1,0,0
SMMS00369,High,6.5,30,3.7,3,56.6,0.77,This Month,47.5,3,2,1,0,0
SMMS00370,High,5.9,30,21.5,2,42.5,0.78,This Week,56.9,3,3,1,0,0
SMMS00371,Low,6.0,90,13.4,1,26.4,0.66,This Month,47.9,1,2,1,0,0
SMMS00372,High,5.9,30,18.0,4,32.8,0.66,This Week,61.6,3,3,1,0,0
SMMS00373,Medium,2.7,60,2.9,0,66.5,0.59,This Month,43.6,2,2,1,0,0
SMMS00374,Critical,8.0,10,5.8,1,41.6,0.8,Immediate,57.3,4,4,1,0,0
SMMS00375,Medium,8.0,60,21.8,3,64.9,0.86,This Week,55.0,2,3,1,0,0
SMMS00376,High,5.4,30,11.8,0,74.3,0.72,This Month,53.7,3,2,1,0,0
SMMS00377,Low,4.2,90,22.6,1,18.0,0.66,This Month,51.5,1,2,1,0,0
SMMS00378,Medium,4.6,60,17.9,3,25.8,0.73,This Month,54.9,2,2,1,0,0
SMMS00379,High,5.2,30,19.4,2,35.2,0.64,This Month,50.9,3,2,1,0,0
SMMS00380,Medium,6.9,60,6.1,3,55.6,0.55,This Month,45.2,2,2,1,0,0
SMMS00381,Medium,4.9,60,13.1,3,36.3,0.86,This Week,60.0,2,3,1,0,0
SMMS00382,Medium,6.2,60,21.9,1,24.7,0.65,This Week,55.3,2,3,1,0,0
SMMS00383,Critical,8.9,10,1.7,0,38.7,0.85,Immediate,52.0,4,4,1,0,0
SMMS00384,Medium,3.6,51,4.8,0,26.4,0.65,This Month,41.0,2,2,1,0,0
SMMS00385,Medium,6.6,0,23.8,3,27.1,0.86,This Month,43.9,2,2,1,0,0
SMMS00386,Critical,7.7,10,16.0,1,53.9,0.7,Immediate,51.0,4,4,1,0,0
SMMS00387,Low,7.1,90,11.2,0,31.5,0.68,This Month,46.4,1,2,1,0,0
SMMS00388,Medium,7.6,60,17.3,2,85.7,0.6,This Month,54.1,2,2,1,0,0
SMMS00389,Critical,6.9,10,9.4,1,44.0,0.75,Immediate,55.6,4,4,1,0,0
SMMS00390,Low,5.8,0,18.9,1,27.0,0.77,Programmed,23.3,1,1,1,0,0
SMMS00391,Low,7.0,9,21.0,3,39.2,0.91,This Month,35.7,1,2,1,0,0
SMMS00392,Medium,6.7,60,17.0,3,48.1,0.79,This Week,58.0,2,3,1,0,0
SMMS00393,Medium,2.3,60,12.2,2,56.3,0.92,This Week,56.3,2,3,1,0,0
SMMS00394,High,6.6,30,20.0,1,42.7,0.57,This Month,54.6,3,2,1,0,0
SMMS00395,Medium,5.1,40,23.7,3,34.4,0.8,This Month,51.0,2,2,1,0,0
SMMS00396,Critical,7.8,10,3.8,0,64.1,0.91,Immediate,50.9,4,4,1,0,0
SMMS00397,Low,3.8,90,23.8,3,50.0,0.87,This Month,51.3,1,2,1,0,0
SMMS00398,Low,6.8,90,1.2,0,20.3,0.76,This Month,50.6,1,2,1,0,0
SMMS00399,High,6.2,17,16.1,3,30.4,0.87,This Month,44.4,3,2,1,0,0
SMMS00400,Medium,5.3,5,6.5,0,64.7,0.68,Programmed,33.8,2,1,1,0,0
SMMS00401,Critical,5.8,10,4.8,4,32.6,0.99,Immediate,62.2,4,4,1,0,0
SMMS00402,Low,6.9,90,14.5,1,19.6,0.52,This Month,48.5,1,2,1,0,0
SMMS00403,Low,3.3,52,18.1,4,51.0,0.85,This Month,53.2,1,2,1,0,0
SMMS00404,Low,3.6,90,22.2,2,19.3,0.75,This Week,58.3,1,3,1,0,0
SMMS00405,Critical,6.8,10,1.5,1,67.2,0.83,Immediate,51.8,4,4,1,0,0
SMMS00406,High,8.0,30,3.7,0,41.9,0.68,This Month,50.8,3,2,1,0,0
SMMS00407,Critical,7.6,10,1.3,3,48.1,0.93,Immediate,55.2,4,4,1,0,0
SMMS00408,High,4.1,30,5.3,1,47.8,0.77,This Month,51.6,3,2,1,0,0
SMMS00409,Low,5.3,90,15.3,4,43.7,0.71,This Week,58.0,1,3,1,0,0
SMMS00410,Medium,10.3,60,23.5,5,96.4,0.84,This Week,61.1,2,3,1,0,0
SMMS00411,Medium,2.4,19,15.2,0,57.7,0.68,This Month,38.4,2,2,1,0,0
SMMS00412,Medium,3.8,60,1.9,2,36.9,0.76,This Month,45.9,2,2,1,0,0
SMMS00413,Low,1.6,90,24.6,5,48.3,0.75,This Month,53.6,1,2,1,0,0
SMMS00414,Medium,4.8,60,9.4,1,37.6,0.77,This Month,49.0,2,2,1,0,0
SMMS00415,Low,2.7,21,15.6,1,25.8,0.65,Programmed,33.5,1,1,1,0,0
SMMS00416,Medium,5.8,17,7.0,1,46.3,0.75,Programmed,34.2,2,1,1,0,0
SMMS00417,Low,2.0,12,22.5,2,26.1,0.91,Programmed,32.5,1,1,1,0,0
SMMS00418,Medium,5.4,60,19.1,1,59.0,0.74,This Week,61.0,2,3,1,0,0
SMMS00419,High,3.8,30,10.4,4,31.8,0.78,This Week,57.6,3,3,1,0,0
SMMS00420,Critical,8.4,1,1.5,0,64.8,0.87,Immediate,53.5,4,4,1,0,0
SMMS00421,Low,1.6,90,12.6,1,44.1,0.72,This Month,42.9,1,2,1,0,0
SMMS00422,Low,8.4,26,4.0,1,48.8,0.82,Programmed,21.4,1,1,1,0,0
SMMS00423,High,5.7,30,7.4,3,36.1,0.77,This Week,59.5,3,3,1,0,0
SMMS00424,Medium,3.2,60,8.0,0,37.4,0.72,This Month,44.9,2,2,1,0,0
SMMS00425,Medium,1.7,60,22.1,1,27.3,0.75,This Week,59.9,2,3,1,0,0
SMMS00426,Medium,3.3,60,7.8,3,31.1,0.82,This Week,55.2,2,3,1,0,0
SMMS00427,Medium,3.4,0,5.1,3,30.4,0.99,Programmed,29.8,2,1,1,0,0
SMMS00428,High,6.5,30,15.4,1,60.3,0.77,This Week,56.7,3,3,1,0,0
SMMS00429,Medium,2.5,60,14.0,3,29.2,0.9,This Month,49.0,2,2,1,0,0
SMMS00430,Medium,6.5,60,8.8,3,88.0,0.82,This Week,56.1,2,3,1,0,0
SMMS00431,Medium,6.1,5,4.1,3,35.0,0.78,Programmed,31.8,2,1,1,0,0
SMMS00432,High,9.4,30,16.6,1,57.3,0.77,This Week,56.3,3,3,1,0,0
SMMS00433,Medium,8.1,0,15.6,4,58.1,0.91,This Month,49.1,2,2,1,0,0
SMMS00434,Critical,6.1,10,11.6,1,42.0,0.73,Immediate,53.5,4,4,1,0,0
SMMS00435,High,8.4,30,17.8,3,60.7,0.88,This Week,60.3,3,3,1,0,0
SMMS00436,Medium,5.7,60,23.5,2,53.3,0.76,This Month,48.9,2,2,1,0,0
SMMS00437,Critical,9.1,10,6.7,4,78.1,0.99,Immediate,66.0,4,4,1,0,0
SMMS00438,Low,0.8,90,19.4,3,33.2,0.85,This Week,58.4,1,3,1,0,0
SMMS00439,Low,4.0,0,7.0,2,23.6,0.8,Programmed,18.5,1,1,1,0,0
SMMS00440,High,3.9,30,23.8,3,54.0,0.54,This Week,58.9,3,3,1,0,0
SMMS00441,Low,6.1,90,12.7,3,76.8,0.78,This Month,49.8,1,2,1,0,0
SMMS00442,Medium,1.5,60,3.2,1,38.9,0.61,This Month,45.5,2,2,1,0,0
SMMS00443,Low,1.4,90,23.8,2,50.1,0.69,This Month,49.8,1,2,1,0,0
SMMS00444,High,6.3,17,11.7,2,65.2,0.94,This Month,51.5,3,2,1,0,0
SMMS00445,High,9.2,30,23.7,4,87.0,0.74,This Week,59.7,3,3,1,0,0
SMMS00446,Low,4.9,90,12.4,0,20.9,0.71,This Month,47.5,1,2,1,0,0
SMMS00447,Low,9.0,0,12.8,2,20.4,0.96,Programmed,26.9,1,1,1,0,0
SMMS00448,Medium,3.1,60,19.0,1,36.7,0.66,This Week,56.7,2,3,1,0,0
SMMS00449,Medium,5.4,60,21.8,3,18.6,0.68,This Week,61.5,2,3,1,0,0
SMMS00450,Low,1.0,31,20.3,2,60.3,0.74,This Month,41.6,1,2,1,0,0
SMMS00451,Medium,5.5,41,5.3,0,22.9,0.7,This Month,36.5,2,2,1,0,0
SMMS00452,High,7.4,30,15.2,1,65.1,0.49,This Week,59.1,3,3,1,0,0
SMMS00453,Low,5.0,90,24.3,2,26.3,0.88,This Week,57.9,1,3,1,0,0
SMMS00454,Low,1.6,20,25.0,1,77.9,0.65,This Month,44.1,1,2,1,0,0
SMMS00455,Medium,5.4,60,11.9,4,29.6,0.74,This Week,58.7,2,3,1,0,0
SMMS00456,Medium,3.0,60,21.3,6,36.6,0.73,This Week,65.1,2,3,1,0,0
SMMS00457,High,6.6,30,6.6,4,44.1,0.62,This Week,57.1,3,3,1,0,0
SMMS00458,Low,2.7,90,16.5,1,22.4,0.65,This Month,46.5,1,2,1,0,0
SMMS00459,Critical,9.3,10,24.1,0,72.7,0.8,Immediate,56.9,4,4,1,0,0
SMMS00460,Medium,2.7,60,3.8,3,37.5,0.81,This Month,50.4,2,2,1,0,0
SMMS00461,High,7.0,30,22.6,6,49.1,0.83,This Week,64.6,3,3,1,0,0
SMMS00462,Low,4.6,90,24.8,2,26.9,0.62,This Month,53.8,1,2,1,0,0
SMMS00463,Medium,5.7,60,13.5,2,26.3,0.82,This Month,47.4,2,2,1,0,0
SMMS00464,Critical,7.4,10,24.3,2,37.4,0.79,Immediate,62.9,4,4,1,0,0
SMMS00465,Low,4.8,90,11.8,1,65.3,0.63,This Month,52.1,1,2,1,0,0
SMMS00466,Low,4.4,90,9.6,1,28.3,0.73,This Month,52.9,1,2,1,0,0
SMMS00467,Low,3.7,58,19.2,5,41.7,0.79,This Month,42.5,1,2,1,0,0
SMMS00468,Low,6.3,90,22.2,4,51.0,0.76,This Week,64.7,1,3,1,0,0
SMMS00469,Medium,6.4,60,15.9,3,32.1,0.9,This Week,56.4,2,3,1,0,0
SMMS00470,Critical,6.0,10,15.2,3,47.7,0.77,Immediate,63.5,4,4,1,0,0
SMMS00471,Medium,3.2,60,23.7,4,34.5,0.8,This Week,59.8,2,3,1,0,0
SMMS00472,High,7.6,30,7.1,2,54.6,0.88,This Month,49.5,3,2,1,0,0
SMMS00473,Medium,4.5,60,10.4,3,31.2,0.91,This Month,50.5,2,2,1,0,0
SMMS00474,Low,3.0,90,21.6,5,43.3,0.73,This Week,63.5,1,3,1,0,0
SMMS00475,Medium,3.0,60,9.1,0,29.6,0.66,This Week,59.7,2,3,1,0,0
SMMS00476,High,6.7,30,24.3,4,38.7,0.6,This Week,55.7,3,3,1,0,0
SMMS00477,Medium,5.5,60,1.5,1,32.2,0.85,This Month,46.4,2,2,1,0,0
SMMS00478,Critical,5.4,10,9.8,2,80.1,0.74,Immediate,56.2,4,4,1,0,0
SMMS00479,Low,2.2,0,15.6,0,37.5,0.77,Programmed,27.0,1,1,1,0,0
SMMS00480,Low,4.6,90,16.4,1,32.2,0.7,This Month,51.0,1,2,1,0,0
SMMS00481,High,7.8,29,13.2,3,69.0,0.99,This Week,60.3,3,3,1,0,0
SMMS00482,Low,1.1,90,2.1,2,48.3,0.82,This Month,44.0,1,2,1,0,0
SMMS00483,High,3.7,30,3.9,0,74.5,0.64,This Month,49.8,3,2,1,0,0
SMMS00484,Low,4.0,84,9.9,1,18.8,0.57,This Month,42.3,1,2,1,0,0
SMMS00485,Medium,4.0,60,8.6,0,59.1,0.68,This Month,48.2,2,2,1,0,0
SMMS00486,Medium,7.4,60,12.4,1,30.4,0.56,This Month,45.2,2,2,1,0,0
SMMS00487,High,5.2,30,24.8,2,62.8,0.65,This Week,59.4,3,3,1,0,0
SMMS00488,Medium,3.7,60,17.3,2,59.8,0.84,This Month,51.4,2,2,1,0,0
SMMS00489,Low,5.4,90,21.3,2,26.3,0.87,This Week,62.1,1,3,1,0,0
SMMS00490,Low,5.6,90,16.5,3,55.8,0.85,This Month,52.7,1,2,1,0,0
SMMS00491,Critical,7.1,2,18.5,1,69.5,0.86,Immediate,61.3,4,4,1,0,0
SMMS00492,Critical,8.7,10,21.1,0,73.3,0.83,Immediate,66.0,4,4,1,0,0
SMMS00493,Low,3.6,90,11.2,6,31.8,0.75,This Month,52.1,1,2,1,0,0
SMMS00494,Critical,12.0,10,25.0,3,45.9,0.89,Immediate,68.4,4,4,1,0,0
SMMS00495,Critical,9.5,10,18.5,1,42.1,0.69,Immediate,64.1,4,4,1,0,0
SMMS00496,Low,3.1,0,13.8,1,63.4,0.83,Programmed,22.7,1,1,1,0,0
SMMS00497,High,6.4,30,16.2,1,35.1,0.75,This Week,57.1,3,3,1,0,0
SMMS00498,High,6.2,30,9.6,0,94.6,0.75,This Month,45.4,3,2,1,0,0
SMMS00499,High,11.2,30,14.4,1,75.7,0.79,This Month,53.3,3,2,1,0,0
SMMS00500,High,8.2,30,17.5,0,31.4,0.56,This Month,51.0,3,2,1,0,0
SMMS00501,Low,3.1,90,6.0,1,29.4,0.79,This Month,41.8,1,2,1,0,0
SMMS00502,Medium,2.1,60,11.0,3,19.2,0.79,This Week,61.5,2,3,1,0,0
SMMS00503,High,8.5,30,14.9,0,31.4,0.55,This Week,58.0,3,3,1,0,0
SMMS00504,Medium,4.7,59,7.5,0,22.3,0.55,This Month,50.2,2,2,1,0,0
SMMS00505,Low,3.2,90,5.6,1,52.6,0.68,This Month,44.0,1,2,1,0,0
SMMS00506,Medium,3.1,55,2.9,2,55.7,0.72,This Month,45.3,2,2,1,0,0
SMMS00507,Medium,4.7,60,18.5,1,57.2,0.71,This Week,57.3,2,3,1,0,0
SMMS00508,Low,3.9,21,17.3,2,62.7,0.76,This Month,36.0,1,2,1,0,0
SMMS00509,Medium,3.7,60,14.9,4,49.9,0.93,This Week,61.7,2,3,1,0,0
SMMS00510,Low,3.8,42,2.4,0,24.6,0.59,Programmed,27.2,1,1,1,0,0
SMMS00511,Low,3.0,90,12.9,0,37.8,0.58,This Month,52.2,1,2,1,0,0
SMMS00512,Medium,3.2,60,7.4,3,74.3,0.77,This Week,59.7,2,3,1,0,0
SMMS00513,Medium,10.3,60,6.5,1,35.3,0.67,This Month,45.3,2,2,1,0,0
SMMS00514,Medium,5.1,60,20.5,0,30.6,0.72,This Week,55.3,2,3,1,0,0
SMMS00515,Low,1.8,90,16.0,1,18.9,0.73,This Month,50.3,1,2,1,0,0
SMMS00516,High,7.5,30,15.3,3,47.2,0.77,This Week,65.1,3,3,1,0,0
SMMS00517,Low,4.7,90,3.8,0,22.5,0.69,This Month,47.3,1,2,1,0,0
SMMS00518,Critical,7.2,10,23.3,3,44.8,0.89,Immediate,57.8,4,4,1,0,0
SMMS00519,Medium,7.6,60,7.8,0,92.0,0.61,This Month,45.5,2,2,1,0,0
SMMS00520,High,6.9,30,23.1,2,39.6,0.89,This Week,66.9,3,3,1,0,0
SMMS00521,Low,3.2,90,10.5,2,26.8,0.85,This Month,53.4,1,2,1,0,0
SMMS00522,Medium,6.9,60,14.2,1,22.6,0.76,This Month,54.9,2,2,1,0,0
SMMS00523,Medium,3.6,15,6.5,2,28.9,0.99,This Month,35.1,2,2,1,0,0
SMMS00524,Medium,5.9,60,16.4,2,24.0,0.81,This Month,51.1,2,2,1,0,0
SMMS00525,Low,3.1,90,21.2,3,18.3,0.81,This Week,57.5,1,3,1,0,0
SMMS00526,Medium,5.4,0,11.2,2,24.8,0.99,This Month,44.8,2,2,1,0,0
SMMS00527,Low,2.4,78,4.3,1,27.8,0.68,This Month,47.1,1,2,1,0,0
SMMS00528,Medium,5.2,60,19.8,2,63.5,0.99,This Week,60.9,2,3,1,0,0
SMMS00529,Low,6.5,0,19.9,3,29.3,0.99,Programmed,29.9,1,1,1,0,0
SMMS00530,High,7.7,21,13.2,1,35.0,0.78,This Week,56.8,3,3,1,0,0
SMMS00531,High,4.0,30,10.6,0,37.8,0.65,This Month,53.3,3,2,1,0,0
SMMS00532,High,7.5,30,19.3,2,89.8,0.97,This Week,61.0,3,3,1,0,0
SMMS00533,High,6.0,30,21.2,2,68.3,0.76,This Week,60.9,3,3,1,0,0
SMMS00534,Low,4.2,90,5.0,1,49.9,0.59,This Month,50.8,1,2,1,0,0
SMMS00535,Medium,5.4,60,20.4,4,82.5,0.79,This Week,61.6,2,3,1,0,0
SMMS00536,Critical,7.1,10,9.0,2,46.5,0.93,Immediate,63.2,4,4,1,0,0
SMMS00537,High,11.8,30,18.9,3,32.3,0.82,This Week,61.3,3,3,1,0,0
SMMS00538,Low,6.3,90,5.0,1,42.3,0.74,This Month,48.8,1,2,1,0,0
SMMS00539,Low,7.0,90,5.2,0,18.9,0.67,This Month,45.8,1,2,1,0,0
SMMS00540,High,4.5,30,7.1,1,41.1,0.83,This Week,55.0,3,3,1,0,0
SMMS00541,Low,5.3,90,6.5,1,39.7,0.84,This Month,42.7,1,2,1,0,0
SMMS00542,Medium,6.3,36,19.5,2,68.8,0.75,This Month,46.3,2,2,1,0,0
SMMS00543,Low,5.3,90,19.5,1,33.0,0.75,This Month,47.6,1,2,1,0,0
SMMS00544,High,4.4,30,16.1,3,43.9,0.84,This Week,56.6,3,3,1,0,0
SMMS00545,Medium,6.4,25,8.1,0,53.4,0.71,This Month,42.8,2,2,1,0,0
SMMS00546,Low,5.3,90,2.3,0,46.7,0.71,This Month,44.6,1,2,1,0,0
SMMS00547,Low,6.6,90,10.6,0,49.1,0.61,This Month,48.7,1,2,1,0,0
SMMS00548,Medium,4.9,60,24.1,3,30.2,0.76,This Week,61.0,2,3,1,0,0
SMMS00549,High,5.3,30,17.7,4,67.2,0.83,This Week,60.5,3,3,1,0,0
SMMS00550,Critical,6.0,10,11.0,0,40.7,0.9,Immediate,61.4,4,4,1,0,0
SMMS00551,Low,5.0,90,19.0,1,39.6,0.52,This Week,56.9,1,3,1,0,0
SMMS00552,Medium,4.2,60,5.2,2,29.4,0.76,This Week,58.2,2,3,1,0,0
SMMS00553,High,6.3,30,7.2,1,50.4,0.73,This Week,57.4,3,3,1,0,0
SMMS00554,Low,5.4,90,6.9,3,32.8,0.74,This Month,46.4,1,2,1,0,0
SMMS00555,High,4.0,30,14.5,0,72.5,0.72,This Month,50.6,3,2,1,0,0
SMMS00556,Medium,9.7,3,13.5,0,30.1,0.74,This Month,35.4,2,2,1,0,0
SMMS00557,Low,3.2,90,22.6,1,22.8,0.6,This Week,59.5,1,3,1,0,0
SMMS00558,Medium,5.3,60,7.9,1,47.4,0.7,This Week,57.2,2,3,1,0,0
SMMS00559,High,3.3,30,7.9,2,78.2,0.88,This Month,45.0,3,2,1,0,0
SMMS00560,High,4.5,30,3.9,3,41.1,0.77,This Month,49.1,3,2,1,0,0
SMMS00561,Critical,6.9,10,12.1,3,43.8,0.94,Immediate,64.2,4,4,1,0,0
SMMS00562,Medium,5.6,60,10.6,2,56.1,0.77,This Month,49.1,2,2,1,0,0
SMMS00563,Medium,3.5,60,5.4,5,79.5,0.89,This Week,58.8,2,3,1,0,0
SMMS00564,Medium,5.6,6,16.7,1,27.2,0.72,This Month,45.5,2,2,1,0,0
SMMS00565,Critical,5.9,10,16.2,7,41.3,0.83,Immediate,65.6,4,4,1,0,0
SMMS00566,High,7.5,30,8.5,0,64.5,0.6,This Month,48.3,3,2,1,0,0
SMMS00567,Medium,6.1,60,3.9,1,35.1,0.78,This Month,43.5,2,2,1,0,0
SMMS00568,High,3.8,30,10.1,2,34.4,0.89,This Week,55.5,3,3,1,0,0
SMMS00569,Medium,2.5,60,22.3,4,84.6,0.86,This Week,63.7,2,3,1,0,0
SMMS00570,Medium,8.3,60,7.3,3,61.4,0.74,This Month,46.2,2,2,1,0,0
SMMS00571,Low,4.2,90,24.7,1,45.3,0.66,This Week,59.3,1,3,1,0,0
SMMS00572,High,4.1,19,23.0,4,59.0,0.81,This Month,54.3,3,2,1,0,0
SMMS00573,Low,3.1,90,9.0,3,57.6,0.67,This Month,52.0,1,2,1,0,0
SMMS00574,Low,9.6,90,4.4,2,38.4,0.79,This Month,50.3,1,2,1,0,0
SMMS00575,Medium,4.5,60,22.6,1,59.0,0.67,This Week,61.6,2,3,1,0,0
SMMS00576,Critical,10.0,10,9.3,2,100.0,0.79,Immediate,55.1,4,4,1,0,0
SMMS00577,Medium,5.6,60,8.6,2,36.2,0.89,This Month,50.3,2,2,1,0,0
SMMS00578,Low,4.4,64,16.0,2,53.4,0.83,This Month,46.5,1,2,1,0,0
SMMS00579,Medium,4.4,60,17.5,2,60.2,0.79,This Month,53.5,2,2,1,0,0
SMMS00580,Medium,4.7,60,17.2,3,28.9,0.85,This Week,58.9,2,3,1,0,0
SMMS00581,Critical,4.4,10,3.5,1,44.5,0.85,Immediate,44.3,4,4,1,0,0
SMMS00582,Critical,7.9,10,22.7,4,37.9,0.84,Immediate,59.0,4,4,1,0,0
SMMS00583,Medium,9.4,60,22.6,1,63.1,0.67,This Month,51.9,2,2,1,0,0
SMMS00584,Medium,6.8,60,1.1,3,28.7,0.73,This Month,45.8,2,2,1,0,0
SMMS00585,Low,2.5,0,14.8,1,31.3,0.71,Programmed,27.0,1,1,1,0,0
SMMS00586,Low,4.2,90,24.4,3,22.7,0.96,This Week,62.6,1,3,1,0,0
SMMS00587,Medium,8.5,60,21.0,1,34.9,0.55,This Month,53.0,2,2,1,0,0
SMMS00588,High,5.1,30,21.9,0,66.2,0.64,This Week,59.6,3,3,1,0,0
SMMS00589,High,3.9,30,12.1,4,63.3,0.94,This Week,59.2,3,3,1,0,0
SMMS00590,Low,6.9,79,4.5,1,33.5,0.71,This Month,46.3,1,2,1,0,0
SMMS00591,High,5.5,30,14.3,4,63.3,0.72,This Month,51.4,3,2,1,0,0
SMMS00592,Medium,5.9,60,24.7,2,30.4,0.81,This Week,61.9,2,3,1,0,0
SMMS00593,Medium,4.5,60,23.5,7,37.6,0.78,This Week,64.2,2,3,1,0,0
SMMS00594,High,4.3,30,5.4,1,64.4,0.74,This Week,55.8,3,3,1,0,0
SMMS00595,Critical,8.4,10,14.1,1,49.4,0.85,Immediate,56.3,4,4,1,0,0
SMMS00596,Medium,3.1,57,21.2,3,62.4,0.82,This Week,61.6,2,3,1,0,0
SMMS00597,Critical,7.8,10,3.4,1,43.0,0.69,Immediate,52.5,4,4,1,0,0
SMMS00598,Medium,8.0,60,11.5,0,77.5,0.79,This Month,45.9,2,2,1,0,0
SMMS00599,High,6.0,30,5.5,4,36.9,0.82,This Month,54.6,3,2,1,0,0
SMMS00600,Medium,5.0,60,19.0,2,53.5,0.85,This Week,58.4,2,3,1,0,0
SMMS00601,Medium,7.0,60,11.1,1,46.5,0.49,This Month,53.0,2,2,1,0,0
SMMS00602,Medium,6.4,60,14.7,1,39.6,0.72,This Month,54.0,2,2,1,0,0
SMMS00603,Critical,9.0,10,20.0,3,43.1,0.79,Immediate,62.8,4,4,1,0,0
SMMS00604,Medium,3.4,60,14.1,0,64.2,0.69,This Month,52.6,2,2,1,0,0
SMMS00605,Critical,6.2,10,23.2,1,47.2,0.76,Immediate,61.2,4,4,1,0,0
SMMS00606,Low,6.3,90,3.3,1,34.5,0.69,This Month,41.2,1,2,1,0,0
SMMS00607,High,5.7,30,24.4,1,70.7,0.45,This Week,69.3,3,3,1,0,0
SMMS00608,High,5.4,6,9.1,3,63.5,0.75,This Month,45.0,3,2,1,0,0
SMMS00609,Low,5.6,90,11.6,2,27.0,0.76,This Month,54.8,1,2,1,0,0
SMMS00610,Medium,7.4,60,4.2,3,25.3,0.93,This Month,50.0,2,2,1,0,0
SMMS00611,High,13.3,30,5.4,0,40.5,0.64,This Month,45.2,3,2,1,0,0
SMMS00612,High,7.5,30,13.4,2,45.5,0.72,This Month,49.9,3,2,1,0,0
SMMS00613,Medium,6.2,60,17.3,1,59.2,0.73,This Month,50.4,2,2,1,0,0
SMMS00614,Critical,8.8,10,23.4,0,57.4,0.69,Immediate,62.1,4,4,1,0,0
SMMS00615,Medium,10.4,60,18.2,1,54.5,0.78,This Month,51.6,2,2,1,0,0
SMMS00616,Low,2.8,90,9.1,1,25.9,0.74,This Month,51.0,1,2,1,0,0
SMMS00617,Medium,5.4,60,7.1,2,55.2,0.7,This Month,53.4,2,2,1,0,0
SMMS00618,High,7.1,23,11.4,1,39.4,0.73,This Month,49.6,3,2,1,0,0
SMMS00619,High,5.7,30,12.7,6,50.1,0.79,This Week,63.4,3,3,1,0,0
SMMS00620,Low,3.8,90,9.7,0,37.6,0.5,This Month,39.8,1,2,1,0,0
SMMS00621,High,8.9,22,5.4,1,32.3,0.58,This Month,46.0,3,2,1,0,0
SMMS00622,Medium,4.6,60,19.4,0,54.2,0.72,This Month,48.9,2,2,1,0,0
SMMS00623,Low,2.6,90,14.8,0,24.3,0.66,This Month,53.3,1,2,1,0,0
SMMS00624,Critical,10.1,10,10.6,0,59.1,0.8,Immediate,59.0,4,4,1,0,0
SMMS00625,Medium,6.4,60,12.5,4,61.4,0.79,This Week,58.8,2,3,1,0,0
SMMS00626,Medium,7.2,47,10.4,2,86.8,0.93,This Month,44.1,2,2,1,0,0
SMMS00627,Medium,7.6,60,16.4,2,38.7,0.89,This Week,55.6,2,3,1,0,0
SMMS00628,High,9.3,30,23.8,1,61.5,0.59,This Week,57.1,3,3,1,0,0
SMMS00629,Medium,2.9,60,9.6,0,50.0,0.52,This Month,52.0,2,2,1,0,0
SMMS00630,Low,3.6,90,8.1,3,53.9,0.6,This Month,52.2,1,2,1,0,0
SMMS00631,Critical,6.6,10,13.8,1,73.8,0.85,Immediate,57.2,4,4,1,0,0
SMMS00632,Medium,3.3,60,12.1,2,52.6,0.77,This Week,61.0,2,3,1,0,0
SMMS00633,Medium,3.9,60,24.1,3,28.9,0.99,This Week,59.9,2,3,1,0,0
SMMS00634,High,7.8,30,11.4,0,47.5,0.7,This Month,52.7,3,2,1,0,0
SMMS00635,Low,4.2,90,21.5,2,26.9,0.8,This Month,53.0,1,2,1,0,0
SMMS00636,High,6.7,30,23.5,4,32.7,0.71,This Week,65.5,3,3,1,0,0
SMMS00637,Low,3.7,90,21.5,1,42.7,0.63,This Month,46.9,1,2,1,0,0
SMMS00638,Low,3.3,90,3.7,2,24.9,0.81,This Month,47.8,1,2,1,0,0
SMMS00639,High,8.7,30,2.4,1,58.8,0.63,This Month,48.0,3,2,1,0,0
SMMS00640,Low,5.0,42,20.3,3,50.4,0.9,This Month,49.3,1,2,1,0,0
SMMS00641,Critical,8.1,10,5.2,1,35.6,0.7,Immediate,63.1,4,4,1,0,0
SMMS00642,High,10.3,30,24.8,0,74.3,0.72,This Week,59.5,3,3,1,0,0
SMMS00643,Medium,2.5,60,2.5,0,27.0,0.63,This Month,41.8,2,2,1,0,0
SMMS00644,Medium,4.7,60,5.9,2,22.1,0.99,This Month,54.5,2,2,1,0,0
SMMS00645,Critical,5.7,10,17.3,1,66.4,0.89,Immediate,66.6,4,4,1,0,0
SMMS00646,Medium,4.4,60,7.9,1,66.3,0.68,This Month,50.8,2,2,1,0,0
SMMS00647,High,5.8,30,2.3,0,38.3,0.76,This Month,51.0,3,2,1,0,0
SMMS00648,Medium,5.1,60,18.1,2,25.1,0.75,This Month,46.9,2,2,1,0,0
SMMS00649,Critical,8.6,10,15.8,2,48.7,0.84,Immediate,69.3,4,4,1,0,0
SMMS00650,Low,8.0,5,10.1,1,31.2,0.73,Programmed,27.9,1,1,1,0,0
SMMS00651,Medium,4.0,60,14.7,2,28.9,0.74,This Month,52.0,2,2,1,0,0
SMMS00652,High,4.1,30,23.0,2,69.2,0.65,This Week,57.2,3,3,1,0,0
SMMS00653,Medium,5.3,60,11.9,2,32.0,0.7,This Month,53.3,2,2,1,0,0
SMMS00654,High,4.5,30,18.9,7,39.4,0.83,This Week,57.1,3,3,1,0,0
SMMS00655,High,5.8,30,5.8,0,40.8,0.64,This Month,42.8,3,2,1,0,0
SMMS00656,Low,3.6,90,20.1,1,47.1,0.6,This Month,49.4,1,2,1,0,0
SMMS00657,Medium,5.3,59,21.9,3,27.9,0.82,This Week,61.6,2,3,1,0,0
SMMS00658,High,4.6,30,21.6,3,45.0,0.89,This Week,59.3,3,3,1,0,0
SMMS00659,Low,3.0,90,18.1,2,32.9,0.86,This Month,50.0,1,2,1,0,0
SMMS00660,Medium,5.3,60,15.9,2,58.9,0.8,This Week,59.9,2,3,1,0,0
SMMS00661,Low,5.0,90,15.7,3,42.0,0.81,This Month,53.3,1,2,1,0,0
SMMS00662,Medium,4.5,60,17.5,0,29.9,0.58,This Month,53.8,2,2,1,0,0
SMMS00663,Medium,5.6,60,24.3,1,75.3,0.68,This Week,58.0,2,3,1,0,0
SMMS00664,Critical,4.6,10,3.4,0,40.0,0.89,Immediate,57.5,4,4,1,0,0
SMMS00665,High,8.6,30,11.8,0,38.8,0.8,This Week,56.2,3,3,1,0,0
SMMS00666,Low,3.3,90,11.3,3,54.4,0.79,This Month,46.5,1,2,1,0,0
SMMS00667,High,3.1,30,22.5,4,41.8,0.86,This Week,60.5,3,3,1,0,0
SMMS00668,Low,2.7,90,24.7,1,31.6,0.75,This Week,56.8,1,3,1,0,0
SMMS00669,High,5.4,30,24.1,3,61.3,0.86,This Week,61.7,3,3,1,0,0
SMMS00670,Medium,6.2,60,6.7,0,23.3,0.51,This Month,42.2,2,2,1,0,0
SMMS00671,Medium,2.0,60,17.8,2,33.1,0.67,This Week,62.3,2,3,1,0,0
SMMS00672,High,6.5,30,16.5,3,36.1,0.69,This Week,58.5,3,3,1,0,0
SMMS00673,Medium,3.2,60,11.6,2,55.6,0.75,This Month,53.5,2,2,1,0,0
SMMS00674,Low,3.9,30,19.5,1,30.1,0.59,This Month,35.5,1,2,1,0,0
SMMS00675,Medium,5.5,0,17.7,3,37.6,0.99,This Month,39.7,2,2,1,0,0
SMMS00676,Low,8.0,90,7.8,2,23.6,0.72,This Month,53.3,1,2,1,0,0
SMMS00677,Medium,3.9,60,9.2,0,52.2,0.72,This Week,55.9,2,3,1,0,0
SMMS00678,Critical,6.5,10,13.8,4,42.1,0.89,Immediate,64.7,4,4,1,0,0
SMMS00679,Low,6.7,73,12.4,1,54.6,0.66,This Month,40.9,1,2,1,0,0
SMMS00680,Medium,4.3,60,16.5,3,52.0,0.83,This Month,54.5,2,2,1,0,0
SMMS00681,Low,3.2,90,9.6,1,26.4,0.78,This Month,51.3,1,2,1,0,0
SMMS00682,High,7.7,30,20.6,3,33.1,0.86,This Week,57.7,3,3,1,0,0
SMMS00683,Low,2.9,90,1.4,1,76.3,0.65,This Month,50.2,1,2,1,0,0
SMMS00684,Critical,13.0,10,9.3,0,69.8,0.76,Immediate,60.9,4,4,1,0,0
SMMS00685,Low,6.2,90,14.3,3,22.0,0.71,This Week,64.2,1,3,1,0,0
SMMS00686,Low,3.7,90,1.4,2,48.7,0.88,This Month,48.0,1,2,1,0,0
SMMS00687,Low,5.2,90,4.6,3,44.3,0.7,This Month,46.8,1,2,1,0,0
SMMS00688,High,6.4,30,4.8,2,35.0,0.78,This Month,49.8,3,2,1,0,0
SMMS00689,Medium,7.0,60,6.6,1,60.3,0.65,This Month,47.8,2,2,1,0,0
SMMS00690,High,6.4,16,13.9,0,34.8,0.86,This Month,54.4,3,2,1,0,0
SMMS00691,Medium,4.2,60,3.5,0,21.0,0.56,This Month,39.5,2,2,1,0,0
SMMS00692,Medium,6.9,60,12.4,0,27.5,0.68,This Month,52.1,2,2,1,0,0
SMMS00693,Low,2.3,90,10.6,1,26.3,0.68,This Week,55.3,1,3,1,0,0
SMMS00694,High,7.1,30,14.8,0,58.9,0.65,This Month,50.4,3,2,1,0,0
SMMS00695,Medium,7.1,60,24.2,1,35.3,0.59,This Month,53.1,2,2,1,0,0
SMMS00696,Critical,6.5,10,23.1,1,50.6,0.87,Immediate,66.4,4,4,1,0,0
SMMS00697,High,8.1,30,6.1,5,34.2,0.74,This Week,55.5,3,3,1,0,0
SMMS00698,Medium,6.5,60,5.1,0,39.3,0.75,This Month,46.4,2,2,1,0,0
SMMS00699,Critical,6.5,10,1.2,0,66.0,0.78,Immediate,50.8,4,4,1,0,0
SMMS00700,Low,5.2,90,22.7,2,29.0,0.84,This Week,56.9,1,3,1,0,0
SMMS00701,High,3.7,30,24.6,4,35.5,0.83,This Week,64.7,3,3,1,0,0
SMMS00702,High,4.4,30,23.6,1,37.9,0.66,This Week,60.7,3,3,1,0,0
SMMS00703,Low,6.4,90,19.5,4,25.4,0.67,This Week,59.8,1,3,1,0,0
SMMS00704,Low,4.0,90,19.3,2,33.3,0.63,This Month,53.8,1,2,1,0,0
SMMS00705,Medium,7.9,60,6.3,0,43.0,0.66,This Month,47.4,2,2,1,0,0
SMMS00706,Low,3.2,34,9.0,1,75.0,0.72,This Month,35.1,1,2,1,0,0
SMMS00707,Critical,11.1,10,5.3,0,60.0,0.69,Immediate,48.1,4,4,1,0,0
SMMS00708,Medium,6.5,10,6.0,1,26.6,0.72,This Month,38.3,2,2,1,0,0
SMMS00709,Medium,3.0,60,24.7,3,43.1,0.87,This Month,49.9,2,2,1,0,0
SMMS00710,Low,6.9,90,19.4,2,39.6,0.8,This Month,51.6,1,2,1,0,0
SMMS00711,Medium,4.7,60,14.3,2,65.0,0.86,This Month,51.0,2,2,1,0,0
SMMS00712,Medium,5.3,60,1.6,1,64.6,0.48,This Month,40.8,2,2,1,0,0
SMMS00713,Critical,8.8,10,1.2,2,77.3,0.71,Immediate,58.7,4,4,1,0,0
SMMS00714,Medium,5.0,60,6.1,2,43.1,0.72,This Month,50.4,2,2,1,0,0
SMMS00715,Low,4.5,90,3.1,1,50.3,0.76,This Month,54.3,1,2,1,0,0
SMMS00716,Critical,5.9,10,17.6,4,67.6,0.79,Immediate,67.9,4,4,1,0,0
SMMS00717,Low,7.0,90,9.7,1,20.2,0.6,This Month,49.2,1,2,1,0,0
SMMS00718,Medium,6.6,60,15.5,5,38.4,0.71,This Week,56.6,2,3,1,0,0
SMMS00719,Medium,3.8,60,3.0,3,36.2,0.63,This Month,51.8,2,2,1,0,0
SMMS00720,High,7.1,30,18.0,4,31.2,0.67,This Week,57.8,3,3,1,0,0
SMMS00721,Low,6.5,57,13.6,0,27.9,0.64,This Month,36.8,1,2,1,0,0
SMMS00722,High,7.4,30,8.8,2,65.7,0.85,This Month,47.5,3,2,1,0,0
SMMS00723,Medium,4.7,60,2.9,0,59.3,0.69,This Month,45.5,2,2,1,0,0
SMMS00724,Medium,4.7,60,24.7,2,88.1,0.78,This Month,54.9,2,2,1,0,0
SMMS00725,Low,6.3,90,5.2,1,27.7,0.8,This Month,40.8,1,2,1,0,0
SMMS00726,Medium,1.7,60,16.9,2,58.0,0.94,This Week,58.1,2,3,1,0,0
SMMS00727,Medium,6.5,60,5.0,2,91.3,0.71,This Month,51.9,2,2,1,0,0
SMMS00728,High,8.0,30,9.3,0,62.7,0.76,This Week,57.3,3,3,1,0,0
SMMS00729,Medium,3.3,60,20.2,1,29.4,0.82,This Month,46.4,2,2,1,0,0
SMMS00730,Medium,8.3,60,18.8,7,37.0,0.65,This Week,56.3,2,3,1,0,0
SMMS00731,High,6.8,30,4.8,2,64.8,0.71,This Month,49.3,3,2,1,0,0
SMMS00732,High,6.8,30,10.2,0,62.3,0.84,This Month,54.5,3,2,1,0,0
SMMS00733,Low,3.3,90,2.6,1,29.6,0.74,This Month,53.8,1,2,1,0,0
SMMS00734,Medium,5.7,54,22.5,2,57.6,0.7,This Week,56.1,2,3,1,0,0
SMMS00735,Low,1.4,0,23.0,4,39.7,0.77,This Month,35.3,1,2,1,0,0
SMMS00736,Medium,8.0,60,18.4,4,30.4,0.72,This Week,60.4,2,3,1,0,0
SMMS00737,High,7.2,30,2.6,1,79.4,0.75,This Month,43.9,3,2,1,0,0
SMMS00738,Medium,6.3,60,10.5,1,62.9,0.76,This Month,49.3,2,2,1,0,0
SMMS00739,High,6.7,30,24.1,2,63.2,0.85,This Week,59.1,3,3,1,0,0
SMMS00740,Medium,5.3,60,16.0,0,28.9,0.72,This Month,48.3,2,2,1,0,0
SMMS00741,High,7.2,30,5.1,3,31.2,0.69,This Week,57.2,3,3,1,0,0
SMMS00742,Medium,3.9,0,3.6,0,58.1,0.89,Programmed,27.1,2,1,1,0,0
SMMS00743,Medium,5.1,60,3.8,0,54.7,0.74,This Month,43.7,2,2,1,0,0
SMMS00744,Medium,9.2,60,7.5,2,66.6,0.79,This Month,50.3,2,2,1,0,0
SMMS00745,Low,6.8,90,8.1,4,28.3,0.72,This Week,57.4,1,3,1,0,0
SMMS00746,High,5.0,16,20.6,1,62.2,0.67,This Month,49.8,3,2,1,0,0
SMMS00747,High,5.9,30,10.9,3,33.3,0.66,This Week,55.4,3,3,1,0,0
SMMS00748,Medium,5.3,60,19.7,1,36.1,0.82,This Week,63.1,2,3,1,0,0
SMMS00749,High,4.6,19,13.8,0,37.7,0.71,This Month,51.4,3,2,1,0,0
SMMS00750,High,3.7,17,23.0,4,31.9,0.92,This Week,57.7,3,3,1,0,0
SMMS00751,Medium,4.9,60,22.3,4,36.1,0.78,This Month,54.3,2,2,1,0,0
SMMS00752,Medium,7.9,60,18.0,4,63.8,0.91,This Week,60.8,2,3,1,0,0
SMMS00753,High,6.0,30,17.6,2,85.0,0.77,This Month,53.5,3,2,1,0,0
SMMS00754,Critical,5.6,10,18.2,3,63.3,0.86,Immediate,60.9,4,4,1,0,0
SMMS00755,High,8.6,30,24.3,1,61.3,0.62,This Month,51.8,3,2,1,0,0
SMMS00756,Medium,4.6,60,15.0,1,55.6,0.79,This Month,50.1,2,2,1,0,0
SMMS00757,Medium,7.1,60,1.1,1,64.2,0.73,This Month,52.7,2,2,1,0,0
SMMS00758,High,5.0,30,6.5,1,38.7,0.77,This Month,49.3,3,2,1,0,0
SMMS00759,High,5.4,30,16.7,4,76.6,0.79,This Month,49.8,3,2,1,0,0
SMMS00760,High,9.5,30,8.8,0,84.9,0.66,This Month,48.0,3,2,1,0,0
SMMS00761,Low,5.9,70,23.5,1,54.6,0.53,This Month,47.2,1,2,1,0,0
SMMS00762,Medium,4.2,60,6.5,1,36.8,0.76,This Month,43.4,2,2,1,0,0
SMMS00763,Low,4.2,90,19.3,2,48.8,0.8,This Week,56.8,1,3,1,0,0
SMMS00764,Medium,4.3,2,7.2,2,23.2,0.83,Programmed,30.6,2,1,1,0,0
SMMS00765,Medium,5.9,1,9.8,0,41.9,0.84,Programmed,28.9,2,1,1,0,0
SMMS00766,Low,4.9,90,21.9,2,49.5,0.68,This Week,60.1,1,3,1,0,0
SMMS00767,High,7.0,30,8.5,4,58.2,0.73,This Week,55.7,3,3,1,0,0
SMMS00768,Medium,5.1,0,3.2,1,47.9,0.58,Programmed,32.2,2,1,1,0,0
SMMS00769,Medium,4.0,60,4.3,1,34.4,0.77,This Month,43.9,2,2,1,0,0
SMMS00770,High,6.6,30,4.4,0,38.7,0.63,This Month,47.9,3,2,1,0,0
SMMS00771,Low,4.2,56,18.9,1,63.0,0.65,This Month,45.7,1,2,1,0,0
SMMS00772,Critical,8.1,10,21.9,1,62.8,0.95,Immediate,65.8,4,4,1,0,0
SMMS00773,Medium,6.7,60,20.4,1,26.3,0.81,This Week,61.3,2,3,1,0,0
SMMS00774,Low,5.2,90,2.7,0,25.0,0.73,This Month,48.4,1,2,1,0,0
SMMS00775,Medium,5.7,60,6.9,3,38.0,0.58,This Month,54.9,2,2,1,0,0
SMMS00776,Medium,6.0,60,6.7,0,62.2,0.85,This Month,42.7,2,2,1,0,0
SMMS00777,Low,3.7,90,17.8,1,80.5,0.65,This Month,52.0,1,2,1,0,0
SMMS00778,High,5.3,30,13.1,2,36.3,0.74,This Month,53.0,3,2,1,0,0
SMMS00779,Critical,6.8,10,17.0,1,48.2,0.87,Immediate,62.5,4,4,1,0,0
SMMS00780,High,6.3,21,16.4,1,92.1,0.58,This Month,53.9,3,2,1,0,0
SMMS00781,Medium,4.6,1,20.8,2,35.0,0.86,This Month,43.0,2,2,1,0,0
SMMS00782,Low,1.8,90,8.4,1,32.2,0.68,This Month,53.7,1,2,1,0,0
SMMS00783,Medium,5.3,60,20.1,2,54.7,0.86,This Week,62.7,2,3,1,0,0
SMMS00784,Low,4.6,90,8.1,1,51.4,0.61,This Month,47.2,1,2,1,0,0
SMMS00785,High,9.7,30,3.5,2,26.5,0.77,This Month,54.8,3,2,1,0,0
SMMS00786,Medium,4.8,60,13.1,1,31.7,0.65,This Month,52.5,2,2,1,0,0
SMMS00787,Medium,4.2,60,14.7,2,38.6,0.7,This Month,45.2,2,2,1,0,0
SMMS00788,Critical,6.1,10,9.4,3,78.4,0.87,Immediate,52.8,4,4,1,0,0
SMMS00789,High,10.2,30,1.6,0,35.6,0.56,This Month,53.0,3,2,1,0,0
SMMS00790,High,4.4,30,13.5,2,58.9,0.86,This Month,50.2,3,2,1,0,0
SMMS00791,High,7.8,30,17.5,2,70.7,0.84,This Week,55.6,3,3,1,0,0
SMMS00792,High,5.8,30,24.4,1,45.4,0.57,This Week,59.7,3,3,1,0,0
SMMS00793,High,8.7,30,6.2,3,36.8,0.77,This Month,46.0,3,2,1,0,0
SMMS00794,Medium,5.6,60,3.3,0,29.3,0.8,This Month,50.2,2,2,1,0,0
SMMS00795,High,8.0,0,18.2,3,58.5,0.88,This Week,55.4,3,3,1,0,0
SMMS00796,Medium,3.7,60,15.6,2,26.4,0.61,This Week,57.2,2,3,1,0,0
SMMS00797,Low,5.8,90,19.4,0,44.2,0.71,This Month,47.4,1,2,1,0,0
SMMS00798,High,7.9,30,8.3,2,41.6,0.74,This Month,50.3,3,2,1,0,0
SMMS00799,Low,8.4,87,14.4,4,32.9,0.84,This Month,49.4,1,2,1,0,0
SMMS00800,Critical,9.6,10,22.1,4,49.9,0.88,Immediate,63.9,4,4,1,0,0
SMMS00801,High,5.5,30,16.2,1,39.0,0.75,This Week,59.2,3,3,1,0,0
SMMS00802,High,6.3,30,21.0,1,31.3,0.4,This Week,60.1,3,3,1,0,0
SMMS00803,Critical,9.5,10,11.1,1,74.2,0.79,Immediate,60.5,4,4,1,0,0
SMMS00804,Low,3.2,90,12.1,4,27.7,0.81,This Month,54.5,1,2,1,0,0
SMMS00805,Low,3.0,90,5.3,1,51.8,0.64,This Month,44.1,1,2,1,0,0
SMMS00806,Medium,5.2,3,21.0,3,38.7,0.88,This Month,39.5,2,2,1,0,0
SMMS00807,Medium,5.6,60,4.1,0,38.7,0.7,This Month,50.8,2,2,1,0,0
SMMS00808,Critical,6.4,10,16.9,2,44.3,0.99,Immediate,51.9,4,4,1,0,0
SMMS00809,High,6.0,30,2.9,0,38.2,0.77,This Month,46.0,3,2,1,0,0
SMMS00810,High,5.5,30,2.5,0,28.5,0.75,This Week,56.1,3,3,1,0,0
SMMS00811,Medium,4.9,60,11.4,3,28.3,0.83,This Month,52.5,2,2,1,0,0
SMMS00812,Low,4.9,90,7.5,2,32.3,0.84,This Month,51.3,1,2,1,0,0
SMMS00813,Medium,4.7,60,10.6,2,44.5,0.75,This Week,55.7,2,3,1,0,0
SMMS00814,Medium,7.1,60,13.8,0,28.7,0.64,This Month,46.9,2,2,1,0,0
SMMS00815,Medium,9.2,60,12.4,0,39.5,0.76,This Month,47.5,2,2,1,0,0
SMMS00816,Medium,9.7,60,14.7,1,21.8,0.69,This Week,55.7,2,3,1,0,0
SMMS00817,High,8.8,30,19.7,2,66.2,0.78,This Week,65.7,3,3,1,0,0
SMMS00818,Critical,8.7,10,23.5,3,36.6,0.98,Immediate,60.1,4,4,1,0,0
SMMS00819,High,6.9,30,17.8,3,35.8,0.85,This Week,56.2,3,3,1,0,0
SMMS00820,Medium,6.0,60,11.9,2,53.9,0.91,This Month,52.4,2,2,1,0,0
SMMS00821,Medium,7.6,60,18.5,6,37.8,0.69,This Month,51.0,2,2,1,0,0
SMMS00822,Low,4.5,90,21.4,4,45.6,0.82,This Week,55.8,1,3,1,0,0
SMMS00823,Medium,4.7,49,23.3,5,43.4,0.73,This Week,65.8,2,3,1,0,0
SMMS00824,Low,6.9,90,19.1,0,53.5,0.75,This Month,52.3,1,2,1,0,0
SMMS00825,Low,6.0,90,17.2,1,20.5,0.72,This Week,55.6,1,3,1,0,0
SMMS00826,Medium,7.7,60,13.0,3,27.6,0.85,This Month,47.6,2,2,1,0,0
SMMS00827,Medium,5.2,0,21.4,2,27.7,0.81,This Month,44.2,2,2,1,0,0
SMMS00828,Low,5.6,90,23.9,1,28.2,0.79,This Month,49.3,1,2,1,0,0
SMMS00829,Medium,5.7,60,10.9,1,64.9,0.79,This Month,45.5,2,2,1,0,0
SMMS00830,Medium,4.4,60,10.4,2,53.2,0.88,This Week,55.3,2,3,1,0,0
SMMS00831,Low,3.4,90,22.3,2,76.0,0.75,This Month,51.0,1,2,1,0,0
SMMS00832,Medium,3.7,60,5.6,1,31.9,0.71,This Month,50.0,2,2,1,0,0
SMMS00833,Low,3.5,0,2.1,1,30.4,0.77,Programmed,22.7,1,1,1,0,0
SMMS00834,Low,4.0,90,7.6,2,20.7,0.67,This Month,51.1,1,2,1,0,0
SMMS00835,Medium,9.7,60,6.7,5,37.9,0.93,This Month,54.4,2,2,1,0,0
SMMS00836,Low,2.8,90,9.8,3,19.1,0.84,This Month,42.9,1,2,1,0,0
SMMS00837,Low,2.8,83,24.6,2,42.4,0.87,This Month,50.5,1,2,1,0,0
SMMS00838,Low,3.1,90,20.5,3,24.8,0.76,This Week,59.5,1,3,1,0,0
SMMS00839,High,5.4,30,12.6,0,56.6,0.61,This Month,44.6,3,2,1,0,0
SMMS00840,Low,4.4,20,22.8,5,30.9,0.74,Programmed,29.6,1,1,1,0,0
SMMS00841,Medium,3.8,60,14.2,0,27.6,0.75,This Month,54.6,2,2,1,0,0
SMMS00842,Medium,4.5,60,10.8,1,29.3,0.67,This Month,43.3,2,2,1,0,0
SMMS00843,High,6.1,30,20.0,0,66.3,0.55,This Month,53.2,3,2,1,0,0
SMMS00844,Low,2.5,90,18.1,3,31.4,0.82,This Month,50.8,1,2,1,0,0
SMMS00845,Medium,3.9,60,22.7,1,38.5,0.81,This Week,56.0,2,3,1,0,0
SMMS00846,High,4.2,30,16.8,5,34.1,0.62,This Week,57.8,3,3,1,0,0
SMMS00847,Critical,9.5,10,1.7,0,70.6,0.74,Immediate,58.0,4,4,1,0,0
SMMS00848,Medium,5.1,60,12.9,2,31.6,0.88,This Week,56.6,2,3,1,0,0
SMMS00849,High,4.3,30,24.2,5,44.2,0.98,This Week,61.0,3,3,1,0,0
SMMS00850,Critical,7.8,10,20.8,2,50.9,0.94,Immediate,69.5,4,4,1,0,0
SMMS00851,Low,5.2,90,17.5,3,53.1,0.82,This Month,46.9,1,2,1,0,0
SMMS00852,Low,3.0,90,14.2,4,56.2,0.88,This Month,53.1,1,2,1,0,0
SMMS00853,Low,4.6,90,24.8,5,29.0,0.78,This Week,60.2,1,3,1,0,0
SMMS00854,Medium,6.1,60,10.4,2,33.6,0.75,This Month,43.9,2,2,1,0,0
SMMS00855,Low,2.4,90,5.5,4,22.1,0.88,This Month,51.3,1,2,1,0,0
SMMS00856,Low,3.5,0,21.5,4,24.4,0.82,Programmed,27.3,1,1,1,0,0
SMMS00857,High,3.9,30,19.0,4,42.1,0.77,This Week,64.0,3,3,1,0,0
SMMS00858,Low,2.4,90,3.3,2,17.4,0.86,This Month,44.3,1,2,1,0,0
SMMS00859,Low,6.5,90,14.1,2,30.1,0.77,This Month,53.4,1,2,1,0,0
SMMS00860,High,7.4,30,2.0,1,40.9,0.69,This Month,54.8,3,2,1,0,0
SMMS00861,Medium,5.6,60,8.8,0,28.4,0.71,This Month,52.3,2,2,1,0,0
SMMS00862,Medium,3.8,60,18.9,2,33.5,0.84,This Week,57.7,2,3,1,0,0
SMMS00863,Medium,6.3,0,10.8,0,63.3,0.87,Programmed,32.6,2,1,1,0,0
SMMS00864,Medium,5.5,60,7.2,3,84.3,0.8,This Week,58.7,2,3,1,0,0
SMMS00865,Low,3.7,90,11.7,2,31.1,0.77,This Month,46.4,1,2,1,0,0
SMMS00866,Medium,5.1,60,15.6,3,60.5,0.91,This Month,51.7,2,2,1,0,0
SMMS00867,Low,2.2,52,9.2,2,22.6,0.77,This Month,44.4,1,2,1,0,0
SMMS00868,Medium,3.7,60,8.6,0,32.9,0.49,This Month,49.6,2,2,1,0,0
SMMS00869,High,5.4,30,21.0,1,62.3,0.59,This Week,57.7,3,3,1,0,0
SMMS00870,Medium,4.4,0,21.8,2,35.8,0.91,This Month,47.3,2,2,1,0,0
SMMS00871,Medium,5.5,60,8.9,2,28.0,0.91,This Month,54.7,2,2,1,0,0
SMMS00872,Medium,6.7,60,10.7,0,34.0,0.8,This Month,50.6,2,2,1,0,0
SMMS00873,High,6.0,30,1.4,1,68.4,0.71,This Month,43.8,3,2,1,0,0
SMMS00874,Medium,6.7,60,3.4,1,60.1,0.64,This Month,45.7,2,2,1,0,0
SMMS00875,Medium,5.3,60,10.7,3,54.9,0.6,This Week,55.0,2,3,1,0,0
SMMS00876,Medium,3.5,60,11.9,2,33.1,0.8,This Month,39.9,2,2,1,0,0
SMMS00877,Low,5.0,90,2.0,1,17.4,0.62,This Month,49.8,1,2,1,0,0
SMMS00878,Medium,7.9,60,12.1,2,57.1,0.76,This Month,51.8,2,2,1,0,0
SMMS00879,Medium,6.6,60,3.7,1,60.9,0.78,This Month,52.2,2,2,1,0,0
SMMS00880,High,7.2,30,1.5,1,62.3,0.86,This Month,50.3,3,2,1,0,0
SMMS00881,Low,1.1,90,8.4,0,21.5,0.67,This Month,52.5,1,2,1,0,0
SMMS00882,Medium,7.4,60,9.4,2,24.3,0.7,This Month,50.7,2,2,1,0,0
SMMS00883,Low,5.1,90,12.6,2,44.5,0.73,This Month,54.4,1,2,1,0,0
SMMS00884,Medium,5.0,60,14.5,1,59.7,0.73,This Week,57.5,2,3,1,0,0
SMMS00885,Medium,6.8,0,7.1,2,33.8,0.95,This Month,39.5,2,2,1,0,0
SMMS00886,Medium,4.8,60,15.4,2,47.0,0.82,This Week,55.9,2,3,1,0,0
SMMS00887,High,8.5,30,11.1,3,34.8,0.83,This Week,62.2,3,3,1,0,0
SMMS00888,Medium,3.4,31,7.5,2,33.4,0.92,This Month,40.6,2,2,1,0,0
SMMS00889,Critical,6.4,10,19.5,2,98.4,0.99,Immediate,56.8,4,4,1,0,0
SMMS00890,Medium,1.4,60,17.9,0,34.8,0.7,This Week,61.2,2,3,1,0,0
SMMS00891,High,3.8,1,21.5,1,35.1,0.73,This Week,61.0,3,3,1,0,0
SMMS00892,Medium,7.1,0,24.9,4,61.2,0.91,This Month,46.9,2,2,1,0,0
SMMS00893,High,3.9,30,3.5,0,33.0,0.78,This Month,39.0,3,2,1,0,0
SMMS00894,Critical,9.7,10,15.9,4,38.9,0.81,Immediate,65.1,4,4,1,0,0
SMMS00895,Medium,5.4,60,1.2,2,47.7,0.78,This Month,52.0,2,2,1,0,0
SMMS00896,High,3.2,30,16.5,0,29.4,0.69,This Month,50.2,3,2,1,0,0
SMMS00897,High,9.8,30,21.9,1,70.9,0.5,This Week,55.1,3,3,1,0,0
SMMS00898,High,9.5,30,21.1,1,59.6,0.8,This Month,54.8,3,2,1,0,0
SMMS00899,Low,5.8,0,2.0,2,69.9,0.8,Programmed,26.8,1,1,1,0,0
SMMS00900,Low,2.9,90,20.4,2,72.0,0.91,This Week,56.2,1,3,1,0,0
SMMS00901,High,10.2,30,23.5,3,36.2,0.69,This Week,61.4,3,3,1,0,0
SMMS00902,Critical,7.4,10,8.7,0,64.9,0.85,Immediate,50.2,4,4,1,0,0
SMMS00903,High,7.0,30,18.4,2,62.0,0.79,This Month,51.9,3,2,1,0,0
SMMS00904,Medium,4.0,60,10.0,1,36.1,0.59,This Month,47.4,2,2,1,0,0
SMMS00905,Medium,4.3,60,22.5,5,57.2,0.65,This Week,64.8,2,3,1,0,0
SMMS00906,Medium,8.1,60,12.3,0,49.7,0.82,This Month,49.8,2,2,1,0,0
SMMS00907,High,6.1,30,12.2,3,63.5,0.65,This Month,49.1,3,2,1,0,0
SMMS00908,Low,3.0,90,3.1,1,57.1,0.81,This Month,45.2,1,2,1,0,0
SMMS00909,Low,8.5,90,11.4,2,26.1,0.71,This Month,54.2,1,2,1,0,0
SMMS00910,Medium,4.3,60,13.7,3,29.5,0.69,This Month,42.9,2,2,1,0,0
SMMS00911,High,12.3,30,1.8,1,36.8,0.57,This Month,39.6,3,2,1,0,0
SMMS00912,Medium,4.9,60,20.7,1,28.8,0.6,This Week,65.1,2,3,1,0,0
SMMS00913,Medium,7.9,60,6.0,1,48.3,0.79,This Month,49.5,2,2,1,0,0
SMMS00914,Low,3.5,5,14.9,3,77.5,0.81,Programmed,31.2,1,1,1,0,0
SMMS00915,Medium,6.8,60,10.1,4,51.6,0.67,This Month,52.3,2,2,1,0,0
SMMS00916,Low,5.1,90,18.7,1,25.9,0.58,This Month,53.2,1,2,1,0,0
SMMS00917,Low,2.2,0,14.8,2,51.6,0.92,Programmed,21.6,1,1,1,0,0
SMMS00918,Low,3.9,90,11.0,1,31.4,0.72,This Month,52.8,1,2,1,0,0
SMMS00919,Low,5.4,0,11.0,0,53.5,0.57,Programmed,28.4,1,1,1,0,0
SMMS00920,Low,4.9,90,5.3,1,26.0,0.65,This Month,51.5,1,2,1,0,0
SMMS00921,High,9.2,30,20.3,1,36.9,0.79,This Week,59.6,3,3,1,0,0
SMMS00922,Medium,4.1,60,5.8,0,39.5,0.74,This Month,48.7,2,2,1,0,0
SMMS00923,Low,2.5,0,23.9,1,53.6,0.78,Programmed,32.6,1,1,1,0,0
SMMS00924,Medium,3.5,60,25.0,4,31.0,0.71,This Month,53.2,2,2,1,0,0
SMMS00925,High,3.6,30,5.9,2,62.3,0.7,This Week,55.5,3,3,1,0,0
SMMS00926,Medium,6.6,60,4.9,0,40.1,0.8,This Month,40.4,2,2,1,0,0
SMMS00927,Medium,6.5,60,7.9,2,49.1,0.78,This Week,55.4,2,3,1,0,0
SMMS00928,High,5.8,30,24.5,1,40.2,0.73,This Week,67.1,3,3,1,0,0
SMMS00929,High,6.4,30,9.5,0,58.4,0.75,This Month,51.7,3,2,1,0,0
SMMS00930,Low,1.0,0,5.1,4,52.9,0.9,Programmed,23.6,1,1,1,0,0
SMMS00931,High,8.1,30,12.7,1,48.8,0.53,This Month,54.4,3,2,1,0,0
SMMS00932,Low,3.5,90,4.4,4,52.4,0.8,This Month,51.5,1,2,1,0,0
SMMS00933,Low,3.7,14,8.5,0,28.2,0.79,Programmed,28.2,1,1,1,0,0
SMMS00934,Low,7.7,0,15.9,2,24.4,0.86,Programmed,20.3,1,1,1,0,0
SMMS00935,Medium,7.9,60,3.9,1,35.2,0.52,This Month,48.6,2,2,1,0,0
SMMS00936,High,8.9,30,22.6,4,27.9,0.81,This Week,67.5,3,3,1,0,0
SMMS00937,High,7.8,30,9.2,1,37.2,0.67,This Week,55.0,3,3,1,0,0
SMMS00938,High,7.4,30,16.8,5,34.6,0.78,This Week,61.0,3,3,1,0,0
SMMS00939,High,8.3,30,4.9,2,60.2,0.62,This Month,52.2,3,2,1,0,0
SMMS00940,Medium,6.6,60,14.0,1,37.0,0.73,This Week,57.0,2,3,1,0,0
SMMS00941,Low,2.3,90,3.5,0,51.0,0.82,This Month,47.8,1,2,1,0,0
SMMS00942,High,8.1,30,24.1,5,38.2,0.85,This Week,68.5,3,3,1,0,0
SMMS00943,Low,2.5,90,24.1,2,43.0,0.66,This Month,46.6,1,2,1,0,0
SMMS00944,High,4.8,30,5.5,4,76.2,0.68,This Week,56.1,3,3,1,0,0
SMMS00945,High,7.2,30,7.4,1,33.7,0.65,This Month,52.9,3,2,1,0,0
SMMS00946,Medium,6.9,15,23.4,0,35.6,0.83,This Month,50.1,2,2,1,0,0
SMMS00947,Low,5.1,0,13.2,0,44.2,0.75,Programmed,23.7,1,1,1,0,0
SMMS00948,High,9.0,30,19.4,2,57.4,0.82,This Month,50.6,3,2,1,0,0
SMMS00949,Medium,3.1,60,24.2,2,23.3,0.81,This Month,53.6,2,2,1,0,0
SMMS00950,High,8.3,30,1.1,2,65.2,0.91,This Month,50.4,3,2,1,0,0
SMMS00951,Medium,7.1,60,19.6,3,35.8,0.73,This Week,56.1,2,3,1,0,0
SMMS00952,High,5.2,30,1.4,1,32.6,0.76,This Month,37.0,3,2,1,0,0
SMMS00953,High,4.6,30,24.6,2,37.3,0.65,This Month,52.7,3,2,1,0,0
SMMS00954,Medium,6.7,60,18.4,3,40.5,0.79,This Week,58.4,2,3,1,0,0
SMMS00955,High,8.7,30,9.3,3,68.0,0.86,This Month,49.0,3,2,1,0,0
SMMS00956,Medium,6.0,60,15.7,1,54.7,0.61,This Month,51.4,2,2,1,0,0
SMMS00957,High,10.6,30,7.0,0,40.9,0.72,This Week,57.5,3,3,1,0,0
SMMS00958,Medium,4.6,60,8.1,0,42.5,0.75,This Month,46.2,2,2,1,0,0
SMMS00959,Low,5.9,90,18.8,4,25.7,0.76,This Month,54.0,1,2,1,0,0
SMMS00960,High,8.4,30,1.7,2,38.6,0.72,This Month,52.4,3,2,1,0,0
SMMS00961,Medium,5.5,60,21.1,2,57.3,0.72,This Month,53.5,2,2,1,0,0
SMMS00962,Critical,9.0,10,10.1,1,70.7,0.77,Immediate,54.7,4,4,1,0,0
SMMS00963,Low,0.9,90,17.4,2,42.7,0.81,This Month,50.0,1,2,1,0,0
SMMS00964,High,7.4,30,21.3,1,62.2,0.68,This Week,58.9,3,3,1,0,0
SMMS00965,Medium,4.3,60,16.6,3,28.9,0.9,This Month,47.8,2,2,1,0,0
SMMS00966,High,3.8,30,8.2,2,41.2,0.63,This Month,48.7,3,2,1,0,0
SMMS00967,Critical,5.6,10,22.0,2,39.0,0.92,Immediate,64.5,4,4,1,0,0
SMMS00968,Medium,4.6,60,17.6,2,55.5,0.78,This Week,57.6,2,3,1,0,0
SMMS00969,Medium,5.7,60,21.4,1,37.9,0.63,This Month,54.4,2,2,1,0,0
SMMS00970,Low,4.7,90,20.7,1,14.6,0.78,This Month,54.4,1,2,1,0,0
SMMS00971,Medium,4.6,60,13.1,2,68.8,0.85,This Month,53.0,2,2,1,0,0
SMMS00972,High,4.7,30,16.4,1,43.8,0.74,This Month,48.6,3,2,1,0,0
SMMS00973,Low,6.2,90,7.0,0,46.4,0.81,This Month,42.3,1,2,1,0,0
SMMS00974,Low,4.7,90,8.2,4,25.8,0.61,This Month,47.9,1,2,1,0,0
SMMS00975,Low,1.6,80,1.4,3,50.9,0.71,This Month,48.8,1,2,1,0,0
SMMS00976,Medium,4.9,60,4.7,2,52.7,0.66,This Month,54.1,2,2,1,0,0
SMMS00977,Low,3.5,90,14.6,1,31.9,0.65,This Month,52.9,1,2,1,0,0
SMMS00978,Low,5.8,90,12.4,1,35.9,0.65,This Month,53.7,1,2,1,0,0
SMMS00979,Low,3.5,90,3.3,2,51.7,0.79,This Month,43.4,1,2,1,0,0
SMMS00980,Medium,4.9,7,7.6,0,57.7,0.88,This Month,43.8,2,2,1,0,0
SMMS00981,Low,3.8,90,7.5,1,33.2,0.68,This Month,46.4,1,2,1,0,0
SMMS00982,Medium,3.0,60,22.6,3,72.7,0.76,This Week,62.7,2,3,1,0,0
SMMS00983,Medium,2.6,60,10.6,3,31.0,0.85,This Week,61.8,2,3,1,0,0
SMMS00984,Critical,8.0,10,16.6,1,72.8,0.77,Immediate,57.6,4,4,1,0,0
SMMS00985,Medium,2.4,60,8.1,1,31.4,0.58,This Week,57.6,2,3,1,0,0
SMMS00986,Medium,8.3,60,22.7,6,24.0,0.73,This Week,58.6,2,3,1,0,0
SMMS00987,High,8.0,30,3.2,2,35.2,0.79,This Week,56.3,3,3,1,0,0
SMMS00988,High,6.3,30,13.8,3,65.5,0.91,This Month,54.7,3,2,1,0,0
SMMS00989,Low,7.9,90,13.4,2,44.7,0.78,This Month,46.0,1,2,1,0,0
SMMS00990,Medium,6.2,60,11.1,1,34.0,0.7,This Week,56.5,2,3,1,0,0
SMMS00991,High,8.3,30,16.2,2,74.2,0.67,This Week,59.6,3,3,1,0,0
SMMS00992,Low,5.4,0,14.3,4,26.2,0.99,This Month,35.3,1,2,1,0,0
SMMS00993,Medium,3.7,29,12.5,1,58.0,0.47,This Month,40.8,2,2,1,0,0
SMMS00994,High,6.6,30,24.9,3,55.7,0.83,This Week,67.9,3,3,1,0,0
SMMS00995,Low,7.6,90,20.2,1,20.3,0.59,This Month,48.9,1,2,1,0,0
SMMS00996,High,4.6,30,8.6,1,32.2,0.66,This Month,54.7,3,2,1,0,0
SMMS00997,Low,5.6,11,1.2,1,29.5,0.78,Programmed,27.3,1,1,1,0,0
SMMS00998,Low,6.1,90,10.8,0,37.4,0.62,This Month,52.7,1,2,1,0,0
SMMS00999,High,7.0,30,5.5,0,60.4,0.51,This Month,45.8,3,2,1,0,0
SMMS01000,Medium,5.2,2,21.1,3,29.3,0.92,This Month,36.1,2,2,1,0,0
SMMS01001,High,8.1,30,24.4,0,54.9,0.7,This Week,56.7,3,3,1,0,0
SMMS01002,Medium,10.2,60,11.0,4,29.3,0.93,This Month,53.0,2,2,1,0,0
SMMS01003,Medium,6.3,20,3.5,0,37.9,0.56,This Month,42.0,2,2,1,0,0
SMMS01004,Medium,3.3,60,10.2,3,38.7,0.73,This Month,53.1,2,2,1,0,0
SMMS01005,High,8.5,30,16.5,0,26.4,0.59,This Month,44.4,3,2,1,0,0
SMMS01006,Medium,2.7,60,14.7,3,24.9,0.72,This Week,62.6,2,3,1,0,0
SMMS01007,High,8.4,30,12.8,5,73.7,0.83,This Week,56.5,3,3,1,0,0
SMMS01008,Critical,8.2,10,4.5,2,52.2,0.92,Immediate,55.8,4,4,1,0,0
SMMS01009,Critical,5.9,10,22.7,2,43.3,0.88,Immediate,70.3,4,4,1,0,0
SMMS01010,Medium,5.7,60,7.9,1,54.5,0.63,This Month,48.4,2,2,1,0,0
SMMS01011,Low,2.8,90,7.3,3,25.7,0.86,This Week,58.5,1,3,1,0,0
SMMS01012,Medium,8.4,60,3.7,3,54.6,0.69,This Month,47.2,2,2,1,0,0
SMMS01013,Critical,9.1,10,3.1,1,65.9,0.86,Immediate,57.8,4,4,1,0,0
SMMS01014,High,6.5,30,19.7,2,37.9,0.73,This Week,57.6,3,3,1,0,0
SMMS01015,Medium,3.9,60,10.3,1,65.5,0.72,This Week,55.7,2,3,1,0,0
SMMS01016,Medium,1.6,60,11.2,7,26.2,0.89,This Month,53.2,2,2,1,0,0
SMMS01017,High,6.9,30,18.4,1,60.0,0.72,This Week,59.8,3,3,1,0,0
SMMS01018,Critical,6.9,10,11.6,6,37.4,0.86,Immediate,68.9,4,4,1,0,0
SMMS01019,High,5.8,30,6.9,3,39.9,0.79,This Month,47.9,3,2,1,0,0
SMMS01020,High,6.8,30,10.3,0,37.0,0.69,This Week,57.4,3,3,1,0,0
SMMS01021,Medium,3.8,12,16.0,3,70.2,0.85,This Month,45.6,2,2,1,0,0
SMMS01022,Critical,9.9,10,3.6,3,44.1,0.81,Immediate,64.0,4,4,1,0,0
SMMS01023,Medium,8.2,60,24.6,2,24.4,0.89,This Week,58.1,2,3,1,0,0
SMMS01024,Low,3.8,90,10.7,1,52.9,0.66,This Month,42.6,1,2,1,0,0
SMMS01025,Medium,4.1,60,4.3,4,35.8,0.69,This Month,45.3,2,2,1,0,0
SMMS01026,High,8.3,30,11.5,1,31.9,0.66,This Month,54.8,3,2,1,0,0
SMMS01027,Medium,6.8,60,13.8,5,31.3,0.78,This Week,55.2,2,3,1,0,0
SMMS01028,High,6.6,30,6.8,1,34.8,0.54,This Month,45.1,3,2,1,0,0
SMMS01029,Medium,3.0,60,17.5,4,32.1,0.65,This Week,62.3,2,3,1,0,0
SMMS01030,Low,3.5,13,3.3,4,24.2,0.83,Programmed,31.9,1,1,1,0,0
SMMS01031,Medium,5.0,24,1.8,0,28.7,0.57,This Month,40.1,2,2,1,0,0
SMMS01032,Medium,3.0,43,14.7,2,29.3,0.77,This Month,45.8,2,2,1,0,0
SMMS01033,Medium,9.3,2,7.9,0,49.3,0.87,This Month,38.1,2,2,1,0,0
SMMS01034,Low,6.6,90,9.0,1,30.2,0.59,This Month,43.5,1,2,1,0,0
SMMS01035,Medium,4.7,60,20.2,1,52.7,0.65,This Month,52.4,2,2,1,0,0
SMMS01036,Medium,5.1,60,9.2,2,54.0,0.88,This Week,61.3,2,3,1,0,0
SMMS01037,High,4.5,30,4.9,1,63.5,0.76,This Month,54.5,3,2,1,0,0
SMMS01038,Critical,6.7,10,2.2,2,33.7,0.75,Immediate,46.7,4,4,1,0,0
SMMS01039,Medium,6.7,60,14.0,1,21.6,0.65,This Month,46.0,2,2,1,0,0
SMMS01040,Low,2.7,90,14.6,2,47.0,0.8,This Week,57.6,1,3,1,0,0
SMMS01041,Medium,5.6,57,5.6,0,50.6,0.49,This Month,47.1,2,2,1,0,0
SMMS01042,Medium,6.4,60,17.8,2,28.5,0.75,This Week,57.5,2,3,1,0,0
SMMS01043,High,5.9,30,19.5,1,39.7,0.69,This Week,58.6,3,3,1,0,0
SMMS01044,Low,3.8,90,21.4,1,32.4,0.63,This Week,55.3,1,3,1,0,0
SMMS01045,Medium,3.2,60,4.5,2,27.3,0.87,This Month,48.3,2,2,1,0,0
SMMS01046,High,6.4,30,12.8,2,61.7,0.81,This Week,56.7,3,3,1,0,0
SMMS01047,Medium,2.3,48,19.0,1,35.2,0.77,This Month,52.6,2,2,1,0,0
SMMS01048,Low,6.4,90,8.4,0,32.5,0.61,This Month,51.2,1,2,1,0,0
SMMS01049,Critical,10.0,10,2.5,2,48.7,0.79,Immediate,59.4,4,4,1,0,0
SMMS01050,Medium,5.0,60,24.6,0,32.5,0.88,This Week,58.5,2,3,1,0,0
SMMS01051,Critical,4.5,6,19.2,2,77.9,0.86,Immediate,65.6,4,4,1,0,0
SMMS01052,Medium,5.1,60,1.4,1,53.5,0.64,This Month,48.9,2,2,1,0,0
SMMS01053,Low,2.0,22,18.1,5,34.4,0.74,This Month,44.5,1,2,1,0,0
SMMS01054,High,6.8,30,23.1,3,31.8,0.73,This Month,54.1,3,2,1,0,0
SMMS01055,Medium,6.4,60,20.0,1,45.3,0.73,This Week,60.4,2,3,1,0,0
SMMS01056,Medium,5.9,60,3.0,3,29.5,0.83,This Month,54.9,2,2,1,0,0
SMMS01057,High,7.3,30,17.5,1,29.8,0.76,This Week,59.3,3,3,1,0,0
SMMS01058,Low,4.2,19,6.0,1,19.2,0.7,Programmed,23.5,1,1,1,0,0
SMMS01059,High,6.0,30,21.7,1,43.9,0.6,This Month,51.3,3,2,1,0,0
SMMS01060,High,4.8,30,4.6,1,65.3,0.54,This Month,53.6,3,2,1,0,0
SMMS01061,Medium,3.8,60,18.8,2,36.5,0.81,This Month,44.5,2,2,1,0,0
SMMS01062,Critical,8.2,10,19.7,1,33.5,0.76,Immediate,61.6,4,4,1,0,0
SMMS01063,Medium,4.9,60,13.2,2,27.3,0.74,This Week,56.2,2,3,1,0,0
SMMS01064,Low,10.0,0,10.3,2,31.1,0.86,Programmed,27.9,1,1,1,0,0
SMMS01065,Critical,10.0,10,6.9,1,41.6,0.82,Immediate,54.4,4,4,1,0,0
SMMS01066,Low,6.1,59,7.6,2,78.0,0.69,This Month,42.5,1,2,1,0,0
SMMS01067,High,9.3,30,12.8,1,41.0,0.75,This Month,54.8,3,2,1,0,0
SMMS01068,Critical,7.5,10,19.7,0,42.4,0.81,Immediate,54.1,4,4,1,0,0
SMMS01069,Medium,4.9,18,15.8,1,30.5,0.93,This Month,42.9,2,2,1,0,0
SMMS01070,High,8.4,30,17.3,3,43.7,0.8,This Week,55.3,3,3,1,0,0
SMMS01071,Critical,7.8,10,23.7,0,41.5,0.87,Immediate,60.3,4,4,1,0,0
SMMS01072,High,6.6,30,3.4,0,55.6,0.8,This Week,61.3,3,3,1,0,0
SMMS01073,Medium,3.9,60,5.7,1,33.1,0.77,This Month,43.6,2,2,1,0,0
SMMS01074,Medium,4.5,60,7.7,3,28.1,0.79,This Week,56.1,2,3,1,0,0
SMMS01075,Low,5.1,90,23.0,3,20.6,0.72,This Month,54.9,1,2,1,0,0
SMMS01076,Critical,11.8,10,3.0,0,46.6,0.66,Immediate,49.3,4,4,1,0,0
SMMS01077,Medium,5.1,60,13.8,1,29.4,0.69,This Month,48.7,2,2,1,0,0
SMMS01078,High,9.1,30,14.3,4,45.0,0.82,This Week,56.6,3,3,1,0,0
SMMS01079,Critical,6.1,10,13.9,3,35.2,0.86,Immediate,60.7,4,4,1,0,0
SMMS01080,Low,3.2,90,22.4,1,30.1,0.68,This Month,52.1,1,2,1,0,0
SMMS01081,Medium,4.8,60,22.9,2,32.2,0.85,This Week,66.2,2,3,1,0,0
SMMS01082,Low,3.6,90,8.8,2,54.0,0.56,This Month,45.9,1,2,1,0,0
SMMS01083,Low,6.2,90,14.7,2,56.1,0.85,This Month,50.3,1,2,1,0,0
SMMS01084,High,6.9,30,6.3,1,36.2,0.68,This Week,57.2,3,3,1,0,0
SMMS01085,High,7.7,30,12.5,2,27.6,0.77,This Month,53.0,3,2,1,0,0
SMMS01086,Low,8.6,90,6.5,1,60.0,0.72,This Month,50.4,1,2,1,0,0
SMMS01087,High,5.3,30,10.6,2,32.2,0.77,This Month,50.5,3,2,1,0,0
SMMS01088,Critical,5.6,10,2.6,1,43.0,0.84,Immediate,44.2,4,4,1,0,0
SMMS01089,Medium,4.6,60,2.1,2,25.1,0.86,This Month,52.5,2,2,1,0,0
SMMS01090,High,9.4,30,9.7,4,42.3,0.86,This Month,49.3,3,2,1,0,0
SMMS01091,Low,8.1,80,8.9,0,22.3,0.7,This Month,44.2,1,2,1,0,0
SMMS01092,Medium,4.7,60,7.4,0,25.1,0.77,This Month,47.5,2,2,1,0,0
SMMS01093,Low,3.8,90,24.1,4,29.5,0.88,This Week,61.8,1,3,1,0,0
SMMS01094,High,8.4,30,20.2,1,35.1,0.8,This Week,57.6,3,3,1,0,0
SMMS01095,Medium,5.5,60,9.1,3,29.3,0.95,This Week,56.3,2,3,1,0,0
SMMS01096,High,4.0,30,3.3,2,29.3,0.83,This Week,61.3,3,3,1,0,0
SMMS01097,Low,4.5,90,24.7,2,46.6,0.85,This Week,67.3,1,3,1,0,0
SMMS01098,High,7.3,30,17.4,4,38.1,0.68,This Week,58.3,3,3,1,0,0
SMMS01099,Low,5.5,0,2.7,4,24.8,0.92,Programmed,31.1,1,1,1,0,0
SMMS01100,Critical,7.8,10,3.4,1,66.7,0.81,Immediate,54.5,4,4,1,0,0
SMMS01101,High,4.4,30,20.1,0,39.0,0.52,This Week,57.2,3,3,1,0,0
SMMS01102,Low,6.2,90,23.4,2,53.6,0.79,This Week,68.2,1,3,1,0,0
SMMS01103,Low,1.9,54,10.2,1,72.3,0.66,This Month,41.8,1,2,1,0,0
SMMS01104,Critical,7.2,10,22.1,4,76.7,0.81,Immediate,59.2,4,4,1,0,0
SMMS01105,Medium,7.2,60,5.4,2,32.0,0.8,This Month,42.4,2,2,1,0,0
SMMS01106,Medium,4.6,60,23.0,1,32.0,0.61,This Week,56.5,2,3,1,0,0
SMMS01107,Low,5.3,90,2.8,0,58.4,0.69,This Month,43.3,1,2,1,0,0
SMMS01108,High,3.4,30,23.4,4,39.4,0.69,This Week,64.0,3,3,1,0,0
SMMS01109,High,5.7,30,17.7,3,42.4,0.82,This Week,61.5,3,3,1,0,0
SMMS01110,Critical,6.8,10,8.3,2,45.1,0.82,Immediate,55.4,4,4,1,0,0
SMMS01111,Medium,4.7,60,3.5,0,69.2,0.66,This Month,40.7,2,2,1,0,0
SMMS01112,Critical,3.7,10,3.7,2,51.8,0.8,Immediate,61.9,4,4,1,0,0
SMMS01113,Low,5.0,90,19.6,0,26.7,0.72,This Month,51.8,1,2,1,0,0
SMMS01114,High,6.3,30,6.0,2,38.0,0.66,This Month,41.8,3,2,1,0,0
SMMS01115,High,5.5,30,11.5,3,34.8,0.88,This Week,56.3,3,3,1,0,0
SMMS01116,Low,3.8,90,7.2,2,18.7,0.76,This Month,45.0,1,2,1,0,0
SMMS01117,High,5.3,30,13.9,2,96.9,0.73,This Month,51.9,3,2,1,0,0
SMMS01118,Critical,10.9,10,4.8,1,47.7,0.84,Immediate,52.1,4,4,1,0,0
SMMS01119,High,5.6,1,13.1,1,32.0,0.68,This Month,45.8,3,2,1,0,0
SMMS01120,Medium,6.6,60,13.3,3,27.3,0.77,This Week,56.2,2,3,1,0,0
SMMS01121,Low,5.0,90,18.6,0,51.3,0.69,This Month,51.9,1,2,1,0,0
SMMS01122,Critical,7.9,10,24.6,1,40.0,0.79,Immediate,61.6,4,4,1,0,0
SMMS01123,Medium,4.6,60,24.2,2,31.2,0.76,This Week,61.7,2,3,1,0,0
SMMS01124,Critical,7.8,10,9.3,2,65.9,0.99,Immediate,52.6,4,4,1,0,0
SMMS01125,Low,2.2,90,10.8,0,29.1,0.73,This Month,38.9,1,2,1,0,0
SMMS01126,Low,5.1,0,19.5,0,29.0,0.71,Programmed,19.0,1,1,1,0,0
SMMS01127,Medium,4.3,28,23.0,2,51.1,0.83,This Month,47.5,2,2,1,0,0
SMMS01128,High,4.9,30,18.5,2,44.6,0.78,This Week,59.2,3,3,1,0,0
SMMS01129,Low,3.6,34,21.5,1,24.2,0.86,This Month,44.2,1,2,1,0,0
SMMS01130,Medium,6.1,60,21.5,1,27.7,0.68,This Week,61.1,2,3,1,0,0
SMMS01131,High,4.9,30,17.1,2,30.1,0.8,This Week,56.1,3,3,1,0,0
SMMS01132,High,7.4,30,12.4,4,38.2,0.88,This Week,56.1,3,3,1,0,0
SMMS01133,Critical,9.9,10,23.7,6,51.4,0.74,Immediate,65.0,4,4,1,0,0
SMMS01134,Medium,4.2,8,4.5,1,29.6,0.84,Programmed,32.0,2,1,1,0,0
SMMS01135,Medium,4.7,60,22.8,5,88.7,0.79,This Week,64.4,2,3,1,0,0
SMMS01136,Low,5.9,90,11.9,0,37.4,0.61,This Month,48.9,1,2,1,0,0
SMMS01137,Medium,4.1,60,2.0,1,29.0,0.75,This Month,53.4,2,2,1,0,0
SMMS01138,High,8.7,17,6.1,2,37.9,0.81,This Month,45.7,3,2,1,0,0
SMMS01139,Low,2.2,90,18.9,1,20.0,0.68,This Month,53.5,1,2,1,0,0
SMMS01140,Medium,4.1,60,17.5,2,60.1,0.8,This Month,49.6,2,2,1,0,0
SMMS01141,Medium,6.2,0,17.4,1,46.1,0.86,This Month,36.7,2,2,1,0,0
SMMS01142,Medium,4.5,60,3.2,1,39.1,0.68,This Month,47.4,2,2,1,0,0
SMMS01143,Medium,5.0,60,7.3,1,34.1,0.7,This Month,49.1,2,2,1,0,0
SMMS01144,Critical,6.9,10,9.6,0,48.9,0.82,Immediate,45.5,4,4,1,0,0
SMMS01145,Low,5.7,90,8.7,0,31.4,0.6,This Month,47.6,1,2,1,0,0
SMMS01146,Medium,6.4,60,2.3,1,26.3,0.75,This Week,56.0,2,3,1,0,0
SMMS01147,High,7.3,30,8.5,0,66.3,0.5,This Month,49.8,3,2,1,0,0
SMMS01148,Medium,3.1,53,1.1,3,38.6,0.76,This Month,45.8,2,2,1,0,0
SMMS01149,Medium,8.2,0,8.5,2,59.2,0.82,Programmed,33.3,2,1,1,0,0
SMMS01150,High,5.3,30,14.1,1,43.0,0.66,This Week,57.6,3,3,1,0,0
SMMS01151,Low,4.9,90,3.5,0,32.7,0.61,This Month,42.5,1,2,1,0,0
SMMS01152,Low,6.3,90,14.5,1,29.5,0.76,This Month,48.8,1,2,1,0,0
SMMS01153,High,6.9,30,12.3,2,33.4,0.68,This Month,54.6,3,2,1,0,0
SMMS01154,High,4.0,30,22.7,3,29.3,0.79,This Week,59.4,3,3,1,0,0
SMMS01155,High,4.0,30,3.2,0,95.6,0.68,This Month,53.2,3,2,1,0,0
SMMS01156,Medium,6.9,60,1.8,2,37.0,0.79,This Month,51.2,2,2,1,0,0
SMMS01157,Medium,4.0,60,22.4,3,58.2,0.86,This Week,58.2,2,3,1,0,0
SMMS01158,Medium,5.4,60,10.2,5,67.6,0.7,This Month,49.2,2,2,1,0,0
SMMS01159,High,6.5,30,3.1,1,63.8,0.73,This Month,45.5,3,2,1,0,0
SMMS01160,Medium,5.5,55,6.1,0,32.5,0.64,This Month,46.5,2,2,1,0,0
SMMS01161,High,4.3,30,4.8,3,47.6,0.81,This Month,51.9,3,2,1,0,0
SMMS01162,Low,3.5,17,21.1,1,49.2,0.64,Programmed,23.7,1,1,1,0,0
SMMS01163,Critical,6.0,10,18.6,0,39.6,0.78,Immediate,53.1,4,4,1,0,0
SMMS01164,Low,8.0,0,4.9,4,47.3,0.82,Programmed,31.8,1,1,1,0,0
SMMS01165,High,3.5,30,12.2,3,65.9,0.86,This Month,52.3,3,2,1,0,0
SMMS01166,High,5.4,30,4.2,1,60.1,0.59,This Month,52.2,3,2,1,0,0
SMMS01167,Medium,5.9,60,17.0,1,58.1,0.46,This Week,58.3,2,3,1,0,0
SMMS01168,Medium,4.5,60,24.3,2,82.9,0.71,This Month,54.7,2,2,1,0,0
SMMS01169,High,9.8,30,16.8,2,37.5,0.75,This Week,58.3,3,3,1,0,0
SMMS01170,High,9.8,30,6.5,0,55.8,0.68,This Month,50.7,3,2,1,0,0
SMMS01171,Medium,4.2,60,13.9,4,25.6,0.88,This Month,49.1,2,2,1,0,0
SMMS01172,Medium,5.9,60,18.1,1,60.5,0.77,This Month,51.6,2,2,1,0,0
SMMS01173,Low,6.0,90,21.3,4,47.2,0.9,This Month,54.7,1,2,1,0,0
SMMS01174,Medium,2.6,60,17.0,0,27.7,0.61,This Month,46.1,2,2,1,0,0
SMMS01175,Medium,2.2,36,8.4,1,32.4,0.55,This Month,49.4,2,2,1,0,0
SMMS01176,Medium,3.4,0,16.9,0,39.0,0.76,This Month,39.4,2,2,1,0,0
SMMS01177,Low,3.3,0,15.0,4,49.8,0.92,Programmed,29.6,1,1,1,0,0
SMMS01178,Medium,6.0,60,21.9,2,28.7,0.88,This Month,48.6,2,2,1,0,0
SMMS01179,Medium,4.7,60,9.1,2,79.2,0.7,This Month,49.2,2,2,1,0,0
SMMS01180,Medium,5.3,60,1.1,1,91.7,0.72,This Month,46.9,2,2,1,0,0
SMMS01181,Medium,4.4,60,9.6,3,64.8,0.88,This Month,54.3,2,2,1,0,0
SMMS01182,Low,2.8,90,22.8,4,56.1,0.74,This Month,54.1,1,2,1,0,0
SMMS01183,Medium,6.2,46,18.6,2,54.8,0.8,This Month,43.5,2,2,1,0,0
SMMS01184,Low,3.9,0,16.1,2,29.4,0.89,Programmed,15.0,1,1,1,0,0
SMMS01185,Medium,1.9,24,4.4,1,56.8,0.65,This Month,36.6,2,2,1,0,0
SMMS01186,High,4.2,25,23.3,0,80.0,0.7,This Month,50.4,3,2,1,0,0
SMMS01187,Medium,1.7,60,16.1,2,20.6,0.73,This Week,56.1,2,3,1,0,0
SMMS01188,High,6.3,30,21.4,0,43.9,0.7,This Month,51.3,3,2,1,0,0
SMMS01189,Critical,6.3,10,24.1,2,51.1,0.85,Immediate,59.2,4,4,1,0,0
SMMS01190,Medium,6.5,60,12.4,2,42.5,0.75,This Month,50.8,2,2,1,0,0
SMMS01191,Critical,5.0,10,16.9,0,42.2,0.83,Immediate,56.0,4,4,1,0,0
SMMS01192,Medium,3.8,60,17.9,0,32.9,0.78,This Week,55.6,2,3,1,0,0
SMMS01193,Low,1.3,90,17.3,0,29.3,0.56,This Month,46.1,1,2,1,0,0
SMMS01194,Medium,4.7,60,8.2,3,31.4,0.9,This Month,53.3,2,2,1,0,0
SMMS01195,Low,5.9,90,4.3,4,34.4,0.79,This Month,52.3,1,2,1,0,0
SMMS01196,Medium,7.8,60,3.2,1,25.2,0.61,This Month,52.6,2,2,1,0,0
SMMS01197,Low,4.1,90,15.4,3,55.1,0.64,This Month,54.8,1,2,1,0,0
SMMS01198,Medium,8.2,60,1.5,1,31.9,0.62,This Month,46.9,2,2,1,0,0
SMMS01199,Critical,9.0,10,7.7,2,38.0,0.99,Immediate,55.2,4,4,1,0,0
SMMS01200,Medium,7.7,60,21.5,2,24.6,0.76,This Week,62.9,2,3,1,0,0
SMMS01201,High,9.6,30,13.7,1,60.2,0.75,This Month,53.6,3,2,1,0,0
SMMS01202,Low,3.1,90,14.3,1,32.6,0.62,This Month,51.1,1,2,1,0,0
SMMS01203,Low,4.7,90,9.3,1,21.3,0.68,This Month,42.5,1,2,1,0,0
SMMS01204,Low,5.0,90,12.2,2,26.9,0.9,This Week,56.3,1,3,1,0,0
SMMS01205,Low,6.8,78,20.9,3,27.4,0.93,This Week,66.8,1,3,1,0,0
SMMS01206,Low,4.5,44,1.0,1,51.3,0.58,This Month,35.7,1,2,1,0,0
SMMS01207,High,7.3,30,18.1,1,40.8,0.75,This Week,58.3,3,3,1,0,0
SMMS01208,Medium,3.1,59,1.4,1,45.4,0.65,This Month,52.1,2,2,1,0,0
SMMS01209,High,5.0,30,16.2,2,43.4,0.86,This Week,57.8,3,3,1,0,0
SMMS01210,High,6.3,30,22.5,3,57.2,0.88,This Week,57.1,3,3,1,0,0
SMMS01211,Medium,4.7,36,17.6,2,54.2,0.65,This Month,50.7,2,2,1,0,0
SMMS01212,Medium,6.4,60,8.4,0,35.9,0.73,This Month,52.8,2,2,1,0,0
SMMS01213,Critical,9.1,10,23.6,1,65.0,0.73,Immediate,65.4,4,4,1,0,0
SMMS01214,Critical,7.9,10,12.2,3,40.4,0.92,Immediate,59.0,4,4,1,0,0
SMMS01215,Low,3.8,90,12.8,4,45.2,0.78,This Week,55.4,1,3,1,0,0
SMMS01216,Low,2.1,90,11.4,4,59.3,0.9,This Week,55.9,1,3,1,0,0
SMMS01217,Critical,7.5,10,19.8,0,34.0,0.73,Immediate,58.7,4,4,1,0,0
SMMS01218,Critical,4.9,10,2.3,0,37.4,0.74,Immediate,55.4,4,4,1,0,0
SMMS01219,Low,3.5,0,16.2,2,40.3,0.86,Programmed,21.7,1,1,1,0,0
SMMS01220,High,7.1,30,11.0,2,63.3,0.8,This Week,56.7,3,3,1,0,0
SMMS01221,Medium,6.2,60,10.1,1,42.8,0.47,This Month,45.7,2,2,1,0,0
SMMS01222,Critical,9.0,10,12.7,2,78.3,0.85,Immediate,64.3,4,4,1,0,0
SMMS01223,Medium,4.1,60,14.2,1,31.9,0.58,This Week,57.2,2,3,1,0,0
SMMS01224,Low,5.4,90,13.3,1,14.9,0.61,This Week,55.3,1,3,1,0,0
SMMS01225,High,9.0,30,3.3,2,60.0,0.71,This Month,50.1,3,2,1,0,0
SMMS01226,Low,5.0,0,15.5,4,20.1,0.81,Programmed,26.4,1,1,1,0,0
SMMS01227,Low,6.1,90,23.4,5,12.7,0.93,This Week,59.4,1,3,1,0,0
SMMS01228,Low,3.9,21,14.9,1,26.1,0.68,Programmed,30.9,1,1,1,0,0
SMMS01229,Low,4.5,90,24.4,5,24.0,0.67,This Week,60.7,1,3,1,0,0
SMMS01230,Medium,6.2,45,15.7,2,40.1,0.75,This Month,51.0,2,2,1,0,0
SMMS01231,Medium,2.1,60,6.8,2,40.1,0.76,This Week,58.0,2,3,1,0,0
SMMS01232,Low,3.9,0,4.6,1,35.9,0.8,Programmed,28.3,1,1,1,0,0
SMMS01233,Medium,3.7,60,13.2,1,53.9,0.66,This Month,51.9,2,2,1,0,0
SMMS01234,High,5.1,30,8.3,1,69.7,0.6,This Week,55.2,3,3,1,0,0
SMMS01235,Medium,5.4,60,14.2,7,28.9,0.68,This Week,61.2,2,3,1,0,0
SMMS01236,Medium,6.8,60,16.0,3,32.2,0.81,This Week,63.4,2,3,1,0,0
SMMS01237,Critical,8.9,10,9.8,2,68.1,0.99,Immediate,53.8,4,4,1,0,0
SMMS01238,Medium,6.7,0,9.0,2,22.4,0.83,Programmed,34.9,2,1,1,0,0
SMMS01239,Medium,3.4,35,4.9,0,54.3,0.66,This Month,42.5,2,2,1,0,0
SMMS01240,Low,2.7,71,19.5,3,15.3,0.74,This Month,40.9,1,2,1,0,0
SMMS01241,Critical,6.7,10,9.3,3,76.8,0.79,Immediate,57.6,4,4,1,0,0
SMMS01242,Low,6.1,90,7.1,2,29.7,0.94,This Month,45.2,1,2,1,0,0
SMMS01243,High,11.4,30,7.5,3,65.0,0.95,This Month,54.6,3,2,1,0,0
SMMS01244,Critical,6.5,10,24.8,0,73.5,0.79,Immediate,68.6,4,4,1,0,0
SMMS01245,High,10.3,30,8.3,5,64.9,0.73,This Week,55.0,3,3,1,0,0
SMMS01246,Low,4.9,0,1.9,2,24.5,0.96,Programmed,20.5,1,1,1,0,0
SMMS01247,Low,5.0,40,16.3,1,31.9,0.75,This Month,37.3,1,2,1,0,0
SMMS01248,High,5.0,30,9.5,2,33.3,0.76,This Month,53.7,3,2,1,0,0
SMMS01249,Medium,7.9,60,12.2,1,60.9,0.77,This Month,47.3,2,2,1,0,0
SMMS01250,Medium,3.0,60,8.9,0,52.4,0.63,This Week,56.1,2,3,1,0,0
SMMS01251,High,8.7,30,20.3,0,39.0,0.65,This Week,56.6,3,3,1,0,0
SMMS01252,Low,3.9,55,6.5,0,27.8,0.78,Programmed,33.2,1,1,1,0,0
SMMS01253,Medium,0.9,60,21.3,5,37.1,0.77,This Week,60.1,2,3,1,0,0
SMMS01254,Critical,9.7,10,9.3,1,39.1,0.66,Immediate,56.5,4,4,1,0,0
SMMS01255,Medium,2.9,60,14.7,2,24.5,0.72,This Month,51.4,2,2,1,0,0
SMMS01256,Low,3.6,90,11.0,1,23.5,0.78,This Month,47.8,1,2,1,0,0
SMMS01257,Low,4.9,90,20.2,3,27.1,0.73,This Week,56.7,1,3,1,0,0
SMMS01258,High,4.6,30,4.6,0,36.4,0.75,This Month,50.4,3,2,1,0,0
SMMS01259,Medium,4.1,60,6.2,2,46.1,0.69,This Month,50.8,2,2,1,0,0
SMMS01260,Critical,7.8,10,10.2,2,45.3,0.96,Immediate,63.0,4,4,1,0,0
SMMS01261,Low,7.2,0,24.4,1,31.1,0.68,Programmed,30.7,1,1,1,0,0
SMMS01262,Low,4.3,90,25.0,5,54.4,0.86,This Week,59.2,1,3,1,0,0
SMMS01263,Low,5.6,31,14.9,0,21.7,0.59,This Month,42.5,1,2,1,0,0
SMMS01264,High,4.2,30,13.7,1,44.3,0.7,This Month,53.1,3,2,1,0,0
SMMS01265,Medium,4.4,60,19.4,1,48.2,0.74,This Month,54.4,2,2,1,0,0
SMMS01266,Low,4.5,90,19.0,2,30.7,0.72,This Week,57.0,1,3,1,0,0
SMMS01267,High,7.1,30,11.7,2,40.5,0.88,This Month,49.3,3,2,1,0,0
SMMS01268,Critical,9.2,10,1.8,2,47.2,0.82,Immediate,50.4,4,4,1,0,0
SMMS01269,Critical,6.4,10,1.7,1,45.6,0.78,Immediate,51.1,4,4,1,0,0
SMMS01270,Low,1.8,90,2.1,1,27.1,0.76,This Month,52.8,1,2,1,0,0
SMMS01271,High,9.6,30,18.8,0,47.4,0.59,This Month,48.9,3,2,1,0,0
SMMS01272,Medium,3.5,60,19.6,2,30.3,0.87,This Month,52.8,2,2,1,0,0
SMMS01273,Medium,4.3,60,20.1,5,28.3,0.69,This Month,54.6,2,2,1,0,0
SMMS01274,Medium,8.0,60,1.1,1,27.1,0.68,This Month,42.5,2,2,1,0,0
SMMS01275,High,6.1,30,21.4,2,64.2,0.84,This Month,54.6,3,2,1,0,0
SMMS01276,Low,2.6,82,1.8,1,33.5,0.71,This Month,39.6,1,2,1,0,0
SMMS01277,High,4.1,30,13.4,4,63.8,0.78,This Month,52.2,3,2,1,0,0
SMMS01278,Low,4.9,84,9.2,2,16.8,0.81,This Month,47.1,1,2,1,0,0
SMMS01279,Medium,6.3,60,9.1,2,41.0,0.81,This Month,51.1,2,2,1,0,0
SMMS01280,High,7.3,30,10.3,2,42.3,0.92,This Week,55.9,3,3,1,0,0
SMMS01281,Medium,6.1,20,18.7,0,28.9,0.61,This Month,47.2,2,2,1,0,0
SMMS01282,Low,1.6,90,11.5,3,57.0,0.85,This Month,46.3,1,2,1,0,0
SMMS01283,Medium,5.5,60,3.5,2,22.3,0.75,This Month,48.7,2,2,1,0,0
SMMS01284,Critical,10.9,10,14.3,0,44.7,0.88,Immediate,55.2,4,4,1,0,0
SMMS01285,Medium,8.3,60,3.9,1,61.2,0.72,This Month,44.7,2,2,1,0,0
SMMS01286,Medium,4.5,60,3.8,1,51.0,0.77,This Month,50.4,2,2,1,0,0
SMMS01287,Low,4.0,90,5.8,3,47.3,0.79,This Week,57.4,1,3,1,0,0
SMMS01288,High,6.1,30,24.3,0,67.1,0.68,This Week,57.9,3,3,1,0,0
SMMS01289,Low,4.0,90,18.9,0,11.3,0.75,This Month,45.9,1,2,1,0,0
SMMS01290,Low,3.3,90,4.9,1,52.2,0.64,This Week,56.2,1,3,1,0,0
SMMS01291,High,2.7,30,8.4,5,44.5,0.65,This Week,56.5,3,3,1,0,0
SMMS01292,High,5.1,30,12.6,1,36.9,0.55,This Month,54.4,3,2,1,0,0
SMMS01293,Low,3.0,90,4.5,1,51.5,0.62,This Month,53.6,1,2,1,0,0
SMMS01294,High,5.4,30,24.6,0,45.8,0.61,This Month,54.1,3,2,1,0,0
SMMS01295,Critical,6.8,10,11.7,0,40.3,0.7,Immediate,56.7,4,4,1,0,0
SMMS01296,High,8.9,29,10.6,3,32.5,0.85,This Week,56.8,3,3,1,0,0
SMMS01297,Medium,2.5,60,18.8,2,21.5,0.76,This Week,55.2,2,3,1,0,0
SMMS01298,Low,2.2,45,6.6,0,48.1,0.67,Programmed,30.8,1,1,1,0,0
SMMS01299,Low,5.1,90,17.5,1,21.5,0.76,This Month,51.5,1,2,1,0,0
SMMS01300,Low,6.1,90,5.0,1,18.7,0.68,This Month,51.2,1,2,1,0,0
SMMS01301,Medium,7.4,60,13.3,1,51.9,0.61,This Month,41.3,2,2,1,0,0
SMMS01302,High,7.6,30,23.4,1,29.9,0.56,This Week,60.1,3,3,1,0,0
SMMS01303,Medium,3.5,60,20.2,1,45.7,0.76,This Week,55.9,2,3,1,0,0
SMMS01304,Low,2.3,90,21.4,2,29.7,0.68,This Month,50.8,1,2,1,0,0
SMMS01305,Low,1.8,47,22.4,1,51.4,0.67,This Month,45.2,1,2,1,0,0
SMMS01306,Medium,5.3,19,21.1,6,60.0,0.84,This Month,44.1,2,2,1,0,0
SMMS01307,Critical,9.2,10,14.7,1,64.2,0.84,Immediate,48.0,4,4,1,0,0
SMMS01308,Critical,5.6,10,15.3,1,59.2,0.63,Immediate,61.2,4,4,1,0,0
SMMS01309,Low,1.8,90,11.4,0,82.1,0.6,This Month,50.8,1,2,1,0,0
SMMS01310,High,4.6,30,16.6,4,49.0,0.71,This Month,45.9,3,2,1,0,0
SMMS01311,Low,4.4,86,6.9,2,47.5,0.81,This Month,52.5,1,2,1,0,0
SMMS01312,Critical,8.7,10,18.9,2,72.0,0.93,Immediate,60.7,4,4,1,0,0
SMMS01313,Critical,7.1,10,20.0,1,72.6,0.86,Immediate,69.5,4,4,1,0,0
SMMS01314,High,5.4,19,23.4,2,63.9,0.76,This Month,49.0,3,2,1,0,0
SMMS01315,Low,1.8,90,22.0,2,49.6,0.79,This Month,46.3,1,2,1,0,0
SMMS01316,Low,4.8,90,8.3,2,28.6,0.88,This Month,50.1,1,2,1,0,0
SMMS01317,Medium,3.5,60,24.4,1,67.9,0.78,This Week,62.2,2,3,1,0,0
SMMS01318,Low,4.7,90,15.5,2,20.3,0.66,This Week,57.1,1,3,1,0,0
SMMS01319,Low,2.7,90,16.5,1,15.9,0.68,This Month,53.9,1,2,1,0,0
SMMS01320,High,10.1,7,3.7,1,33.4,0.74,This Month,44.9,3,2,1,0,0
SMMS01321,Low,5.4,30,2.1,1,27.1,0.75,Programmed,26.2,1,1,1,0,0
SMMS01322,Low,2.9,90,11.7,2,19.8,0.92,This Month,53.9,1,2,1,0,0
SMMS01323,Low,4.0,90,18.0,0,18.9,0.83,This Month,54.8,1,2,1,0,0
SMMS01324,Low,7.2,90,9.1,1,33.9,0.58,This Month,45.0,1,2,1,0,0
SMMS01325,Medium,5.1,46,11.8,4,79.3,0.74,This Week,56.8,2,3,1,0,0
SMMS01326,High,6.8,30,10.6,0,51.8,0.8,This Month,52.0,3,2,1,0,0
SMMS01327,Medium,4.7,60,3.8,2,34.4,0.74,This Month,44.9,2,2,1,0,0
SMMS01328,Low,1.2,90,22.5,0,48.8,0.61,This Month,50.7,1,2,1,0,0
SMMS01329,High,7.0,30,3.0,0,29.2,0.69,This Month,48.6,3,2,1,0,0
SMMS01330,Low,3.8,0,7.4,2,20.3,0.99,Programmed,18.9,1,1,1,0,0
SMMS01331,High,10.1,30,22.7,3,59.9,0.71,This Week,67.0,3,3,1,0,0
SMMS01332,Critical,5.5,10,9.2,0,46.9,0.76,Immediate,56.3,4,4,1,0,0
SMMS01333,Low,6.3,90,13.7,5,36.1,0.88,This Week,58.5,1,3,1,0,0
SMMS01334,High,6.5,30,10.1,1,37.7,0.59,This Month,52.8,3,2,1,0,0
SMMS01335,High,4.7,30,11.8,4,29.9,0.85,This Month,54.5,3,2,1,0,0
SMMS01336,Medium,3.8,60,20.1,2,57.2,0.66,This Week,57.0,2,3,1,0,0
SMMS01337,Medium,3.0,60,1.4,2,35.8,0.82,This Month,48.1,2,2,1,0,0
SMMS01338,Low,5.3,90,23.5,2,34.0,0.77,This Week,57.4,1,3,1,0,0
SMMS01339,High,5.1,30,17.0,2,95.2,0.73,This Month,50.7,3,2,1,0,0
SMMS01340,Low,3.7,90,9.9,0,33.4,0.76,This Month,53.9,1,2,1,0,0
SMMS01341,Critical,5.4,10,21.6,2,40.9,0.9,Immediate,64.8,4,4,1,0,0
SMMS01342,Low,4.2,42,24.2,3,56.4,0.81,This Month,46.1,1,2,1,0,0
SMMS01343,Medium,8.8,60,2.5,0,56.4,0.68,This Month,46.9,2,2,1,0,0
SMMS01344,Medium,5.8,60,24.9,1,31.5,0.69,This Week,59.8,2,3,1,0,0
SMMS01345,High,5.6,30,6.0,0,58.2,0.59,This Month,51.7,3,2,1,0,0
SMMS01346,Low,8.2,11,12.6,1,17.0,0.87,Programmed,26.8,1,1,1,0,0
SMMS01347,High,7.1,30,6.0,1,67.8,0.71,This Month,50.3,3,2,1,0,0
SMMS01348,High,4.6,30,6.1,1,41.3,0.79,This Week,56.8,3,3,1,0,0
SMMS01349,Medium,7.9,17,17.2,4,28.3,0.99,This Month,48.6,2,2,1,0,0
SMMS01350,Medium,4.7,60,11.5,1,36.4,0.75,This Month,51.8,2,2,1,0,0
SMMS01351,High,8.3,0,14.1,1,31.7,0.91,This Month,46.2,3,2,1,0,0
SMMS01352,Medium,1.7,60,10.3,2,41.2,0.71,This Month,51.1,2,2,1,0,0
SMMS01353,Low,5.6,90,24.1,1,33.9,0.69,This Month,49.2,1,2,1,0,0
SMMS01354,Medium,1.1,60,4.6,0,30.5,0.77,This Month,47.3,2,2,1,0,0
SMMS01355,Medium,4.9,60,4.9,0,40.5,0.7,This Month,44.4,2,2,1,0,0
SMMS01356,Medium,7.5,60,15.2,3,46.2,0.64,This Month,54.7,2,2,1,0,0
SMMS01357,Low,6.5,90,24.9,0,44.7,0.77,This Week,62.1,1,3,1,0,0
SMMS01358,Low,5.0,90,9.2,4,58.5,0.67,This Month,52.0,1,2,1,0,0
SMMS01359,Medium,4.4,1,6.4,2,37.3,0.88,Programmed,28.6,2,1,1,0,0
SMMS01360,Medium,5.5,60,24.7,6,57.0,0.82,This Week,62.7,2,3,1,0,0
SMMS01361,Medium,6.5,0,2.5,0,27.4,0.7,Programmed,31.4,2,1,1,0,0
SMMS01362,Critical,5.2,10,21.1,1,72.9,0.84,Immediate,54.6,4,4,1,0,0
SMMS01363,High,5.1,30,3.9,1,68.0,0.7,This Week,55.7,3,3,1,0,0
SMMS01364,Medium,8.3,60,18.7,3,29.5,0.97,This Week,60.5,2,3,1,0,0
SMMS01365,Low,3.2,0,1.4,2,22.3,0.89,Programmed,25.1,1,1,1,0,0
SMMS01366,High,9.6,30,1.6,1,74.2,0.83,This Month,51.3,3,2,1,0,0
SMMS01367,Medium,5.5,60,17.2,0,21.7,0.71,This Week,56.1,2,3,1,0,0
SMMS01368,Critical,6.9,10,13.0,1,42.6,0.8,Immediate,61.0,4,4,1,0,0
SMMS01369,Low,4.5,90,9.7,0,32.2,0.53,This Month,54.7,1,2,1,0,0
SMMS01370,High,7.7,30,7.0,1,41.6,0.55,This Month,47.9,3,2,1,0,0
SMMS01371,Medium,3.4,60,7.0,0,31.9,0.81,This Month,47.7,2,2,1,0,0
SMMS01372,Medium,2.5,52,8.9,3,82.2,0.66,This Week,56.9,2,3,1,0,0
SMMS01373,High,5.4,30,2.9,1,65.8,0.75,This Month,51.5,3,2,1,0,0
SMMS01374,Medium,4.3,46,19.8,1,41.2,0.5,This Week,57.7,2,3,1,0,0
SMMS01375,Low,3.7,90,1.6,3,27.2,0.66,This Month,46.3,1,2,1,0,0
SMMS01376,Low,7.1,90,3.4,1,48.9,0.59,This Month,48.0,1,2,1,0,0
SMMS01377,Low,3.3,90,18.6,1,28.0,0.72,This Month,54.6,1,2,1,0,0
SMMS01378,Low,5.1,0,23.2,1,30.5,0.91,Programmed,22.6,1,1,1,0,0
SMMS01379,High,5.8,30,21.0,3,81.1,0.78,This Month,50.8,3,2,1,0,0
SMMS01380,Low,4.6,90,12.0,4,79.9,0.89,This Month,51.1,1,2,1,0,0
SMMS01381,Medium,7.5,60,7.2,3,68.4,0.8,This Month,48.6,2,2,1,0,0
SMMS01382,Medium,3.5,60,8.1,0,40.1,0.61,This Month,46.3,2,2,1,0,0
SMMS01383,High,11.1,30,23.6,2,40.9,0.85,This Week,57.7,3,3,1,0,0
SMMS01384,Low,2.7,41,19.4,3,38.5,0.9,This Month,41.5,1,2,1,0,0
SMMS01385,High,6.0,30,24.3,1,51.3,0.68,This Week,61.5,3,3,1,0,0
SMMS01386,Critical,6.2,10,18.3,0,39.7,0.7,Immediate,61.1,4,4,1,0,0
SMMS01387,Low,4.1,90,18.0,2,26.9,0.54,This Week,56.4,1,3,1,0,0
SMMS01388,Medium,0.8,60,9.2,1,38.4,0.8,This Month,47.5,2,2,1,0,0
SMMS01389,Low,6.8,90,14.9,1,30.9,0.87,This Month,44.5,1,2,1,0,0
SMMS01390,Medium,4.5,56,8.9,2,62.1,0.79,This Month,43.2,2,2,1,0,0
SMMS01391,Medium,7.5,60,5.3,4,33.7,0.74,This Month,54.9,2,2,1,0,0
SMMS01392,Medium,5.7,60,14.4,2,37.7,0.67,This Week,57.7,2,3,1,0,0
SMMS01393,Medium,6.3,60,22.0,3,58.6,0.81,This Week,56.1,2,3,1,0,0
SMMS01394,Low,2.6,12,3.7,0,23.9,0.63,Programmed,22.8,1,1,1,0,0
SMMS01395,Critical,8.0,10,19.9,4,44.6,0.83,Immediate,60.0,4,4,1,0,0
SMMS01396,Medium,6.0,60,1.3,1,33.8,0.61,This Month,45.2,2,2,1,0,0
SMMS01397,High,7.0,30,4.6,1,68.9,0.69,This Month,52.1,3,2,1,0,0
SMMS01398,High,3.3,30,11.1,3,38.4,0.7,This Week,58.6,3,3,1,0,0
SMMS01399,Medium,6.0,60,24.4,3,20.2,0.75,This Month,52.9,2,2,1,0,0
SMMS01400,Low,7.5,0,6.6,2,18.8,0.99,Programmed,22.4,1,1,1,0,0
SMMS01401,Medium,3.6,53,23.7,0,23.3,0.6,This Month,46.9,2,2,1,0,0
SMMS01402,Medium,7.1,60,15.5,0,53.2,0.71,This Month,45.4,2,2,1,0,0
SMMS01403,High,7.2,30,13.1,2,54.9,0.79,This Month,52.5,3,2,1,0,0
SMMS01404,Medium,3.7,60,24.6,3,30.0,0.79,This Week,67.2,2,3,1,0,0
SMMS01405,Medium,2.1,9,13.8,0,31.1,0.81,This Month,41.4,2,2,1,0,0
SMMS01406,Medium,4.4,60,18.3,1,24.6,0.76,This Week,59.4,2,3,1,0,0
SMMS01407,Medium,7.0,60,23.9,1,58.7,0.72,This Month,52.6,2,2,1,0,0
SMMS01408,High,8.1,30,8.6,1,64.6,0.75,This Month,54.7,3,2,1,0,0
SMMS01409,High,5.4,30,4.3,1,40.6,0.68,This Month,46.3,3,2,1,0,0
SMMS01410,Low,3.5,90,7.7,0,17.4,0.72,This Month,49.6,1,2,1,0,0
SMMS01411,Low,3.4,90,4.1,1,28.4,0.65,This Month,42.1,1,2,1,0,0
SMMS01412,Medium,4.4,0,10.0,4,29.8,0.83,This Month,44.5,2,2,1,0,0
SMMS01413,Low,3.4,11,11.3,0,23.3,0.7,Programmed,27.1,1,1,1,0,0
SMMS01414,Medium,6.7,60,24.6,3,56.4,0.85,This Month,54.9,2,2,1,0,0
SMMS01415,Critical,10.5,10,21.5,1,50.0,0.66,Immediate,68.0,4,4,1,0,0
SMMS01416,Medium,4.0,60,5.7,2,31.9,0.88,This Week,57.0,2,3,1,0,0
SMMS01417,High,10.2,30,15.8,4,62.3,0.89,This Week,61.6,3,3,1,0,0
SMMS01418,Medium,6.9,60,19.7,1,28.9,0.77,This Month,54.5,2,2,1,0,0
SMMS01419,High,6.6,30,1.6,0,32.3,0.78,This Month,50.3,3,2,1,0,0
SMMS01420,Medium,2.6,60,6.6,2,62.1,0.72,This Month,51.6,2,2,1,0,0
SMMS01421,High,9.8,30,10.8,1,38.4,0.79,This Month,49.5,3,2,1,0,0
SMMS01422,Critical,8.4,4,4.6,3,52.9,0.73,Immediate,49.9,4,4,1,0,0
SMMS01423,Critical,10.0,10,20.6,2,40.0,0.81,Immediate,65.1,4,4,1,0,0
SMMS01424,Low,4.9,90,5.5,2,19.5,0.77,This Month,52.6,1,2,1,0,0
SMMS01425,Low,5.4,90,7.7,1,43.8,0.56,This Month,54.5,1,2,1,0,0
SMMS01426,Critical,9.5,10,9.4,2,35.8,0.87,Immediate,61.0,4,4,1,0,0
SMMS01427,High,5.6,30,15.5,0,35.8,0.64,This Week,59.5,3,3,1,0,0
SMMS01428,Critical,8.4,10,8.1,4,35.7,0.78,Immediate,61.3,4,4,1,0,0
SMMS01429,Medium,5.3,60,17.5,3,55.6,0.7,This Week,57.7,2,3,1,0,0
SMMS01430,Low,2.7,0,10.9,1,19.7,0.91,Programmed,22.7,1,1,1,0,0
SMMS01431,Medium,3.9,60,13.1,2,35.2,0.7,This Month,52.1,2,2,1,0,0
SMMS01432,Critical,10.4,10,7.3,2,76.8,0.82,Immediate,59.5,4,4,1,0,0
SMMS01433,Low,1.8,90,17.2,2,32.6,0.64,This Week,55.0,1,3,1,0,0
SMMS01434,Medium,4.0,60,3.7,2,54.8,0.79,This Week,57.8,2,3,1,0,0
SMMS01435,Low,3.5,90,5.7,3,17.6,0.72,This Month,50.8,1,2,1,0,0
SMMS01436,Medium,3.9,60,24.7,1,55.9,0.73,This Week,56.7,2,3,1,0,0
SMMS01437,Medium,4.9,55,23.3,1,55.8,0.65,This Month,53.3,2,2,1,0,0
SMMS01438,High,6.6,30,15.4,2,44.5,0.9,This Week,60.4,3,3,1,0,0
SMMS01439,High,5.0,30,1.9,0,30.0,0.6,This Month,46.9,3,2,1,0,0
SMMS01440,High,5.2,30,24.3,4,44.4,0.74,This Week,61.9,3,3,1,0,0
SMMS01441,Medium,6.8,60,19.8,1,39.9,0.69,This Month,52.8,2,2,1,0,0
SMMS01442,Low,2.4,90,11.7,4,57.5,0.67,This Month,52.8,1,2,1,0,0
SMMS01443,High,5.4,30,6.1,2,72.0,0.87,This Month,49.1,3,2,1,0,0
SMMS01444,Medium,8.1,60,17.9,2,26.1,0.89,This Month,52.1,2,2,1,0,0
SMMS01445,High,6.9,30,9.1,1,35.7,0.72,This Month,51.2,3,2,1,0,0
SMMS01446,Low,5.4,43,21.2,3,52.5,0.75,Programmed,33.9,1,1,1,0,0
SMMS01447,Critical,10.2,10,16.1,1,33.1,0.72,Immediate,60.9,4,4,1,0,0
SMMS01448,Medium,3.5,60,8.1,3,27.6,0.79,This Month,49.8,2,2,1,0,0
SMMS01449,Critical,7.5,10,17.6,2,62.4,0.99,Immediate,63.6,4,4,1,0,0
SMMS01450,Low,2.5,90,23.4,2,51.7,0.8,This Week,56.1,1,3,1,0,0
SMMS01451,Low,4.2,42,13.4,2,44.6,0.76,This Month,42.1,1,2,1,0,0
SMMS01452,High,6.2,30,14.0,0,34.3,0.78,This Month,54.6,3,2,1,0,0
SMMS01453,Medium,5.2,60,18.9,1,55.4,0.6,This Week,56.0,2,3,1,0,0
SMMS01454,High,6.4,30,17.0,1,68.2,0.72,This Week,58.8,3,3,1,0,0
SMMS01455,Medium,5.2,60,15.2,4,31.0,0.74,This Week,56.3,2,3,1,0,0
SMMS01456,Low,7.1,90,13.3,2,30.8,0.71,This Month,52.3,1,2,1,0,0
SMMS01457,Medium,4.3,5,6.1,2,31.6,0.84,This Month,35.7,2,2,1,0,0
SMMS01458,Low,6.1,0,22.8,0,21.4,0.87,Programmed,29.3,1,1,1,0,0
SMMS01459,Medium,5.2,60,24.7,0,27.9,0.61,This Week,60.5,2,3,1,0,0
SMMS01460,Medium,4.0,60,11.9,0,23.4,0.81,This Month,49.3,2,2,1,0,0
SMMS01461,Medium,4.0,60,19.2,4,64.3,0.8,This Month,52.4,2,2,1,0,0
SMMS01462,Low,2.5,0,14.0,1,16.1,0.65,Programmed,34.1,1,1,1,0,0
SMMS01463,Critical,7.6,10,6.5,1,34.1,0.78,Immediate,59.7,4,4,1,0,0
SMMS01464,Critical,6.3,10,11.6,2,41.0,0.75,Immediate,61.2,4,4,1,0,0
SMMS01465,Low,2.9,90,24.0,7,51.3,0.7,This Week,56.4,1,3,1,0,0
SMMS01466,High,7.3,30,4.3,1,66.2,0.58,This Month,46.1,3,2,1,0,0
SMMS01467,High,6.5,22,2.3,0,32.6,0.72,This Month,45.2,3,2,1,0,0
SMMS01468,Low,3.8,90,18.8,4,41.8,0.75,This Week,58.4,1,3,1,0,0
SMMS01469,High,11.7,30,8.4,0,29.6,0.58,This Month,49.4,3,2,1,0,0
SMMS01470,Medium,4.1,60,19.3,1,62.7,0.74,This Month,52.2,2,2,1,0,0
SMMS01471,High,7.1,30,15.5,2,26.6,0.68,This Week,55.8,3,3,1,0,0
SMMS01472,Critical,5.6,10,20.0,3,93.5,0.99,Immediate,63.5,4,4,1,0,0
SMMS01473,Low,6.3,90,24.5,1,29.6,0.62,This Week,56.5,1,3,1,0,0
SMMS01474,Low,4.7,73,8.1,0,49.8,0.74,This Month,41.5,1,2,1,0,0
SMMS01475,Low,3.5,90,14.0,2,30.1,0.76,This Week,56.3,1,3,1,0,0
SMMS01476,High,6.3,30,8.6,1,51.2,0.66,This Month,51.5,3,2,1,0,0
SMMS01477,Medium,5.6,18,6.1,2,26.7,0.83,This Month,37.2,2,2,1,0,0
SMMS01478,High,5.7,30,14.6,4,59.7,0.73,This Month,54.7,3,2,1,0,0
SMMS01479,Medium,3.2,60,9.1,1,55.1,0.63,This Month,52.3,2,2,1,0,0
SMMS01480,High,10.4,30,1.2,1,35.0,0.5,This Month,40.7,3,2,1,0,0
SMMS01481,Low,5.2,90,21.9,4,23.6,0.78,This Week,56.9,1,3,1,0,0
SMMS01482,Medium,5.5,60,2.4,0,30.7,0.54,This Month,52.3,2,2,1,0,0
SMMS01483,High,4.7,30,20.6,1,39.2,0.77,This Month,54.4,3,2,1,0,0
SMMS01484,Critical,6.9,10,14.8,2,38.1,0.9,Immediate,61.0,4,4,1,0,0
SMMS01485,High,3.9,30,24.6,2,33.8,0.9,This Month,54.3,3,2,1,0,0
SMMS01486,Medium,3.0,60,24.7,1,69.6,0.58,This Week,57.8,2,3,1,0,0
SMMS01487,Medium,2.9,60,20.7,1,52.9,0.67,This Week,56.1,2,3,1,0,0
SMMS01488,Low,8.2,90,20.4,1,63.5,0.69,This Month,48.2,1,2,1,0,0
SMMS01489,Low,4.2,82,11.7,1,32.7,0.7,This Month,41.9,1,2,1,0,0
SMMS01490,Low,1.8,90,12.4,1,48.6,0.66,This Month,51.5,1,2,1,0,0
SMMS01491,Medium,6.0,60,10.2,1,19.8,0.65,This Month,49.7,2,2,1,0,0
SMMS01492,Medium,5.7,60,16.0,3,50.3,0.69,This Week,56.2,2,3,1,0,0
SMMS01493,Low,2.0,90,17.3,0,20.7,0.71,This Month,48.7,1,2,1,0,0
SMMS01494,High,5.8,29,4.7,1,65.9,0.83,This Month,51.4,3,2,1,0,0
SMMS01495,Medium,3.9,60,7.8,1,34.9,0.76,This Month,42.4,2,2,1,0,0
SMMS01496,Low,7.9,8,6.0,1,44.2,0.67,Programmed,15.2,1,1,1,0,0
SMMS01497,High,8.3,30,17.7,4,60.8,0.9,This Week,58.3,3,3,1,0,0
SMMS01498,Low,5.7,0,19.8,0,28.0,0.72,Programmed,18.8,1,1,1,0,0
SMMS01499,Medium,7.9,60,13.6,3,33.4,0.63,This Month,52.0,2,2,1,0,0
SMMS01500,Medium,5.1,60,14.2,2,80.0,0.82,This Month,53.0,2,2,1,0,0
SMMS01501,High,9.6,30,11.5,1,62.4,0.54,This Week,55.4,3,3,1,0,0
SMMS01502,Critical,8.1,10,14.4,1,59.2,0.69,Immediate,68.3,4,4,1,0,0
SMMS01503,High,7.6,30,1.5,1,41.7,0.63,This Month,53.6,3,2,1,0,0
SMMS01504,High,5.6,30,22.7,1,34.2,0.66,This Week,57.8,3,3,1,0,0
SMMS01505,Medium,3.2,60,19.2,2,52.9,0.73,This Month,54.5,2,2,1,0,0
SMMS01506,High,7.5,23,12.0,2,36.8,0.81,This Week,56.8,3,3,1,0,0
SMMS01507,Medium,6.5,60,22.0,4,59.8,0.76,This Week,62.4,2,3,1,0,0
SMMS01508,Low,5.3,36,2.1,2,21.8,0.86,This Month,40.2,1,2,1,0,0
SMMS01509,Medium,5.8,0,19.5,2,58.6,0.87,This Month,37.6,2,2,1,0,0
SMMS01510,High,4.4,30,23.1,1,89.0,0.81,This Week,65.2,3,3,1,0,0
SMMS01511,Medium,6.1,60,7.5,1,53.2,0.76,This Month,53.5,2,2,1,0,0
SMMS01512,Low,3.8,0,12.7,4,27.5,0.87,Programmed,31.0,1,1,1,0,0
SMMS01513,Critical,8.3,10,8.6,0,37.4,0.86,Immediate,60.0,4,4,1,0,0
SMMS01514,High,9.5,30,4.4,0,60.5,0.65,This Week,56.0,3,3,1,0,0
SMMS01515,Low,5.4,90,4.3,0,23.4,0.6,This Month,52.6,1,2,1,0,0
SMMS01516,Critical,12.6,10,14.8,0,38.7,0.67,Immediate,61.0,4,4,1,0,0
SMMS01517,Medium,5.3,60,11.4,3,33.4,0.64,This Month,52.8,2,2,1,0,0
SMMS01518,Low,3.3,90,1.3,0,52.0,0.66,This Month,45.0,1,2,1,0,0
SMMS01519,Medium,6.0,60,1.8,2,69.6,0.55,This Month,50.3,2,2,1,0,0
SMMS01520,Medium,3.7,60,23.3,2,84.6,0.82,This Month,44.6,2,2,1,0,0
SMMS01521,Low,2.8,0,4.5,0,57.0,0.73,Programmed,16.7,1,1,1,0,0
SMMS01522,Low,3.3,90,24.1,1,49.6,0.78,This Month,51.0,1,2,1,0,0
SMMS01523,Critical,8.7,10,6.2,0,44.1,0.74,Immediate,50.0,4,4,1,0,0
SMMS01524,High,6.6,30,9.6,1,42.6,0.75,This Month,48.9,3,2,1,0,0
SMMS01525,High,5.6,30,14.4,2,62.5,0.9,This Month,51.8,3,2,1,0,0
SMMS01526,Medium,4.0,60,15.6,0,57.2,0.53,This Month,54.1,2,2,1,0,0
SMMS01527,High,8.2,30,24.6,2,48.6,0.67,This Week,55.0,3,3,1,0,0
SMMS01528,High,4.6,30,12.7,4,69.9,0.73,This Month,50.6,3,2,1,0,0
SMMS01529,Medium,2.8,60,23.5,1,56.4,0.65,This Week,55.7,2,3,1,0,0
SMMS01530,Low,4.3,19,4.6,1,20.1,0.86,Programmed,28.0,1,1,1,0,0
SMMS01531,High,12.5,30,11.1,0,62.7,0.62,This Month,50.4,3,2,1,0,0
SMMS01532,Critical,5.5,10,7.0,0,41.4,0.72,Immediate,55.3,4,4,1,0,0
SMMS01533,Low,4.0,90,21.8,1,31.0,0.74,This Week,57.1,1,3,1,0,0
SMMS01534,Low,2.8,90,10.9,0,21.1,0.56,This Week,56.1,1,3,1,0,0
SMMS01535,Medium,5.2,60,3.5,0,27.1,0.62,This Month,46.9,2,2,1,0,0
SMMS01536,High,5.7,30,8.1,1,92.3,0.72,This Month,53.8,3,2,1,0,0
SMMS01537,High,3.7,30,11.4,1,46.2,0.55,This Month,50.8,3,2,1,0,0
SMMS01538,Low,2.5,78,6.4,1,34.7,0.45,This Month,51.6,1,2,1,0,0
SMMS01539,Medium,3.8,60,22.6,1,26.1,0.76,This Week,60.7,2,3,1,0,0
SMMS01540,Critical,11.3,10,8.3,4,79.0,0.84,Immediate,63.5,4,4,1,0,0
SMMS01541,Medium,4.5,16,20.4,1,43.7,0.77,This Month,42.6,2,2,1,0,0
SMMS01542,Critical,8.3,10,21.6,1,37.1,0.75,Immediate,60.9,4,4,1,0,0
SMMS01543,Critical,8.0,10,2.0,0,61.7,0.71,Immediate,57.8,4,4,1,0,0
SMMS01544,High,6.3,30,5.6,1,59.4,0.59,This Week,55.6,3,3,1,0,0
SMMS01545,Medium,5.8,60,13.1,2,36.6,0.8,This Month,46.8,2,2,1,0,0
SMMS01546,Medium,4.3,60,11.3,2,61.0,0.69,This Week,55.3,2,3,1,0,0
SMMS01547,High,6.7,30,23.2,3,66.0,0.71,This Week,59.4,3,3,1,0,0
SMMS01548,High,5.1,30,19.1,1,61.1,0.75,This Week,55.2,3,3,1,0,0
SMMS01549,Medium,4.2,60,23.6,2,42.7,0.89,This Month,48.6,2,2,1,0,0
SMMS01550,Critical,10.3,10,23.0,1,47.7,0.86,Immediate,64.5,4,4,1,0,0
SMMS01551,Medium,6.1,60,19.5,1,22.6,0.7,This Week,55.1,2,3,1,0,0
SMMS01552,Low,6.6,32,18.8,4,42.4,0.8,This Month,42.1,1,2,1,0,0
SMMS01553,Medium,5.5,0,19.3,5,30.3,0.75,This Month,40.2,2,2,1,0,0
SMMS01554,Medium,7.2,60,12.0,5,95.1,0.88,This Month,51.1,2,2,1,0,0
SMMS01555,Medium,7.1,60,14.6,1,38.8,0.7,This Month,53.8,2,2,1,0,0
SMMS01556,Medium,4.2,38,15.2,3,28.9,0.91,This Month,48.2,2,2,1,0,0
SMMS01557,High,3.3,30,15.7,0,72.1,0.47,This Month,52.2,3,2,1,0,0
SMMS01558,Critical,13.4,10,22.5,0,55.5,0.75,Immediate,56.6,4,4,1,0,0
SMMS01559,Low,5.7,31,24.4,6,35.0,0.74,This Month,38.6,1,2,1,0,0
SMMS01560,Medium,4.6,60,2.9,2,38.5,0.74,This Month,47.3,2,2,1,0,0
SMMS01561,Low,3.0,68,3.7,0,52.2,0.68,This Month,44.6,1,2,1,0,0
SMMS01562,Critical,8.0,10,3.7,0,68.8,0.71,Immediate,57.5,4,4,1,0,0
SMMS01563,Low,4.9,90,5.3,1,19.1,0.66,This Month,39.8,1,2,1,0,0
SMMS01564,High,4.4,30,9.9,3,63.3,0.68,This Month,51.6,3,2,1,0,0
SMMS01565,Low,2.4,90,19.6,4,39.5,0.64,This Week,56.9,1,3,1,0,0
SMMS01566,High,8.4,30,4.5,1,70.2,0.6,This Month,53.3,3,2,1,0,0
SMMS01567,Medium,2.0,60,21.4,2,66.3,0.71,This Week,57.7,2,3,1,0,0
SMMS01568,Medium,6.8,60,15.0,3,40.3,0.88,This Week,58.2,2,3,1,0,0
SMMS01569,Medium,4.3,58,14.3,2,78.1,0.68,This Week,55.7,2,3,1,0,0
SMMS01570,High,5.4,30,19.0,3,45.8,0.79,This Month,52.5,3,2,1,0,0
SMMS01571,Medium,3.8,60,3.9,1,31.7,0.6,This Month,52.5,2,2,1,0,0
SMMS01572,High,3.9,30,14.7,1,34.8,0.71,This Month,48.9,3,2,1,0,0
SMMS01573,Medium,4.2,60,17.3,2,26.8,0.76,This Week,59.0,2,3,1,0,0
SMMS01574,Medium,5.0,60,1.1,3,76.5,0.7,This Month,50.6,2,2,1,0,0
SMMS01575,Medium,3.7,60,13.1,5,27.4,0.78,This Week,57.0,2,3,1,0,0
SMMS01576,Medium,7.7,60,15.1,0,31.9,0.74,This Month,53.6,2,2,1,0,0
SMMS01577,High,4.7,30,11.6,3,40.4,0.67,This Week,55.4,3,3,1,0,0
SMMS01578,Medium,2.7,60,10.6,3,31.8,0.84,This Month,53.5,2,2,1,0,0
SMMS01579,Low,4.9,90,4.0,0,57.3,0.64,This Month,45.8,1,2,1,0,0
SMMS01580,Medium,4.5,60,12.4,3,54.7,0.68,This Week,60.1,2,3,1,0,0
SMMS01581,Medium,7.8,60,5.5,0,20.8,0.63,This Month,50.8,2,2,1,0,0
SMMS01582,High,4.8,30,10.8,0,58.0,0.86,This Month,51.7,3,2,1,0,0
SMMS01583,High,8.5,30,23.7,2,46.3,0.89,This Month,54.0,3,2,1,0,0
SMMS01584,High,7.0,30,2.4,2,53.3,0.84,This Month,54.7,3,2,1,0,0
SMMS01585,Low,5.7,90,13.2,0,57.2,0.69,This Month,52.2,1,2,1,0,0
SMMS01586,High,3.9,30,23.4,1,34.4,0.78,This Week,58.9,3,3,1,0,0
SMMS01587,High,6.6,30,24.5,1,63.7,0.67,This Week,55.9,3,3,1,0,0
SMMS01588,Low,4.4,90,6.9,0,41.8,0.73,This Month,49.2,1,2,1,0,0
SMMS01589,Low,0.8,38,17.5,1,27.1,0.74,Programmed,27.8,1,1,1,0,0
SMMS01590,High,7.7,30,4.1,0,37.1,0.6,This Month,43.6,3,2,1,0,0
SMMS01591,Medium,4.1,60,23.2,2,44.2,0.9,This Week,57.0,2,3,1,0,0
SMMS01592,Medium,5.3,60,24.1,3,42.0,0.71,This Week,58.5,2,3,1,0,0
SMMS01593,Medium,4.9,60,6.3,4,47.7,0.89,This Month,52.2,2,2,1,0,0
SMMS01594,Medium,2.7,60,7.6,1,53.1,0.64,This Week,61.3,2,3,1,0,0
SMMS01595,Critical,6.1,10,16.8,1,62.0,0.74,Immediate,54.7,4,4,1,0,0
SMMS01596,High,6.5,30,19.5,3,70.8,0.85,This Month,49.5,3,2,1,0,0
SMMS01597,Medium,4.2,60,22.1,1,60.0,0.69,This Week,56.6,2,3,1,0,0
SMMS01598,Medium,7.2,60,16.5,1,53.0,0.59,This Month,47.8,2,2,1,0,0
SMMS01599,Critical,7.4,10,7.0,0,48.1,0.77,Immediate,57.3,4,4,1,0,0
SMMS01600,High,4.3,30,6.5,2,32.8,0.76,This Week,57.6,3,3,1,0,0
SMMS01601,Medium,6.6,0,8.9,1,30.6,0.83,Programmed,27.3,2,1,1,0,0
SMMS01602,High,6.6,30,8.3,0,31.3,0.51,This Month,53.3,3,2,1,0,0
SMMS01603,Medium,7.4,5,3.3,0,22.5,0.65,Programmed,31.9,2,1,1,0,0
SMMS01604,Critical,6.2,10,13.4,1,66.7,0.83,Immediate,62.3,4,4,1,0,0
SMMS01605,Medium,3.3,60,24.5,0,56.7,0.85,This Week,58.0,2,3,1,0,0
SMMS01606,High,5.1,30,10.6,1,35.4,0.5,This Week,56.2,3,3,1,0,0
SMMS01607,High,6.3,27,8.6,0,27.6,0.54,This Month,54.8,3,2,1,0,0
SMMS01608,Critical,7.3,10,5.7,3,70.2,0.72,Immediate,56.1,4,4,1,0,0
SMMS01609,Critical,7.1,10,6.5,1,62.6,0.89,Immediate,54.3,4,4,1,0,0
SMMS01610,High,3.3,0,11.1,2,33.6,0.99,This Month,37.4,3,2,1,0,0
SMMS01611,Medium,5.0,60,23.9,3,28.5,0.79,This Week,67.5,2,3,1,0,0
SMMS01612,Medium,5.5,60,22.4,1,32.1,0.7,This Month,53.7,2,2,1,0,0
SMMS01613,Medium,4.2,60,3.8,2,75.1,0.6,This Month,46.8,2,2,1,0,0
SMMS01614,Medium,4.8,60,3.6,1,50.2,0.7,This Month,48.5,2,2,1,0,0
SMMS01615,Medium,4.2,60,12.4,0,43.1,0.71,This Month,51.6,2,2,1,0,0
SMMS01616,Low,2.9,42,2.2,2,36.9,0.86,Programmed,34.4,1,1,1,0,0
SMMS01617,Low,5.3,0,4.4,0,29.5,0.86,Programmed,24.6,1,1,1,0,0
SMMS01618,Low,2.8,90,10.7,1,28.7,0.72,This Month,47.6,1,2,1,0,0
SMMS01619,Low,2.6,90,24.1,3,54.6,0.74,This Week,62.5,1,3,1,0,0
SMMS01620,Medium,6.0,60,3.1,1,34.0,0.69,This Month,44.6,2,2,1,0,0
SMMS01621,Low,3.3,90,17.9,6,34.8,0.74,This Week,55.5,1,3,1,0,0
SMMS01622,High,8.8,30,2.0,0,40.5,0.69,This Month,50.1,3,2,1,0,0
SMMS01623,High,4.6,30,13.6,1,30.6,0.65,This Week,58.9,3,3,1,0,0
SMMS01624,Critical,9.8,10,16.7,1,38.5,0.69,Immediate,58.7,4,4,1,0,0
SMMS01625,Low,5.4,90,3.1,1,17.2,0.72,This Month,52.1,1,2,1,0,0
SMMS01626,High,5.6,30,12.6,0,68.3,0.78,This Month,48.7,3,2,1,0,0
SMMS01627,High,7.9,30,17.4,1,72.2,0.8,This Week,62.0,3,3,1,0,0
SMMS01628,Medium,6.1,0,2.6,1,58.1,0.91,This Month,37.5,2,2,1,0,0
SMMS01629,Medium,5.8,60,3.6,1,30.2,0.59,This Month,45.4,2,2,1,0,0
SMMS01630,Critical,7.9,10,20.6,1,75.0,0.78,Immediate,67.5,4,4,1,0,0
SMMS01631,High,10.0,30,21.6,4,44.5,0.82,This Week,58.4,3,3,1,0,0
SMMS01632,Low,4.0,90,22.8,4,25.4,0.78,This Week,59.7,1,3,1,0,0
SMMS01633,Medium,2.3,60,23.1,2,36.0,0.75,This Week,61.6,2,3,1,0,0
SMMS01634,Critical,8.9,10,22.2,1,51.8,0.63,Immediate,61.5,4,4,1,0,0
SMMS01635,High,4.3,30,24.4,6,58.0,0.74,This Week,63.4,3,3,1,0,0
SMMS01636,High,7.1,0,11.0,3,45.4,0.93,This Month,45.4,3,2,1,0,0
SMMS01637,Medium,6.3,60,20.4,3,33.2,0.77,This Month,54.5,2,2,1,0,0
SMMS01638,Medium,5.6,60,22.1,1,25.6,0.8,This Month,47.8,2,2,1,0,0
SMMS01639,Medium,3.6,60,15.8,2,58.1,0.83,This Week,61.2,2,3,1,0,0
SMMS01640,High,8.8,30,15.5,0,58.8,0.5,This Week,56.8,3,3,1,0,0
SMMS01641,Medium,2.9,60,8.8,1,38.4,0.67,This Month,52.7,2,2,1,0,0
SMMS01642,High,5.2,30,19.9,3,36.8,0.76,This Week,57.6,3,3,1,0,0
SMMS01643,Medium,9.6,60,8.7,1,56.8,0.64,This Month,46.9,2,2,1,0,0
SMMS01644,Medium,4.8,0,16.7,1,85.0,0.92,This Month,41.2,2,2,1,0,0
SMMS01645,Low,2.1,90,21.7,2,31.3,0.85,This Week,60.5,1,3,1,0,0
SMMS01646,High,10.1,30,20.6,1,32.5,0.77,This Month,52.5,3,2,1,0,0
SMMS01647,Low,3.9,15,4.0,1,39.7,0.79,Programmed,24.7,1,1,1,0,0
SMMS01648,High,3.6,30,6.3,2,78.1,0.63,This Week,57.0,3,3,1,0,0
SMMS01649,Medium,4.2,60,12.0,4,34.9,0.76,This Week,60.4,2,3,1,0,0
SMMS01650,Low,2.9,90,1.7,0,35.3,0.68,This Month,48.3,1,2,1,0,0
SMMS01651,Medium,5.7,60,23.3,0,24.6,0.63,This Week,55.9,2,3,1,0,0
SMMS01652,High,7.1,30,4.0,1,37.1,0.7,This Month,47.7,3,2,1,0,0
SMMS01653,Medium,5.3,60,22.3,1,47.5,0.51,This Week,58.0,2,3,1,0,0
SMMS01654,High,8.5,30,11.4,3,31.7,0.97,This Week,55.8,3,3,1,0,0
SMMS01655,Low,4.7,90,23.0,1,23.9,0.61,This Month,50.4,1,2,1,0,0
SMMS01656,Medium,3.7,60,17.5,3,63.3,0.85,This Week,63.2,2,3,1,0,0
SMMS01657,Low,6.2,0,1.5,1,27.1,0.79,Programmed,22.5,1,1,1,0,0
SMMS01658,Critical,9.6,10,2.2,2,69.0,0.81,Immediate,53.9,4,4,1,0,0
SMMS01659,Medium,4.5,60,5.3,2,60.5,0.76,This Week,55.6,2,3,1,0,0
SMMS01660,Medium,8.4,60,11.2,0,32.8,0.81,This Month,49.6,2,2,1,0,0
SMMS01661,Medium,3.6,60,7.5,2,28.0,0.81,This Month,45.4,2,2,1,0,0
SMMS01662,Low,3.5,86,16.0,3,49.6,0.85,This Month,52.7,1,2,1,0,0
SMMS01663,Medium,5.1,60,25.0,4,27.4,0.87,This Week,68.7,2,3,1,0,0
SMMS01664,High,8.7,0,8.2,0,57.9,0.78,Programmed,33.2,3,1,1,0,0
SMMS01665,Critical,7.8,10,16.3,1,51.3,0.76,Immediate,54.3,4,4,1,0,0
SMMS01666,Medium,8.1,5,17.4,0,62.7,0.73,This Month,35.4,2,2,1,0,0
SMMS01667,Medium,2.2,60,12.6,1,31.4,0.63,This Month,49.9,2,2,1,0,0
SMMS01668,Low,4.0,90,18.9,1,27.4,0.74,This Month,45.9,1,2,1,0,0
SMMS01669,Medium,3.5,46,10.5,1,32.3,0.63,This Month,42.9,2,2,1,0,0
SMMS01670,Medium,9.4,47,9.5,3,26.3,0.73,This Month,43.7,2,2,1,0,0
SMMS01671,Low,1.0,90,11.5,2,52.3,0.85,This Month,49.6,1,2,1,0,0
SMMS01672,High,4.1,30,1.1,1,37.8,0.52,This Month,51.0,3,2,1,0,0
SMMS01673,Low,6.7,90,13.5,0,32.8,0.62,This Week,58.4,1,3,1,0,0
SMMS01674,Low,2.2,90,21.8,2,57.7,0.87,This Week,56.8,1,3,1,0,0
SMMS01675,High,8.5,30,17.2,4,35.5,0.75,This Week,66.2,3,3,1,0,0
SMMS01676,High,6.3,30,5.7,2,45.0,0.78,This Month,51.4,3,2,1,0,0
SMMS01677,Low,3.9,90,20.5,2,77.6,0.64,This Month,50.1,1,2,1,0,0
SMMS01678,Critical,9.9,10,11.1,3,33.9,0.93,Immediate,64.9,4,4,1,0,0
SMMS01679,Critical,7.8,10,20.7,2,72.0,0.81,Immediate,60.6,4,4,1,0,0
SMMS01680,High,7.9,30,21.5,0,55.1,0.62,This Month,48.3,3,2,1,0,0
SMMS01681,High,6.5,14,7.9,0,39.4,0.71,This Month,46.0,3,2,1,0,0
SMMS01682,Low,5.3,90,10.2,0,35.6,0.7,This Month,50.5,1,2,1,0,0
SMMS01683,High,9.9,30,22.4,1,59.9,0.83,This Week,57.3,3,3,1,0,0
SMMS01684,High,2.8,30,17.3,4,38.3,0.79,This Week,61.4,3,3,1,0,0
SMMS01685,Medium,7.6,60,8.6,1,61.1,0.63,This Month,45.9,2,2,1,0,0
SMMS01686,Low,3.3,52,22.0,4,34.8,0.81,This Month,53.6,1,2,1,0,0
SMMS01687,Medium,8.4,60,19.4,3,44.6,0.72,This Week,55.1,2,3,1,0,0
SMMS01688,Low,8.0,90,11.9,0,36.3,0.73,This Month,44.5,1,2,1,0,0
SMMS01689,Medium,6.3,60,11.8,1,64.6,0.65,This Month,54.5,2,2,1,0,0
SMMS01690,High,7.4,30,13.5,2,29.8,0.95,This Week,56.5,3,3,1,0,0
SMMS01691,Medium,2.4,60,6.6,2,56.9,0.82,This Month,51.4,2,2,1,0,0
SMMS01692,Medium,5.7,60,3.6,3,69.2,0.9,This Week,58.4,2,3,1,0,0
SMMS01693,Medium,6.3,60,23.3,2,53.6,0.86,This Week,57.6,2,3,1,0,0
SMMS01694,Medium,6.4,60,13.8,2,35.0,0.88,This Month,54.2,2,2,1,0,0
SMMS01695,High,6.2,12,2.2,4,38.8,0.71,This Month,36.7,3,2,1,0,0
SMMS01696,Low,3.4,90,22.9,2,49.9,0.75,This Week,56.1,1,3,1,0,0
SMMS01697,Medium,3.8,0,20.9,1,46.6,0.83,This Month,40.8,2,2,1,0,0
SMMS01698,Medium,3.0,60,10.9,2,31.2,0.79,This Month,51.9,2,2,1,0,0
SMMS01699,Medium,8.3,9,13.2,1,36.6,0.68,This Month,38.2,2,2,1,0,0
SMMS01700,Medium,6.2,60,17.8,1,56.0,0.72,This Week,60.2,2,3,1,0,0
SMMS01701,Low,2.3,90,12.3,2,26.0,0.63,This Month,50.8,1,2,1,0,0
SMMS01702,Medium,6.0,60,8.9,5,21.7,0.68,This Month,53.5,2,2,1,0,0
SMMS01703,Medium,4.9,60,16.6,4,54.5,0.74,This Week,57.9,2,3,1,0,0
SMMS01704,Critical,6.0,10,20.6,0,62.7,0.91,Immediate,66.7,4,4,1,0,0
SMMS01705,Low,3.7,54,15.6,3,56.3,0.66,This Month,47.2,1,2,1,0,0
SMMS01706,Low,3.2,0,3.6,0,58.5,0.69,Programmed,25.7,1,1,1,0,0
SMMS01707,High,6.8,30,18.1,6,47.6,0.9,This Week,61.6,3,3,1,0,0
SMMS01708,High,5.8,30,12.0,0,34.3,0.54,This Week,55.4,3,3,1,0,0
SMMS01709,Low,3.8,0,17.8,1,22.4,0.71,Programmed,20.8,1,1,1,0,0
SMMS01710,Medium,5.5,4,20.0,1,31.5,0.85,This Month,42.7,2,2,1,0,0
SMMS01711,Medium,2.7,49,18.1,4,38.1,0.74,This Month,50.9,2,2,1,0,0
SMMS01712,Medium,6.3,60,11.8,0,75.5,0.67,This Month,50.2,2,2,1,0,0
SMMS01713,Medium,2.9,60,5.9,1,38.4,0.81,This Month,54.0,2,2,1,0,0
SMMS01714,Low,2.2,44,13.2,1,48.6,0.73,Programmed,31.6,1,1,1,0,0
SMMS01715,High,7.2,30,4.0,3,66.1,0.76,This Month,47.4,3,2,1,0,0
SMMS01716,Medium,7.1,60,2.2,0,26.6,0.57,This Week,55.0,2,3,1,0,0
SMMS01717,Medium,4.8,60,14.6,4,37.4,0.78,This Week,55.0,2,3,1,0,0
SMMS01718,Medium,3.2,60,4.0,2,45.4,0.78,This Month,51.0,2,2,1,0,0
SMMS01719,Low,3.9,90,22.4,2,31.5,0.76,This Week,56.8,1,3,1,0,0
SMMS01720,Medium,4.4,60,20.0,3,27.3,0.75,This Week,58.2,2,3,1,0,0
SMMS01721,Low,5.8,90,24.8,1,47.0,0.68,This Month,52.4,1,2,1,0,0
SMMS01722,Low,5.4,3,8.7,0,31.5,0.75,Programmed,23.2,1,1,1,0,0
SMMS01723,Medium,5.3,60,1.9,2,64.6,0.67,This Month,53.7,2,2,1,0,0
SMMS01724,Low,7.2,26,20.1,0,28.8,0.67,This Month,36.1,1,2,1,0,0
SMMS01725,Medium,5.8,60,2.4,1,60.5,0.7,This Month,54.9,2,2,1,0,0
SMMS01726,High,6.2,30,19.2,3,54.4,0.88,This Week,59.9,3,3,1,0,0
SMMS01727,Critical,7.2,10,11.0,4,43.1,0.92,Immediate,62.2,4,4,1,0,0
SMMS01728,Medium,2.5,60,1.5,1,23.8,0.82,This Week,56.0,2,3,1,0,0
SMMS01729,High,5.6,30,4.3,1,43.9,0.59,This Month,49.2,3,2,1,0,0
SMMS01730,Critical,10.2,10,10.9,3,49.3,0.84,Immediate,67.1,4,4,1,0,0
SMMS01731,Low,3.3,90,17.1,2,26.2,0.87,This Week,56.8,1,3,1,0,0
SMMS01732,High,4.9,30,21.3,2,29.0,0.85,This Week,60.2,3,3,1,0,0
SMMS01733,Medium,6.0,60,7.9,0,87.5,0.57,This Month,51.5,2,2,1,0,0
SMMS01734,Low,2.2,0,8.9,3,31.8,0.74,Programmed,23.2,1,1,1,0,0
SMMS01735,Medium,4.6,60,17.7,4,54.0,0.73,This Week,57.3,2,3,1,0,0
SMMS01736,Critical,8.9,10,4.5,2,81.2,0.93,Immediate,54.5,4,4,1,0,0
SMMS01737,Low,1.6,90,19.4,1,47.8,0.8,This Month,52.4,1,2,1,0,0
SMMS01738,Medium,5.2,60,12.8,1,56.9,0.64,This Week,59.0,2,3,1,0,0
SMMS01739,Medium,2.1,60,21.2,4,27.0,0.61,This Week,65.0,2,3,1,0,0
SMMS01740,Critical,6.7,10,3.3,3,68.4,0.99,Immediate,57.9,4,4,1,0,0
SMMS01741,Critical,4.3,10,5.3,1,40.0,0.77,Immediate,58.3,4,4,1,0,0
SMMS01742,Medium,2.4,60,9.6,1,80.1,0.66,This Week,61.4,2,3,1,0,0
SMMS01743,Critical,8.4,10,18.9,3,82.8,0.89,Immediate,62.8,4,4,1,0,0
SMMS01744,Medium,5.4,60,12.2,1,50.8,0.8,This Week,61.1,2,3,1,0,0
SMMS01745,Medium,3.4,60,10.0,0,34.8,0.55,This Month,54.8,2,2,1,0,0
SMMS01746,High,6.9,30,9.3,1,62.0,0.62,This Month,49.2,3,2,1,0,0
SMMS01747,Medium,5.4,60,22.3,0,33.9,0.54,This Week,60.9,2,3,1,0,0
SMMS01748,High,5.4,30,18.6,3,30.0,0.69,This Week,60.4,3,3,1,0,0
SMMS01749,Medium,3.7,60,9.5,1,30.3,0.78,This Month,43.6,2,2,1,0,0
SMMS01750,Medium,7.0,60,16.1,2,60.2,0.66,This Week,55.3,2,3,1,0,0
SMMS01751,Low,5.9,90,23.4,1,21.4,0.62,This Week,55.2,1,3,1,0,0
SMMS01752,Medium,4.7,60,24.5,2,56.3,0.68,This Week,60.6,2,3,1,0,0
SMMS01753,Low,5.1,0,9.2,0,54.1,0.9,Programmed,24.3,1,1,1,0,0
SMMS01754,High,10.6,30,11.5,0,33.8,0.79,This Month,47.3,3,2,1,0,0
SMMS01755,Critical,4.8,10,9.7,2,42.4,0.84,Immediate,61.9,4,4,1,0,0
SMMS01756,Medium,7.3,44,6.4,2,32.2,0.82,This Month,43.1,2,2,1,0,0
SMMS01757,Low,2.1,90,6.2,3,18.2,0.81,This Month,54.2,1,2,1,0,0
SMMS01758,Medium,8.5,49,10.5,2,29.1,0.88,This Month,44.5,2,2,1,0,0
SMMS01759,High,9.4,30,24.5,2,26.0,0.65,This Week,58.3,3,3,1,0,0
SMMS01760,Critical,8.9,10,21.7,5,48.9,0.9,Immediate,57.2,4,4,1,0,0
SMMS01761,Medium,6.1,60,5.1,0,58.7,0.63,This Month,39.3,2,2,1,0,0
SMMS01762,High,5.1,30,11.3,1,37.7,0.76,This Week,57.5,3,3,1,0,0
SMMS01763,High,8.7,30,3.0,2,44.2,0.74,This Month,50.8,3,2,1,0,0
SMMS01764,Medium,4.5,60,3.2,0,36.5,0.57,This Month,48.1,2,2,1,0,0
SMMS01765,Low,5.6,23,16.5,3,38.1,0.65,This Month,36.3,1,2,1,0,0
SMMS01766,Critical,7.9,10,19.7,1,47.1,0.78,Immediate,62.6,4,4,1,0,0
SMMS01767,High,8.0,30,19.7,1,46.4,0.64,This Week,61.7,3,3,1,0,0
SMMS01768,Low,3.6,8,13.0,4,56.1,0.88,Programmed,29.8,1,1,1,0,0
SMMS01769,Medium,4.4,60,17.0,2,53.1,0.86,This Month,48.8,2,2,1,0,0
SMMS01770,Medium,5.2,60,5.3,1,26.8,0.69,This Month,44.0,2,2,1,0,0
SMMS01771,Critical,6.1,10,6.5,1,45.1,0.66,Immediate,60.1,4,4,1,0,0
SMMS01772,High,4.9,24,19.2,0,38.1,0.76,This Month,53.3,3,2,1,0,0
SMMS01773,Low,4.6,90,1.9,0,29.4,0.81,This Month,47.8,1,2,1,0,0
SMMS01774,Medium,4.0,60,12.8,2,56.3,0.77,This Month,53.5,2,2,1,0,0
SMMS01775,Critical,7.2,10,17.2,2,78.8,0.95,Immediate,63.7,4,4,1,0,0
SMMS01776,High,4.8,30,21.7,0,38.7,0.62,This Month,54.1,3,2,1,0,0
SMMS01777,High,5.0,30,19.7,1,27.5,0.71,This Week,56.1,3,3,1,0,0
SMMS01778,Medium,5.3,60,18.9,1,54.8,0.67,This Month,48.5,2,2,1,0,0
SMMS01779,Low,3.8,90,1.8,1,56.4,0.57,This Month,49.0,1,2,1,0,0
SMMS01780,Medium,5.6,60,6.1,2,56.8,0.8,This Week,56.6,2,3,1,0,0
SMMS01781,High,8.2,30,16.7,3,42.4,0.81,This Month,49.7,3,2,1,0,0
SMMS01782,Medium,6.0,0,10.2,1,37.7,0.92,Programmed,31.8,2,1,1,0,0
SMMS01783,Medium,6.2,60,11.0,1,47.1,0.52,This Month,43.1,2,2,1,0,0
SMMS01784,Low,3.9,90,11.7,3,19.7,0.72,This Month,54.5,1,2,1,0,0
SMMS01785,Low,4.3,90,6.8,3,15.6,0.72,This Week,56.0,1,3,1,0,0
SMMS01786,Low,4.7,90,11.3,0,29.5,0.53,This Week,58.3,1,3,1,0,0
SMMS01787,Medium,4.8,60,24.4,2,23.7,0.73,This Week,61.4,2,3,1,0,0
SMMS01788,High,5.3,30,12.1,1,57.1,0.62,This Week,57.9,3,3,1,0,0
SMMS01789,Medium,5.3,60,21.4,3,44.9,0.78,This Week,64.1,2,3,1,0,0
SMMS01790,High,7.8,30,21.3,3,40.9,0.85,This Week,62.9,3,3,1,0,0
SMMS01791,Medium,5.3,60,1.9,2,33.0,0.77,This Month,43.8,2,2,1,0,0
SMMS01792,Low,4.6,0,2.3,3,59.1,0.65,Programmed,24.2,1,1,1,0,0
SMMS01793,High,3.6,30,23.4,2,41.6,0.82,This Week,57.5,3,3,1,0,0
SMMS01794,Critical,8.0,10,10.4,0,61.8,0.79,Immediate,53.1,4,4,1,0,0
SMMS01795,Low,4.4,90,7.9,1,41.8,0.52,This Month,48.1,1,2,1,0,0
SMMS01796,Low,2.1,90,8.1,3,57.6,0.85,This Month,51.5,1,2,1,0,0
SMMS01797,High,4.8,10,1.9,0,44.8,0.91,This Month,38.2,3,2,1,0,0
SMMS01798,Medium,3.3,60,24.1,1,30.3,0.7,This Month,52.5,2,2,1,0,0
SMMS01799,Low,3.7,69,4.8,1,25.0,0.77,This Month,42.9,1,2,1,0,0
SMMS01800,High,6.4,30,10.7,5,40.3,0.82,This Week,58.2,3,3,1,0,0
SMMS01801,High,5.0,30,23.0,4,66.7,0.81,This Month,52.1,3,2,1,0,0
SMMS01802,Medium,7.1,0,17.6,0,62.5,0.8,This Month,37.1,2,2,1,0,0
SMMS01803,Low,4.7,90,21.5,1,51.1,0.79,This Month,53.3,1,2,1,0,0
SMMS01804,Medium,4.9,55,24.4,1,51.5,0.57,This Month,51.9,2,2,1,0,0
SMMS01805,Low,3.8,90,1.3,1,23.4,0.64,This Month,50.8,1,2,1,0,0
SMMS01806,Medium,1.3,60,11.3,0,52.3,0.66,This Month,52.4,2,2,1,0,0
SMMS01807,Low,6.4,90,22.1,3,57.9,0.77,This Week,62.7,1,3,1,0,0
SMMS01808,Medium,7.9,60,15.0,0,54.4,0.76,This Month,43.7,2,2,1,0,0
SMMS01809,Critical,6.4,10,11.2,1,69.2,0.81,Immediate,55.3,4,4,1,0,0
SMMS01810,Low,4.4,90,18.6,1,28.7,0.61,This Month,54.0,1,2,1,0,0
SMMS01811,Medium,7.9,60,3.4,2,30.5,0.93,This Month,51.3,2,2,1,0,0
SMMS01812,Medium,5.9,60,4.3,1,49.6,0.84,This Month,51.6,2,2,1,0,0
SMMS01813,High,5.0,30,1.4,2,35.9,0.88,This Month,54.7,3,2,1,0,0
SMMS01814,High,5.0,1,20.8,1,65.8,0.98,This Month,46.4,3,2,1,0,0
SMMS01815,Medium,8.3,60,18.0,1,57.2,0.7,This Week,59.9,2,3,1,0,0
SMMS01816,Medium,7.5,60,19.5,2,56.3,0.7,This Week,55.2,2,3,1,0,0
SMMS01817,Low,2.8,90,11.0,1,19.7,0.52,This Month,46.4,1,2,1,0,0
SMMS01818,Critical,9.0,10,11.1,0,79.4,0.59,Immediate,61.8,4,4,1,0,0
SMMS01819,Medium,3.7,46,7.5,2,32.1,0.76,This Month,51.6,2,2,1,0,0
SMMS01820,Medium,5.5,25,5.0,0,60.5,0.61,This Month,39.7,2,2,1,0,0
SMMS01821,Medium,6.3,60,19.1,2,20.1,0.79,This Month,54.4,2,2,1,0,0
SMMS01822,Low,4.5,78,2.3,1,18.7,0.72,This Month,43.7,1,2,1,0,0
SMMS01823,Critical,8.6,10,21.3,1,50.2,0.77,Immediate,62.8,4,4,1,0,0
SMMS01824,Medium,7.2,60,1.1,0,24.8,0.66,This Month,50.4,2,2,1,0,0
SMMS01825,Medium,7.0,60,9.0,1,33.3,0.67,This Month,52.8,2,2,1,0,0
SMMS01826,Medium,6.7,60,11.2,1,50.7,0.74,This Month,46.6,2,2,1,0,0
SMMS01827,Low,3.8,48,23.6,2,53.8,0.83,This Month,42.6,1,2,1,0,0
SMMS01828,Low,0.8,90,4.2,0,61.5,0.66,This Month,53.9,1,2,1,0,0
SMMS01829,Low,5.3,90,13.6,0,27.3,0.68,This Month,50.0,1,2,1,0,0
SMMS01830,Low,6.6,90,20.1,3,17.2,0.72,This Week,64.2,1,3,1,0,0
SMMS01831,Low,3.2,90,3.3,0,15.3,0.54,This Month,53.2,1,2,1,0,0
SMMS01832,Medium,6.4,60,10.5,1,42.7,0.55,This Week,56.2,2,3,1,0,0
SMMS01833,Critical,10.5,10,2.1,0,43.2,0.87,Immediate,56.7,4,4,1,0,0
SMMS01834,Medium,2.8,60,10.6,2,41.9,0.74,This Month,50.3,2,2,1,0,0
SMMS01835,Critical,6.4,10,6.4,2,81.5,0.88,Immediate,54.8,4,4,1,0,0
SMMS01836,Medium,6.0,60,2.6,2,92.3,0.76,This Month,43.0,2,2,1,0,0
SMMS01837,Medium,6.2,60,5.0,0,42.4,0.65,This Month,49.2,2,2,1,0,0
SMMS01838,Medium,4.5,60,3.3,1,31.4,0.8,This Month,41.3,2,2,1,0,0
SMMS01839,Low,2.5,74,17.6,2,25.8,0.75,This Month,54.2,1,2,1,0,0
SMMS01840,High,7.9,30,7.7,1,54.9,0.61,This Month,50.5,3,2,1,0,0
SMMS01841,Low,1.2,90,13.4,1,50.3,0.71,This Month,52.9,1,2,1,0,0
SMMS01842,Low,4.9,90,2.0,1,15.5,0.64,This Month,51.7,1,2,1,0,0
SMMS01843,Medium,5.6,60,22.1,3,94.0,0.61,This Week,56.2,2,3,1,0,0
SMMS01844,High,11.9,5,19.4,3,32.0,0.92,This Month,52.4,3,2,1,0,0
SMMS01845,Low,7.5,90,24.2,3,59.1,0.91,This Month,46.8,1,2,1,0,0
SMMS01846,High,6.5,30,21.5,1,34.5,0.74,This Week,55.9,3,3,1,0,0
SMMS01847,Low,6.3,90,23.4,2,29.6,0.65,This Week,62.6,1,3,1,0,0
SMMS01848,Medium,5.4,60,13.6,3,49.7,0.85,This Month,50.2,2,2,1,0,0
SMMS01849,Low,4.5,90,20.2,2,30.8,0.86,This Month,54.2,1,2,1,0,0
SMMS01850,Low,2.4,90,14.4,1,17.7,0.75,This Month,44.8,1,2,1,0,0
SMMS01851,Medium,7.0,60,10.9,1,59.2,0.69,This Month,53.0,2,2,1,0,0
SMMS01852,Critical,5.4,10,13.1,4,37.9,0.75,Immediate,64.4,4,4,1,0,0
SMMS01853,Medium,2.9,60,17.2,3,54.1,0.71,This Week,57.6,2,3,1,0,0
SMMS01854,High,5.0,30,3.7,2,42.9,0.7,This Month,52.4,3,2,1,0,0
SMMS01855,Medium,5.3,60,7.0,0,38.9,0.71,This Month,53.1,2,2,1,0,0
SMMS01856,High,8.7,30,20.2,1,67.3,0.71,This Week,58.1,3,3,1,0,0
SMMS01857,High,9.2,30,21.8,3,39.1,0.88,This Week,63.4,3,3,1,0,0
SMMS01858,Low,7.8,90,19.5,3,66.5,0.71,This Week,58.9,1,3,1,0,0
SMMS01859,High,5.8,30,10.3,2,43.2,0.87,This Month,47.0,3,2,1,0,0
SMMS01860,Critical,8.5,2,15.0,2,61.2,0.99,Immediate,58.1,4,4,1,0,0
SMMS01861,Critical,7.3,10,12.1,1,60.5,0.68,Immediate,61.7,4,4,1,0,0
SMMS01862,Medium,5.1,60,9.1,1,55.4,0.65,This Month,48.3,2,2,1,0,0
SMMS01863,High,4.3,30,19.6,4,94.0,0.78,This Week,60.4,3,3,1,0,0
SMMS01864,Medium,2.9,40,20.4,4,36.4,0.62,This Month,52.3,2,2,1,0,0
SMMS01865,High,6.3,30,16.8,1,35.4,0.73,This Month,51.9,3,2,1,0,0
SMMS01866,Critical,7.2,10,21.7,3,63.2,0.89,Immediate,69.3,4,4,1,0,0
SMMS01867,Medium,5.5,0,5.4,0,33.4,0.71,Programmed,28.9,2,1,1,0,0
SMMS01868,Medium,8.2,60,9.9,1,57.8,0.72,This Month,51.8,2,2,1,0,0
SMMS01869,Critical,6.5,10,7.0,0,46.1,0.91,Immediate,52.3,4,4,1,0,0
SMMS01870,High,7.4,30,23.2,2,43.9,0.7,This Week,60.7,3,3,1,0,0
SMMS01871,Medium,5.9,41,22.2,1,59.8,0.45,This Month,54.3,2,2,1,0,0
SMMS01872,Critical,5.1,10,9.0,1,90.9,0.85,Immediate,61.7,4,4,1,0,0
SMMS01873,Critical,9.7,10,5.4,2,42.3,0.86,Immediate,54.0,4,4,1,0,0
SMMS01874,Low,4.1,90,22.0,1,24.5,0.67,This Month,46.8,1,2,1,0,0
SMMS01875,Medium,4.5,60,6.6,2,36.6,0.87,This Month,54.4,2,2,1,0,0
SMMS01876,Critical,8.9,10,9.3,2,52.3,0.94,Immediate,56.2,4,4,1,0,0
SMMS01877,Medium,4.9,60,19.9,2,26.7,0.74,This Month,51.2,2,2,1,0,0
SMMS01878,Critical,8.5,10,20.5,1,60.3,0.79,Immediate,57.9,4,4,1,0,0
SMMS01879,Low,4.0,90,5.6,2,67.3,0.78,This Month,51.4,1,2,1,0,0
SMMS01880,Low,3.1,90,22.0,1,21.9,0.7,This Week,58.4,1,3,1,0,0
SMMS01881,Low,3.8,90,22.4,1,78.1,0.72,This Month,54.3,1,2,1,0,0
SMMS01882,High,5.2,30,8.3,1,32.6,0.7,This Month,51.9,3,2,1,0,0
SMMS01883,Low,4.2,90,17.4,2,26.8,0.78,This Month,52.9,1,2,1,0,0
SMMS01884,High,5.3,30,18.7,3,62.5,0.85,This Week,58.4,3,3,1,0,0
SMMS01885,High,6.8,30,23.8,6,34.7,0.69,This Week,69.2,3,3,1,0,0
SMMS01886,Medium,10.2,60,15.4,0,31.4,0.66,This Month,51.2,2,2,1,0,0
SMMS01887,Medium,8.5,60,8.1,0,44.6,0.83,This Month,51.2,2,2,1,0,0
SMMS01888,High,8.2,30,6.7,2,39.5,0.79,This Week,57.2,3,3,1,0,0
SMMS01889,Low,2.4,90,10.4,3,29.0,0.92,This Month,53.4,1,2,1,0,0
SMMS01890,Critical,8.5,10,10.9,1,78.8,0.71,Immediate,55.9,4,4,1,0,0
SMMS01891,Low,4.3,22,3.5,0,77.1,0.5,Programmed,27.8,1,1,1,0,0
SMMS01892,High,7.3,30,23.2,1,47.3,0.77,This Week,60.1,3,3,1,0,0
SMMS01893,High,5.9,20,23.5,0,44.9,0.68,This Week,57.9,3,3,1,0,0
SMMS01894,Low,4.8,90,23.9,0,77.6,0.59,This Month,49.0,1,2,1,0,0
SMMS01895,Medium,7.6,60,23.1,3,33.9,0.84,This Month,52.8,2,2,1,0,0
SMMS01896,Medium,4.7,60,10.3,0,54.9,0.8,This Week,56.1,2,3,1,0,0
SMMS01897,Low,2.3,90,20.0,1,29.3,0.65,This Week,57.7,1,3,1,0,0
SMMS01898,Medium,3.3,5,19.4,2,27.8,0.91,This Month,45.1,2,2,1,0,0
SMMS01899,Low,1.2,0,4.8,2,44.9,0.99,Programmed,33.2,1,1,1,0,0
SMMS01900,Medium,5.3,60,10.1,1,55.0,0.78,This Month,45.0,2,2,1,0,0
SMMS01901,Medium,4.2,60,11.3,0,62.8,0.69,This Month,50.7,2,2,1,0,0
SMMS01902,High,6.1,30,2.8,0,64.1,0.82,This Month,48.4,3,2,1,0,0
SMMS01903,High,4.5,30,17.0,1,41.2,0.7,This Month,52.3,3,2,1,0,0
SMMS01904,High,8.2,30,8.2,3,58.5,0.55,This Week,59.8,3,3,1,0,0
SMMS01905,Low,3.9,90,3.9,1,50.2,0.69,This Month,42.0,1,2,1,0,0
SMMS01906,Medium,5.1,0,13.3,3,37.8,0.75,This Month,42.8,2,2,1,0,0
SMMS01907,Medium,6.5,60,1.3,1,24.7,0.56,This Month,51.4,2,2,1,0,0
SMMS01908,Medium,9.1,60,17.2,1,48.7,0.64,This Month,49.7,2,2,1,0,0
SMMS01909,High,7.7,30,18.3,3,42.1,0.78,This Week,60.1,3,3,1,0,0
SMMS01910,Medium,5.9,60,7.0,1,38.5,0.75,This Month,48.8,2,2,1,0,0
SMMS01911,Medium,3.5,60,22.3,2,61.0,0.76,This Week,59.7,2,3,1,0,0
SMMS01912,Low,2.7,90,8.9,2,76.0,0.71,This Month,49.4,1,2,1,0,0
SMMS01913,Critical,8.0,10,21.5,0,69.8,0.79,Immediate,66.0,4,4,1,0,0
SMMS01914,Medium,5.8,14,15.0,0,65.1,0.65,Programmed,34.3,2,1,1,0,0
SMMS01915,Medium,5.0,60,10.6,2,50.3,0.9,This Month,53.8,2,2,1,0,0
SMMS01916,Medium,8.3,60,14.6,1,63.2,0.64,This Month,53.2,2,2,1,0,0
SMMS01917,High,4.0,30,21.9,3,31.4,0.87,This Week,62.6,3,3,1,0,0
SMMS01918,High,9.0,30,11.1,1,54.8,0.61,This Week,57.2,3,3,1,0,0
SMMS01919,Medium,2.4,60,22.5,3,68.4,0.91,This Week,62.2,2,3,1,0,0
SMMS01920,Low,2.2,90,24.1,2,29.2,0.69,This Week,58.3,1,3,1,0,0
SMMS01921,Low,5.4,90,22.6,0,38.1,0.62,This Month,50.4,1,2,1,0,0
SMMS01922,Medium,7.4,60,15.1,1,56.9,0.81,This Week,57.7,2,3,1,0,0
SMMS01923,Low,2.0,90,21.7,1,32.4,0.77,This Week,61.0,1,3,1,0,0
SMMS01924,Low,3.3,90,1.7,2,31.1,0.86,This Month,45.4,1,2,1,0,0
SMMS01925,Low,4.2,0,18.9,2,32.1,0.84,Programmed,30.9,1,1,1,0,0
SMMS01926,Low,5.4,90,8.4,4,45.8,0.73,This Month,48.2,1,2,1,0,0
SMMS01927,Medium,5.5,60,14.6,2,31.8,0.62,This Week,55.1,2,3,1,0,0
SMMS01928,Low,6.9,90,23.8,3,46.4,0.74,This Week,58.4,1,3,1,0,0
SMMS01929,Critical,6.5,10,2.0,1,40.8,0.85,Immediate,47.0,4,4,1,0,0
SMMS01930,High,6.7,30,24.4,1,34.3,0.55,This Week,61.6,3,3,1,0,0
SMMS01931,Medium,3.9,60,4.2,2,48.5,0.73,This Week,55.9,2,3,1,0,0
SMMS01932,Medium,8.1,60,1.5,0,31.2,0.65,This Month,42.7,2,2,1,0,0
SMMS01933,High,6.0,30,11.8,3,32.6,0.75,This Month,52.3,3,2,1,0,0
SMMS01934,Critical,7.4,10,13.5,1,45.5,0.83,Immediate,57.2,4,4,1,0,0
SMMS01935,Critical,8.9,10,23.6,3,58.9,0.89,Immediate,57.0,4,4,1,0,0
SMMS01936,Medium,4.0,60,13.7,2,54.9,0.7,This Week,60.8,2,3,1,0,0
SMMS01937,Medium,4.4,60,12.8,4,63.4,0.89,This Week,55.0,2,3,1,0,0
SMMS01938,Critical,10.2,10,19.2,1,64.2,0.86,Immediate,65.2,4,4,1,0,0
SMMS01939,High,4.8,30,13.7,1,31.1,0.63,This Week,55.3,3,3,1,0,0
SMMS01940,Low,5.4,90,6.8,3,29.6,0.79,This Month,51.0,1,2,1,0,0
SMMS01941,Medium,4.7,37,8.0,3,31.1,0.81,This Month,42.1,2,2,1,0,0
SMMS01942,Low,1.0,90,16.7,5,27.3,0.84,This Month,48.2,1,2,1,0,0
SMMS01943,Medium,9.6,60,15.5,1,55.8,0.78,This Month,53.5,2,2,1,0,0
SMMS01944,High,3.8,30,4.1,0,36.9,0.57,This Week,56.1,3,3,1,0,0
SMMS01945,Critical,6.1,10,15.0,1,69.7,0.81,Immediate,57.5,4,4,1,0,0
SMMS01946,Medium,8.3,0,3.7,0,53.3,0.88,Programmed,27.6,2,1,1,0,0
SMMS01947,High,4.3,30,18.1,3,41.3,0.86,This Week,56.2,3,3,1,0,0
SMMS01948,Low,6.6,90,17.6,1,20.7,0.67,This Month,44.8,1,2,1,0,0
SMMS01949,High,6.1,30,2.2,0,30.8,0.74,This Month,49.4,3,2,1,0,0
SMMS01950,High,8.6,30,12.6,2,61.5,0.91,This Month,52.8,3,2,1,0,0
SMMS01951,Critical,6.7,10,23.3,2,72.6,0.96,Immediate,63.8,4,4,1,0,0
SMMS01952,Low,3.6,90,21.5,2,27.1,0.73,This Week,62.1,1,3,1,0,0
SMMS01953,Low,3.3,86,12.0,0,24.3,0.75,This Month,46.0,1,2,1,0,0
SMMS01954,High,4.8,30,15.8,1,76.7,0.75,This Month,52.3,3,2,1,0,0
SMMS01955,Medium,6.8,60,8.7,2,28.5,0.84,This Month,49.1,2,2,1,0,0
SMMS01956,Medium,4.3,60,13.0,1,37.6,0.69,This Week,55.3,2,3,1,0,0
SMMS01957,High,6.8,30,24.8,1,64.1,0.78,This Week,57.1,3,3,1,0,0
SMMS01958,Medium,6.6,60,21.4,0,30.7,0.59,This Week,55.8,2,3,1,0,0
SMMS01959,Low,3.5,90,5.1,0,28.1,0.67,This Month,48.3,1,2,1,0,0
SMMS01960,Medium,3.6,60,21.1,2,29.3,0.84,This Month,48.3,2,2,1,0,0
SMMS01961,Critical,6.2,10,16.2,1,39.8,0.76,Immediate,59.1,4,4,1,0,0
SMMS01962,High,7.8,18,13.7,2,64.2,0.96,This Month,51.6,3,2,1,0,0
SMMS01963,High,6.2,30,13.7,2,40.3,0.74,This Month,50.6,3,2,1,0,0
SMMS01964,Low,5.5,90,3.9,0,39.4,0.55,This Month,46.3,1,2,1,0,0
SMMS01965,Critical,6.7,10,2.7,2,46.1,0.88,Immediate,63.0,4,4,1,0,0
SMMS01966,Low,4.0,90,9.1,1,23.0,0.74,This Month,53.5,1,2,1,0,0
SMMS01967,Medium,5.4,60,10.6,2,25.1,0.73,This Month,47.0,2,2,1,0,0
SMMS01968,Low,3.6,90,3.6,1,39.3,0.65,This Month,48.0,1,2,1,0,0
SMMS01969,Medium,2.5,60,21.9,2,31.6,0.77,This Week,60.2,2,3,1,0,0
SMMS01970,Medium,3.2,60,8.7,1,56.6,0.66,This Month,48.8,2,2,1,0,0
SMMS01971,Medium,4.2,60,19.3,0,56.3,0.67,This Week,55.1,2,3,1,0,0
SMMS01972,Low,4.8,90,18.9,3,53.8,0.87,This Month,52.3,1,2,1,0,0
SMMS01973,Low,4.7,58,11.8,0,53.2,0.72,This Month,40.3,1,2,1,0,0
SMMS01974,Medium,4.0,60,15.1,2,35.9,0.57,This Week,56.8,2,3,1,0,0
SMMS01975,Low,5.8,0,10.2,2,37.7,0.88,Programmed,27.8,1,1,1,0,0
SMMS01976,Medium,7.1,60,1.8,1,60.1,0.65,This Month,46.1,2,2,1,0,0
SMMS01977,Low,2.1,90,11.6,0,36.2,0.5,This Month,41.3,1,2,1,0,0
SMMS01978,Medium,5.3,60,17.4,2,53.9,0.71,This Week,57.6,2,3,1,0,0
SMMS01979,High,3.9,30,20.1,3,62.8,0.84,This Week,59.2,3,3,1,0,0
SMMS01980,Low,2.1,90,11.7,2,33.4,0.76,This Month,52.6,1,2,1,0,0
SMMS01981,Medium,4.2,7,20.3,2,45.6,0.9,This Month,40.3,2,2,1,0,0
SMMS01982,Medium,2.8,60,18.5,2,32.2,0.81,This Month,52.2,2,2,1,0,0
SMMS01983,Medium,2.9,16,19.3,2,18.9,0.88,This Month,43.3,2,2,1,0,0
SMMS01984,Low,5.5,49,18.9,2,40.2,0.75,This Month,44.5,1,2,1,0,0
SMMS01985,Critical,12.8,10,24.5,1,38.6,0.86,Immediate,66.9,4,4,1,0,0
SMMS01986,Medium,4.2,60,7.1,1,59.8,0.86,This Week,55.2,2,3,1,0,0
SMMS01987,Medium,5.7,60,18.9,2,40.6,0.84,This Week,58.5,2,3,1,0,0
SMMS01988,Medium,5.2,60,4.7,1,55.7,0.61,This Month,42.0,2,2,1,0,0
SMMS01989,Low,3.2,90,10.3,1,27.4,0.64,This Month,52.4,1,2,1,0,0
SMMS01990,Low,3.7,19,17.5,2,76.8,0.84,Programmed,29.0,1,1,1,0,0
SMMS01991,Low,5.4,90,16.4,0,16.8,0.7,This Month,50.9,1,2,1,0,0
SMMS01992,High,4.4,30,18.7,2,39.8,0.92,This Month,54.7,3,2,1,0,0
SMMS01993,Medium,8.6,60,18.3,3,41.7,0.8,This Week,58.4,2,3,1,0,0
SMMS01994,High,5.7,30,4.7,0,32.1,0.68,This Month,46.9,3,2,1,0,0
SMMS01995,Low,3.7,90,11.0,1,47.0,0.56,This Month,44.9,1,2,1,0,0
SMMS01996,Low,4.9,90,23.3,2,59.4,0.78,This Month,49.8,1,2,1,0,0
SMMS01997,Critical,8.3,10,14.5,1,48.2,0.63,Immediate,64.5,4,4,1,0,0
SMMS01998,High,5.7,21,20.5,0,39.0,0.64,This Month,50.6,3,2,1,0,0
SMMS01999,Critical,5.9,6,12.2,2,47.9,0.98,Immediate,52.7,4,4,1,0,0
SMMS02000,Low,2.2,90,6.0,2,22.9,0.94,This Month,53.2,1,2,1,0,0
SMMS02001,High,3.9,30,16.3,0,69.5,0.69,This Week,55.4,3,3,1,0,0
SMMS02002,High,4.6,30,15.2,1,70.8,0.66,This Month,49.5,3,2,1,0,0
SMMS02003,Low,3.3,90,12.0,2,25.7,0.76,This Month,47.7,1,2,1,0,0
SMMS02004,High,6.5,16,12.8,2,36.2,0.71,This Month,46.8,3,2,1,0,0
SMMS02005,High,7.7,30,15.0,2,34.3,0.79,This Month,48.2,3,2,1,0,0
SMMS02006,Medium,7.9,60,3.7,3,57.1,0.87,This Month,53.8,2,2,1,0,0
SMMS02007,High,7.8,30,7.7,2,34.7,0.8,This Month,53.4,3,2,1,0,0
SMMS02008,Medium,7.4,60,7.7,2,33.9,0.75,This Month,50.5,2,2,1,0,0
SMMS02009,Critical,10.2,10,2.6,2,47.8,0.87,Immediate,60.3,4,4,1,0,0
SMMS02010,Low,3.2,90,16.5,2,28.4,0.88,This Month,53.3,1,2,1,0,0
SMMS02011,Critical,9.3,10,1.1,3,39.9,0.78,Immediate,58.0,4,4,1,0,0
SMMS02012,Medium,8.1,60,2.3,1,30.3,0.78,This Month,52.7,2,2,1,0,0
SMMS02013,Critical,8.4,10,13.3,1,82.6,0.91,Immediate,59.4,4,4,1,0,0
SMMS02014,Medium,3.8,60,12.9,2,61.2,0.9,This Month,50.7,2,2,1,0,0
SMMS02015,Medium,5.4,60,18.3,1,55.8,0.68,This Month,52.7,2,2,1,0,0
SMMS02016,Medium,5.3,0,13.3,1,29.5,0.93,Programmed,33.1,2,1,1,0,0
SMMS02017,Low,3.0,90,9.5,3,22.2,0.82,This Month,49.1,1,2,1,0,0
SMMS02018,Medium,8.4,60,22.4,1,80.1,0.68,This Month,52.1,2,2,1,0,0
SMMS02019,High,3.7,30,19.7,2,64.5,0.81,This Week,58.0,3,3,1,0,0
SMMS02020,High,6.6,30,16.5,1,61.1,0.71,This Week,56.5,3,3,1,0,0
SMMS02021,Medium,4.6,60,24.7,4,83.4,0.84,This Month,53.7,2,2,1,0,0
SMMS02022,Low,4.1,90,16.2,0,34.6,0.59,This Month,50.8,1,2,1,0,0
SMMS02023,Low,3.5,90,14.2,2,28.1,0.7,This Week,55.2,1,3,1,0,0
SMMS02024,Low,1.1,90,21.9,0,27.7,0.72,This Month,52.4,1,2,1,0,0
SMMS02025,Low,4.2,90,11.2,0,50.8,0.66,This Month,47.0,1,2,1,0,0
SMMS02026,Medium,5.0,60,23.0,4,55.5,0.8,This Week,57.8,2,3,1,0,0
SMMS02027,Medium,5.1,60,13.9,1,33.2,0.62,This Week,58.1,2,3,1,0,0
SMMS02028,Critical,7.5,10,14.2,4,82.0,0.97,Immediate,70.1,4,4,1,0,0
SMMS02029,Low,2.5,90,18.8,0,77.6,0.6,This Week,61.1,1,3,1,0,0
SMMS02030,Low,4.3,90,17.4,0,59.2,0.67,This Week,57.8,1,3,1,0,0
SMMS02031,Critical,7.3,10,24.1,4,52.3,0.98,Immediate,62.8,4,4,1,0,0
SMMS02032,High,6.8,30,8.5,1,29.6,0.47,This Month,51.7,3,2,1,0,0
SMMS02033,Medium,3.5,60,1.2,1,58.6,0.51,This Month,49.2,2,2,1,0,0
SMMS02034,Medium,3.2,60,15.8,2,44.6,0.74,This Week,56.6,2,3,1,0,0
SMMS02035,Low,7.6,90,22.5,3,29.6,0.85,This Week,60.7,1,3,1,0,0
SMMS02036,Medium,4.3,60,18.5,1,36.7,0.73,This Month,50.8,2,2,1,0,0
SMMS02037,High,8.6,30,6.4,2,37.3,0.87,This Month,52.4,3,2,1,0,0
SMMS02038,Medium,5.5,60,3.3,1,30.8,0.69,This Month,42.3,2,2,1,0,0
SMMS02039,Low,3.1,90,18.6,4,79.3,0.69,This Week,57.4,1,3,1,0,0
SMMS02040,Medium,6.4,46,20.9,2,71.0,0.7,This Week,56.0,2,3,1,0,0
SMMS02041,High,7.0,30,8.1,2,28.4,0.84,This Month,52.6,3,2,1,0,0
SMMS02042,Medium,3.8,24,17.2,4,30.5,0.65,This Month,42.9,2,2,1,0,0
SMMS02043,Medium,4.5,60,2.0,0,27.0,0.72,This Month,46.7,2,2,1,0,0
SMMS02044,Medium,4.6,60,17.2,2,70.8,0.68,This Week,63.0,2,3,1,0,0
SMMS02045,High,7.8,30,9.1,1,35.3,0.58,This Month,54.2,3,2,1,0,0
SMMS02046,Medium,6.0,60,14.0,0,32.5,0.73,This Month,53.4,2,2,1,0,0
SMMS02047,Medium,4.8,60,18.4,0,36.6,0.56,This Week,57.3,2,3,1,0,0
SMMS02048,Medium,4.1,60,10.8,0,53.6,0.67,This Month,43.7,2,2,1,0,0
SMMS02049,Low,2.4,90,6.5,1,23.9,0.74,This Month,44.1,1,2,1,0,0
SMMS02050,High,7.0,30,21.8,1,34.1,0.53,This Week,55.7,3,3,1,0,0
SMMS02051,High,5.1,30,15.5,1,57.8,0.77,This Week,59.6,3,3,1,0,0
SMMS02052,Low,1.9,90,18.2,6,20.9,0.8,This Week,61.7,1,3,1,0,0
SMMS02053,High,4.9,30,6.8,0,35.3,0.59,This Month,42.4,3,2,1,0,0
SMMS02054,Critical,7.6,10,24.9,2,71.9,0.74,Immediate,61.7,4,4,1,0,0
SMMS02055,Medium,7.0,60,20.6,1,33.7,0.67,This Week,62.8,2,3,1,0,0
SMMS02056,Low,2.3,0,18.7,0,48.1,0.76,Programmed,28.0,1,1,1,0,0
SMMS02057,Low,5.5,19,21.3,1,45.3,0.66,This Month,35.4,1,2,1,0,0
SMMS02058,High,7.4,30,4.5,2,45.1,0.68,This Month,46.8,3,2,1,0,0
SMMS02059,Medium,8.2,60,3.6,2,54.2,0.8,This Month,51.9,2,2,1,0,0
SMMS02060,High,5.8,30,14.6,3,45.8,0.72,This Week,56.7,3,3,1,0,0
SMMS02061,Critical,6.2,10,20.4,0,57.5,0.65,Immediate,63.2,4,4,1,0,0
SMMS02062,Critical,5.3,10,16.9,2,53.1,0.98,Immediate,62.9,4,4,1,0,0
SMMS02063,Low,3.8,90,2.7,1,27.0,0.64,This Month,47.2,1,2,1,0,0
SMMS02064,Critical,6.6,10,21.0,2,47.1,0.73,Immediate,62.5,4,4,1,0,0
SMMS02065,Critical,6.4,10,11.5,1,47.8,0.73,Immediate,52.3,4,4,1,0,0
SMMS02066,High,6.1,30,7.1,4,72.2,0.68,This Week,57.5,3,3,1,0,0
SMMS02067,Medium,2.8,60,12.9,2,35.7,0.81,This Month,54.1,2,2,1,0,0
SMMS02068,Low,2.5,0,20.7,1,54.9,0.68,Programmed,32.8,1,1,1,0,0
SMMS02069,High,5.6,30,9.9,1,67.5,0.65,This Week,56.0,3,3,1,0,0
SMMS02070,Critical,7.6,10,24.1,2,40.9,0.84,Immediate,58.3,4,4,1,0,0
SMMS02071,Low,2.6,90,18.0,4,58.4,0.72,This Month,49.7,1,2,1,0,0
SMMS02072,Medium,4.9,0,19.3,3,60.5,0.95,This Month,41.8,2,2,1,0,0
SMMS02073,Low,3.0,90,4.0,2,49.1,0.85,This Month,41.0,1,2,1,0,0
SMMS02074,High,3.9,0,14.1,3,32.2,0.98,This Month,52.7,3,2,1,0,0
SMMS02075,Medium,4.6,60,6.4,2,57.6,0.75,This Month,48.0,2,2,1,0,0
SMMS02076,Medium,6.2,60,22.1,2,27.0,0.71,This Month,50.5,2,2,1,0,0
SMMS02077,High,10.0,30,1.5,0,94.5,0.56,This Month,49.3,3,2,1,0,0
SMMS02078,Low,4.7,90,10.7,1,28.8,0.57,This Month,45.3,1,2,1,0,0
SMMS02079,Low,0.8,90,24.3,1,28.5,0.73,This Month,49.2,1,2,1,0,0
SMMS02080,Medium,5.1,60,16.4,1,53.0,0.48,This Month,50.9,2,2,1,0,0
SMMS02081,Critical,9.8,10,3.7,0,46.7,0.6,Immediate,47.1,4,4,1,0,0
SMMS02082,High,8.9,30,18.7,3,58.6,0.81,This Week,57.5,3,3,1,0,0
SMMS02083,Medium,6.8,60,19.2,4,56.8,0.92,This Month,47.4,2,2,1,0,0
SMMS02084,Medium,4.3,60,9.2,3,59.3,0.71,This Month,48.4,2,2,1,0,0
SMMS02085,Medium,5.8,60,23.0,4,88.4,0.91,This Week,62.1,2,3,1,0,0
SMMS02086,High,6.5,8,5.4,1,60.9,0.74,This Month,39.3,3,2,1,0,0
SMMS02087,Medium,7.2,60,20.2,2,31.8,0.68,This Week,57.2,2,3,1,0,0
SMMS02088,Low,4.2,90,3.8,0,14.6,0.74,This Month,54.2,1,2,1,0,0
SMMS02089,High,6.2,30,21.4,2,90.0,0.68,This Week,63.6,3,3,1,0,0
SMMS02090,Medium,3.1,60,19.2,2,82.0,0.82,This Week,60.2,2,3,1,0,0
SMMS02091,High,6.2,4,12.5,4,66.4,0.79,This Month,53.3,3,2,1,0,0
SMMS02092,Medium,6.4,60,20.8,2,21.3,0.9,This Week,62.6,2,3,1,0,0
SMMS02093,Critical,5.9,10,12.1,1,39.4,0.64,Immediate,54.1,4,4,1,0,0
SMMS02094,Medium,3.8,52,4.4,0,23.5,0.78,This Month,38.6,2,2,1,0,0
SMMS02095,Low,6.3,90,14.1,1,16.2,0.69,This Week,55.0,1,3,1,0,0
SMMS02096,Medium,4.3,4,23.4,2,34.4,0.87,This Month,46.8,2,2,1,0,0
SMMS02097,High,4.9,30,24.5,5,56.1,0.76,This Week,62.2,3,3,1,0,0
SMMS02098,High,6.8,30,21.1,1,28.2,0.67,This Week,62.7,3,3,1,0,0
SMMS02099,High,6.1,30,13.5,2,65.8,0.8,This Month,47.6,3,2,1,0,0
SMMS02100,Medium,8.6,58,10.7,2,27.4,0.79,This Month,48.5,2,2,1,0,0
SMMS02101,Medium,2.7,60,10.5,0,39.3,0.66,This Month,50.4,2,2,1,0,0
SMMS02102,Medium,6.8,60,12.2,1,49.9,0.78,This Month,52.9,2,2,1,0,0
SMMS02103,Low,4.6,89,8.0,1,61.1,0.79,This Month,52.3,1,2,1,0,0
SMMS02104,Low,3.8,90,15.9,0,18.3,0.65,This Month,50.8,1,2,1,0,0
SMMS02105,Low,3.9,19,2.1,0,55.6,0.74,Programmed,15.8,1,1,1,0,0
SMMS02106,High,7.5,30,12.7,2,61.7,0.82,This Week,57.5,3,3,1,0,0
SMMS02107,Medium,7.3,60,8.7,0,20.5,0.73,This Month,53.4,2,2,1,0,0
SMMS02108,Critical,11.3,10,15.8,1,64.8,0.73,Immediate,68.7,4,4,1,0,0
SMMS02109,Medium,3.9,60,14.6,0,51.0,0.77,This Month,42.6,2,2,1,0,0
SMMS02110,Low,3.7,90,1.4,2,17.6,0.67,This Month,49.3,1,2,1,0,0
SMMS02111,Medium,7.1,30,18.3,2,31.0,0.77,This Month,45.7,2,2,1,0,0
SMMS02112,Low,5.7,90,19.6,3,45.8,0.68,This Week,63.4,1,3,1,0,0
SMMS02113,Low,4.9,90,1.8,0,28.0,0.78,This Month,40.4,1,2,1,0,0
SMMS02114,Medium,6.0,60,7.7,2,45.3,0.8,This Month,49.1,2,2,1,0,0
SMMS02115,Low,6.1,82,3.3,1,24.0,0.82,This Month,48.9,1,2,1,0,0
SMMS02116,Low,2.6,31,6.1,1,53.3,0.75,Programmed,29.7,1,1,1,0,0
SMMS02117,Medium,4.4,60,22.7,2,31.7,0.88,This Week,59.0,2,3,1,0,0
SMMS02118,Medium,4.9,60,15.4,6,87.4,0.84,This Week,60.9,2,3,1,0,0
SMMS02119,High,6.6,30,4.7,0,67.2,0.59,This Month,45.7,3,2,1,0,0
SMMS02120,High,13.5,30,20.2,4,30.5,0.89,This Week,56.7,3,3,1,0,0
SMMS02121,Low,6.8,90,23.3,2,19.4,0.84,This Month,53.0,1,2,1,0,0
SMMS02122,Medium,6.6,60,9.3,1,34.0,0.84,This Month,45.9,2,2,1,0,0
SMMS02123,Low,3.3,90,8.7,1,18.5,0.74,This Month,44.9,1,2,1,0,0
SMMS02124,High,6.1,30,5.5,4,68.2,0.9,This Week,59.3,3,3,1,0,0
SMMS02125,Medium,6.2,60,7.8,3,49.2,0.72,This Month,52.0,2,2,1,0,0
SMMS02126,Critical,7.0,10,7.9,0,61.5,0.68,Immediate,55.0,4,4,1,0,0
SMMS02127,Medium,3.8,60,19.6,3,29.6,0.6,This Month,53.9,2,2,1,0,0
SMMS02128,Low,6.9,90,6.9,1,75.2,0.62,This Month,49.5,1,2,1,0,0
SMMS02129,Medium,5.3,60,16.5,1,62.1,0.6,This Week,55.6,2,3,1,0,0
SMMS02130,Medium,6.1,30,19.7,1,28.2,0.69,This Month,40.0,2,2,1,0,0
SMMS02131,High,9.1,30,18.3,4,39.2,0.82,This Week,61.7,3,3,1,0,0
SMMS02132,Medium,4.4,60,14.9,0,62.1,0.52,This Week,55.3,2,3,1,0,0
SMMS02133,High,6.0,30,5.8,2,61.8,0.85,This Week,55.2,3,3,1,0,0
SMMS02134,Low,4.6,42,24.5,2,25.4,0.82,This Month,46.8,1,2,1,0,0
SMMS02135,Medium,6.2,60,5.2,2,27.7,0.76,This Month,42.9,2,2,1,0,0
SMMS02136,High,7.1,30,10.3,0,56.5,0.49,This Month,51.8,3,2,1,0,0
SMMS02137,Medium,7.4,60,22.6,3,34.5,0.8,This Month,54.7,2,2,1,0,0
SMMS02138,Medium,9.5,60,15.0,0,39.6,0.69,This Week,58.9,2,3,1,0,0
SMMS02139,Low,7.8,90,1.6,1,59.9,0.66,This Month,46.0,1,2,1,0,0
SMMS02140,High,8.7,30,4.5,0,68.8,0.64,This Month,50.1,3,2,1,0,0
SMMS02141,Low,6.5,57,13.1,1,39.1,0.66,This Month,37.8,1,2,1,0,0
SMMS02142,Critical,10.4,10,21.1,0,71.0,0.73,Immediate,58.7,4,4,1,0,0
SMMS02143,Medium,5.9,51,21.4,2,52.9,0.8,This Month,49.8,2,2,1,0,0
SMMS02144,Low,3.8,11,19.6,2,47.9,0.89,Programmed,33.4,1,1,1,0,0
SMMS02145,High,5.2,30,4.2,3,60.0,0.73,This Month,53.1,3,2,1,0,0
SMMS02146,Low,7.8,7,11.0,1,79.6,0.72,Programmed,22.3,1,1,1,0,0
SMMS02147,Critical,5.6,10,24.4,3,48.8,0.93,Immediate,70.0,4,4,1,0,0
SMMS02148,Medium,4.2,60,24.3,3,31.1,0.81,This Week,59.9,2,3,1,0,0
SMMS02149,Critical,6.2,10,12.7,0,42.8,0.75,Immediate,49.6,4,4,1,0,0
SMMS02150,High,6.9,30,13.4,4,64.0,0.76,This Month,51.5,3,2,1,0,0
SMMS02151,Medium,9.6,60,5.5,1,54.1,0.7,This Month,49.8,2,2,1,0,0
SMMS02152,Medium,5.5,8,2.4,0,33.2,0.87,Programmed,33.3,2,1,1,0,0
SMMS02153,Critical,11.1,10,5.4,0,48.5,0.8,Immediate,54.7,4,4,1,0,0
SMMS02154,Low,3.0,86,3.1,0,35.7,0.6,This Month,40.7,1,2,1,0,0
SMMS02155,Medium,6.7,60,22.9,2,64.4,0.59,This Week,56.7,2,3,1,0,0
SMMS02156,Medium,5.2,60,17.8,3,30.7,0.75,This Week,60.6,2,3,1,0,0
SMMS02157,Low,5.0,90,20.6,0,46.7,0.54,This Month,52.9,1,2,1,0,0
SMMS02158,High,9.9,30,22.5,1,35.2,0.6,This Week,56.9,3,3,1,0,0
SMMS02159,High,7.3,30,5.5,2,37.1,0.77,This Week,55.8,3,3,1,0,0
SMMS02160,Low,5.4,0,14.8,2,48.2,0.69,Programmed,32.3,1,1,1,0,0
SMMS02161,Critical,4.7,10,4.9,1,37.8,0.97,Immediate,58.2,4,4,1,0,0
SMMS02162,High,5.4,30,6.3,1,68.1,0.7,This Month,48.7,3,2,1,0,0
SMMS02163,Critical,9.7,10,3.0,1,63.7,0.9,Immediate,53.1,4,4,1,0,0
SMMS02164,High,4.0,30,8.0,1,60.1,0.63,This Month,54.2,3,2,1,0,0
SMMS02165,Medium,5.5,60,3.8,1,63.6,0.66,This Week,55.2,2,3,1,0,0
SMMS02166,Low,6.8,90,18.8,1,50.4,0.61,This Week,60.0,1,3,1,0,0
SMMS02167,Low,2.2,90,10.4,1,28.6,0.61,This Month,53.9,1,2,1,0,0
SMMS02168,Low,2.6,90,12.4,3,33.5,0.87,This Week,55.0,1,3,1,0,0
SMMS02169,High,6.9,30,3.7,1,44.8,0.68,This Month,46.5,3,2,1,0,0
SMMS02170,Low,2.8,88,19.2,0,17.0,0.72,This Month,39.5,1,2,1,0,0
SMMS02171,Medium,5.4,0,5.6,1,23.1,0.96,This Month,35.4,2,2,1,0,0
SMMS02172,Medium,5.1,60,24.2,3,30.3,0.62,This Week,55.7,2,3,1,0,0
SMMS02173,Low,4.0,90,6.7,2,84.1,0.76,This Week,55.1,1,3,1,0,0
SMMS02174,Low,3.2,90,3.9,1,56.8,0.67,This Month,54.5,1,2,1,0,0
SMMS02175,Low,2.7,90,13.7,1,18.3,0.69,This Month,44.9,1,2,1,0,0
SMMS02176,Medium,3.8,60,2.4,0,31.1,0.6,This Month,46.1,2,2,1,0,0
SMMS02177,Low,7.4,76,20.0,2,12.6,0.85,This Month,45.0,1,2,1,0,0
SMMS02178,Medium,8.0,60,19.0,2,56.8,0.78,This Month,49.6,2,2,1,0,0
SMMS02179,Medium,3.9,60,2.0,1,53.3,0.7,This Month,46.8,2,2,1,0,0
SMMS02180,High,7.8,30,6.4,1,36.4,0.68,This Month,52.5,3,2,1,0,0
SMMS02181,Medium,1.4,60,21.0,2,36.4,0.89,This Week,55.4,2,3,1,0,0
SMMS02182,High,4.7,12,14.3,1,75.7,0.73,This Month,43.4,3,2,1,0,0
SMMS02183,Critical,7.7,3,6.4,2,74.3,0.95,Immediate,51.4,4,4,1,0,0
SMMS02184,Low,7.2,50,16.8,3,29.0,0.86,This Month,52.1,1,2,1,0,0
SMMS02185,Low,9.8,7,5.1,1,58.6,0.8,Programmed,19.8,1,1,1,0,0
SMMS02186,High,7.0,30,19.7,1,34.5,0.61,This Week,57.4,3,3,1,0,0
SMMS02187,Low,5.4,90,9.3,3,62.5,0.9,This Month,49.7,1,2,1,0,0
SMMS02188,High,7.6,21,7.2,1,40.4,0.55,This Month,46.7,3,2,1,0,0
SMMS02189,High,4.4,30,1.3,0,43.2,0.6,This Month,47.0,3,2,1,0,0
SMMS02190,High,6.9,30,18.2,1,38.0,0.66,This Week,56.1,3,3,1,0,0
SMMS02191,Low,3.0,90,11.4,2,79.0,0.65,This Month,50.6,1,2,1,0,0
SMMS02192,Critical,5.6,10,12.0,3,48.4,0.9,Immediate,63.2,4,4,1,0,0
SMMS02193,Medium,6.6,0,7.7,2,26.8,0.89,Programmed,32.9,2,1,1,0,0
SMMS02194,Medium,6.2,60,19.2,3,26.9,0.76,This Week,64.5,2,3,1,0,0
SMMS02195,Critical,6.3,10,7.6,1,74.3,0.89,Immediate,61.6,4,4,1,0,0
SMMS02196,High,6.7,30,23.6,5,70.8,0.72,This Month,54.5,3,2,1,0,0
SMMS02197,Medium,6.8,44,2.8,1,25.1,0.56,This Month,47.9,2,2,1,0,0
SMMS02198,Critical,9.8,10,9.1,2,73.0,0.99,Immediate,59.8,4,4,1,0,0
SMMS02199,Low,4.9,0,16.8,0,22.2,0.86,Programmed,33.0,1,1,1,0,0
SMMS02200,Medium,7.5,60,11.5,0,26.0,0.71,This Week,56.7,2,3,1,0,0
SMMS02201,Low,3.2,90,19.5,5,26.7,0.65,This Week,56.0,1,3,1,0,0
SMMS02202,Medium,7.5,60,7.8,0,54.9,0.51,This Month,46.9,2,2,1,0,0
SMMS02203,High,5.2,30,10.7,2,36.7,0.87,This Month,49.0,3,2,1,0,0
SMMS02204,Medium,3.7,52,11.9,3,22.9,0.88,This Month,48.6,2,2,1,0,0
SMMS02205,High,6.8,30,4.3,3,37.6,0.67,This Month,52.8,3,2,1,0,0
SMMS02206,Low,2.8,90,24.9,2,27.8,0.65,This Week,55.2,1,3,1,0,0
SMMS02207,High,4.5,30,24.6,1,30.5,0.68,This Week,59.7,3,3,1,0,0
SMMS02208,Low,3.8,77,6.6,4,32.3,0.77,This Month,47.1,1,2,1,0,0
SMMS02209,Low,3.3,0,3.9,2,58.0,0.88,Programmed,18.7,1,1,1,0,0
SMMS02210,Medium,7.5,60,18.0,3,16.8,0.69,This Month,53.5,2,2,1,0,0
SMMS02211,Medium,3.3,60,1.2,1,26.4,0.75,This Month,52.9,2,2,1,0,0
SMMS02212,High,7.5,30,6.5,2,68.8,0.73,This Week,56.6,3,3,1,0,0
SMMS02213,Medium,6.6,35,23.5,1,17.6,0.7,This Month,47.2,2,2,1,0,0
SMMS02214,Medium,9.9,60,7.4,0,17.7,0.68,This Week,55.8,2,3,1,0,0
SMMS02215,High,9.1,30,24.6,1,64.6,0.68,This Week,56.1,3,3,1,0,0
SMMS02216,Low,8.2,90,17.3,4,24.0,0.56,This Month,54.3,1,2,1,0,0
SMMS02217,Low,7.4,90,24.2,1,41.8,0.65,This Week,56.7,1,3,1,0,0
SMMS02218,Medium,3.5,20,12.3,2,35.2,0.87,This Month,41.6,2,2,1,0,0
SMMS02219,Low,4.0,90,5.6,0,27.6,0.53,This Month,41.3,1,2,1,0,0
SMMS02220,Low,2.2,90,16.4,0,24.7,0.61,This Month,49.2,1,2,1,0,0
SMMS02221,Low,4.2,90,23.9,4,83.7,0.72,This Week,60.1,1,3,1,0,0
SMMS02222,Low,4.7,90,11.9,0,31.3,0.81,This Month,50.5,1,2,1,0,0
SMMS02223,Low,9.0,90,6.6,2,24.9,0.71,This Month,44.9,1,2,1,0,0
SMMS02224,High,8.8,30,17.9,3,34.8,0.85,This Month,50.9,3,2,1,0,0
SMMS02225,Critical,7.2,10,14.0,6,40.9,0.72,Immediate,66.9,4,4,1,0,0
SMMS02226,High,9.2,30,8.9,0,61.4,0.75,This Month,52.5,3,2,1,0,0
SMMS02227,High,4.9,30,1.2,2,65.5,0.77,This Month,52.5,3,2,1,0,0
SMMS02228,High,7.8,30,1.2,1,43.1,0.59,This Week,57.0,3,3,1,0,0
SMMS02229,Low,3.2,90,10.6,0,73.0,0.62,This Month,51.7,1,2,1,0,0
SMMS02230,Low,6.4,84,15.1,1,49.3,0.73,This Month,53.4,1,2,1,0,0
SMMS02231,High,3.5,30,22.3,1,67.8,0.75,This Week,67.9,3,3,1,0,0
SMMS02232,High,6.2,21,12.5,1,65.8,0.81,This Month,54.2,3,2,1,0,0
SMMS02233,High,4.2,30,18.2,4,39.7,0.72,This Week,59.4,3,3,1,0,0
SMMS02234,High,6.3,30,5.3,2,54.3,0.67,This Month,41.1,3,2,1,0,0
SMMS02235,High,8.2,30,19.3,3,32.2,0.79,This Week,61.8,3,3,1,0,0
SMMS02236,Medium,4.2,54,11.6,0,63.3,0.69,This Month,49.6,2,2,1,0,0
SMMS02237,Low,5.1,0,2.7,1,25.5,0.75,Programmed,15.5,1,1,1,0,0
SMMS02238,Medium,6.9,60,8.0,0,28.5,0.62,This Month,53.1,2,2,1,0,0
SMMS02239,Medium,3.1,60,9.9,2,31.9,0.71,This Month,45.5,2,2,1,0,0
SMMS02240,High,5.2,30,20.1,3,46.3,0.85,This Week,60.0,3,3,1,0,0
SMMS02241,Critical,9.6,10,18.7,3,45.2,0.88,Immediate,57.6,4,4,1,0,0
SMMS02242,Low,2.6,90,24.0,6,52.4,0.86,This Week,55.7,1,3,1,0,0
SMMS02243,Low,2.8,90,7.3,4,43.5,0.65,This Month,50.5,1,2,1,0,0
SMMS02244,Low,3.3,90,22.5,4,23.4,0.83,This Week,62.3,1,3,1,0,0
SMMS02245,Medium,3.8,60,4.0,1,56.1,0.7,This Week,56.2,2,3,1,0,0
SMMS02246,Low,3.9,90,17.6,1,43.6,0.7,This Month,52.2,1,2,1,0,0
SMMS02247,Low,4.2,90,16.0,1,19.1,0.7,This Month,51.5,1,2,1,0,0
SMMS02248,Critical,5.2,10,24.9,3,42.0,0.89,Immediate,70.8,4,4,1,0,0
SMMS02249,Low,5.6,90,18.6,2,85.8,0.7,This Month,47.3,1,2,1,0,0
SMMS02250,Medium,8.3,60,12.9,1,22.2,0.54,This Month,42.8,2,2,1,0,0
SMMS02251,Low,4.5,90,22.0,2,47.1,0.8,This Month,52.9,1,2,1,0,0
SMMS02252,High,2.7,30,21.7,2,33.8,0.83,This Week,57.0,3,3,1,0,0
SMMS02253,Low,3.5,19,20.3,2,46.0,0.82,This Month,38.6,1,2,1,0,0
SMMS02254,Medium,3.4,60,22.9,4,27.6,0.87,This Week,59.0,2,3,1,0,0
SMMS02255,Medium,4.5,60,19.6,0,71.3,0.63,This Week,60.6,2,3,1,0,0
SMMS02256,High,5.8,30,23.5,3,46.1,0.76,This Week,66.1,3,3,1,0,0
SMMS02257,High,8.2,30,23.4,2,58.9,0.82,This Week,61.3,3,3,1,0,0
SMMS02258,Medium,2.7,60,17.9,1,24.9,0.62,This Month,53.8,2,2,1,0,0
SMMS02259,High,4.1,30,3.6,2,28.3,0.71,This Month,50.8,3,2,1,0,0
SMMS02260,Medium,5.2,60,4.0,1,53.4,0.62,This Month,45.1,2,2,1,0,0
SMMS02261,Medium,5.5,15,1.7,3,52.3,0.82,This Month,38.8,2,2,1,0,0
SMMS02262,Low,7.8,23,5.9,0,54.6,0.58,Programmed,23.2,1,1,1,0,0
SMMS02263,Low,4.8,90,16.0,1,24.8,0.5,This Month,51.1,1,2,1,0,0
SMMS02264,High,8.6,30,3.5,0,50.7,0.8,This Month,45.6,3,2,1,0,0
SMMS02265,Medium,6.7,60,24.6,1,28.2,0.7,This Week,66.3,2,3,1,0,0
SMMS02266,High,4.5,30,11.1,1,53.5,0.52,This Week,58.3,3,3,1,0,0
SMMS02267,Low,4.5,90,21.9,3,24.6,0.79,This Week,59.6,1,3,1,0,0
SMMS02268,High,8.1,30,5.3,2,49.0,0.82,This Month,52.3,3,2,1,0,0
SMMS02269,Low,6.0,90,20.3,3,19.8,0.82,This Month,48.0,1,2,1,0,0
SMMS02270,Medium,5.5,60,11.5,2,18.9,0.75,This Week,59.1,2,3,1,0,0
SMMS02271,High,4.2,30,5.8,0,62.4,0.7,This Month,50.0,3,2,1,0,0
SMMS02272,Medium,5.0,44,20.0,2,64.9,0.74,This Month,54.5,2,2,1,0,0
SMMS02273,Low,4.1,90,23.0,2,31.1,0.81,This Week,58.7,1,3,1,0,0
SMMS02274,High,6.9,30,6.9,1,53.3,0.77,This Month,52.8,3,2,1,0,0
SMMS02275,High,9.2,0,19.2,0,63.1,0.81,This Month,43.8,3,2,1,0,0
SMMS02276,High,4.6,0,19.6,3,60.2,0.82,This Week,56.0,3,3,1,0,0
SMMS02277,Medium,6.4,60,24.5,1,31.9,0.65,This Week,63.0,2,3,1,0,0
SMMS02278,High,6.0,30,18.1,2,38.9,0.85,This Week,62.6,3,3,1,0,0
SMMS02279,High,6.6,30,4.4,2,39.2,0.83,This Month,42.7,3,2,1,0,0
SMMS02280,High,7.9,30,14.2,2,27.6,0.76,This Week,55.4,3,3,1,0,0
SMMS02281,Critical,4.3,10,3.9,0,73.0,0.76,Immediate,60.3,4,4,1,0,0
SMMS02282,Medium,6.9,60,23.8,1,35.1,0.53,This Week,60.9,2,3,1,0,0
SMMS02283,High,5.6,30,12.2,3,32.3,0.85,This Week,58.3,3,3,1,0,0
SMMS02284,High,5.1,30,8.3,1,32.5,0.72,This Month,38.3,3,2,1,0,0
SMMS02285,Medium,4.6,60,24.0,3,45.6,0.72,This Week,57.6,2,3,1,0,0
SMMS02286,Low,4.8,76,17.1,2,22.9,0.87,This Month,53.5,1,2,1,0,0
SMMS02287,High,4.6,30,5.5,1,76.5,0.61,This Month,42.6,3,2,1,0,0
SMMS02288,Medium,6.0,60,6.4,2,93.0,0.6,This Month,47.2,2,2,1,0,0
SMMS02289,Critical,7.8,10,21.2,3,71.9,0.74,Immediate,64.2,4,4,1,0,0
SMMS02290,Low,2.9,0,11.2,0,44.5,0.67,Programmed,16.1,1,1,1,0,0
SMMS02291,Critical,8.5,10,22.1,4,73.2,0.91,Immediate,69.5,4,4,1,0,0
SMMS02292,High,6.1,30,23.5,3,55.8,0.79,This Week,61.6,3,3,1,0,0
SMMS02293,Medium,3.2,60,24.7,1,60.6,0.8,This Month,53.3,2,2,1,0,0
SMMS02294,Critical,10.8,10,4.3,0,65.9,0.87,Immediate,53.2,4,4,1,0,0
SMMS02295,Low,6.4,90,9.1,2,25.0,0.92,This Month,50.2,1,2,1,0,0
SMMS02296,Low,2.6,90,10.3,2,48.2,0.75,This Month,49.5,1,2,1,0,0
SMMS02297,Medium,2.4,60,16.9,2,34.6,0.77,This Week,55.3,2,3,1,0,0
SMMS02298,Low,0.8,90,17.8,1,46.1,0.81,This Month,53.3,1,2,1,0,0
SMMS02299,Critical,8.9,10,14.5,5,32.0,0.73,Immediate,62.6,4,4,1,0,0
SMMS02300,High,4.1,30,10.6,2,79.7,0.88,This Month,54.2,3,2,1,0,0
SMMS02301,Medium,3.0,60,12.0,2,33.0,0.89,This Week,56.3,2,3,1,0,0
SMMS02302,Medium,5.2,60,23.8,1,55.7,0.72,This Week,56.0,2,3,1,0,0
SMMS02303,High,3.9,30,24.5,2,22.3,0.88,This Week,63.1,3,3,1,0,0
SMMS02304,High,7.0,30,9.2,1,35.9,0.49,This Month,47.3,3,2,1,0,0
SMMS02305,High,4.9,30,15.7,0,53.8,0.65,This Month,52.9,3,2,1,0,0
SMMS02306,Critical,7.9,10,5.0,0,50.6,0.63,Immediate,53.5,4,4,1,0,0
SMMS02307,Medium,5.1,0,2.5,1,31.5,0.63,This Month,39.7,2,2,1,0,0
SMMS02308,Medium,6.5,60,5.0,0,60.8,0.72,This Month,46.3,2,2,1,0,0
SMMS02309,Medium,7.0,60,16.7,0,28.7,0.78,This Month,54.1,2,2,1,0,0
SMMS02310,High,7.4,30,12.0,0,29.5,0.73,This Month,44.3,3,2,1,0,0
SMMS02311,Low,4.6,90,10.9,1,32.1,0.76,This Month,44.7,1,2,1,0,0
SMMS02312,Low,4.1,90,17.8,0,36.8,0.68,This Month,49.8,1,2,1,0,0
SMMS02313,Medium,3.7,60,6.1,1,32.0,0.72,This Month,41.8,2,2,1,0,0
SMMS02314,High,7.9,30,13.8,1,36.3,0.78,This Month,54.7,3,2,1,0,0
SMMS02315,Low,3.5,90,23.8,1,45.2,0.59,This Month,52.5,1,2,1,0,0
SMMS02316,Medium,4.9,60,23.5,3,33.1,0.69,This Week,62.9,2,3,1,0,0
SMMS02317,High,8.4,30,4.8,0,37.3,0.63,This Week,56.7,3,3,1,0,0
SMMS02318,Medium,4.7,0,24.2,0,62.0,0.71,Programmed,32.2,2,1,1,0,0
SMMS02319,High,5.4,30,13.7,1,33.1,0.73,This Month,54.7,3,2,1,0,0
SMMS02320,High,6.3,30,16.0,4,40.5,0.85,This Week,60.0,3,3,1,0,0
SMMS02321,Low,3.3,68,17.1,3,26.3,0.66,This Month,47.3,1,2,1,0,0
SMMS02322,High,6.6,30,2.5,0,46.8,0.72,This Month,50.9,3,2,1,0,0
SMMS02323,Critical,6.3,10,21.5,3,63.6,0.83,Immediate,61.7,4,4,1,0,0
SMMS02324,Medium,7.5,60,12.8,2,51.8,0.87,This Month,54.8,2,2,1,0,0
SMMS02325,Critical,4.6,10,17.5,0,50.0,0.81,Immediate,52.8,4,4,1,0,0
SMMS02326,Medium,5.1,60,23.7,4,46.3,0.73,This Week,62.1,2,3,1,0,0
SMMS02327,Critical,9.9,10,24.8,2,42.1,0.93,Immediate,59.8,4,4,1,0,0
SMMS02328,Medium,2.2,60,19.7,4,26.8,0.65,This Week,55.5,2,3,1,0,0
SMMS02329,Low,3.1,90,14.3,2,24.7,0.69,This Month,46.4,1,2,1,0,0
SMMS02330,Low,3.8,89,21.3,0,43.1,0.6,This Month,51.7,1,2,1,0,0
SMMS02331,Medium,5.3,60,3.0,5,30.4,0.62,This Month,51.6,2,2,1,0,0
SMMS02332,High,8.4,30,8.7,3,48.3,0.76,This Month,47.7,3,2,1,0,0
SMMS02333,Critical,6.9,10,18.4,2,39.4,0.72,Immediate,57.8,4,4,1,0,0
SMMS02334,High,10.1,4,4.6,1,72.2,0.76,This Month,45.9,3,2,1,0,0
SMMS02335,Medium,5.4,60,8.0,0,46.0,0.62,This Week,56.3,2,3,1,0,0
SMMS02336,Low,0.9,82,17.0,4,48.3,0.66,This Month,52.2,1,2,1,0,0
SMMS02337,High,6.3,15,16.1,2,36.5,0.97,This Week,55.2,3,3,1,0,0
SMMS02338,Medium,3.7,17,17.1,4,37.4,0.91,This Month,42.4,2,2,1,0,0
SMMS02339,Medium,6.1,60,4.4,0,27.0,0.68,This Month,44.6,2,2,1,0,0
SMMS02340,High,4.7,18,22.0,2,55.5,0.99,This Week,58.2,3,3,1,0,0
SMMS02341,Medium,8.0,60,5.5,2,75.3,0.73,This Week,56.9,2,3,1,0,0
SMMS02342,Low,3.4,76,17.8,3,28.1,0.72,This Month,54.1,1,2,1,0,0
SMMS02343,Medium,5.9,60,20.8,3,61.6,0.73,This Month,54.8,2,2,1,0,0
SMMS02344,Medium,4.2,0,7.7,3,31.8,0.98,Programmed,33.1,2,1,1,0,0
SMMS02345,High,8.3,30,1.3,1,47.0,0.59,This Month,44.6,3,2,1,0,0
SMMS02346,Medium,5.7,60,2.0,0,54.5,0.8,This Month,41.1,2,2,1,0,0
SMMS02347,Low,1.3,90,15.2,1,55.9,0.59,This Month,53.5,1,2,1,0,0
SMMS02348,Medium,2.5,60,4.9,1,33.9,0.68,This Month,49.6,2,2,1,0,0
SMMS02349,High,3.2,30,20.5,3,59.9,0.88,This Week,61.3,3,3,1,0,0
SMMS02350,Medium,6.5,60,24.1,0,58.4,0.82,This Month,50.3,2,2,1,0,0
SMMS02351,Medium,6.5,60,8.8,0,75.5,0.67,This Month,45.3,2,2,1,0,0
SMMS02352,High,6.1,30,4.4,1,38.6,0.62,This Month,54.0,3,2,1,0,0
SMMS02353,Medium,5.9,38,2.9,2,31.2,0.88,This Month,43.0,2,2,1,0,0
SMMS02354,Low,3.0,90,7.0,2,68.0,0.91,This Month,53.7,1,2,1,0,0
SMMS02355,Low,4.0,90,19.2,2,30.8,0.79,This Week,61.3,1,3,1,0,0
SMMS02356,Medium,5.3,60,21.2,0,34.5,0.67,This Month,44.1,2,2,1,0,0
SMMS02357,Low,3.8,90,4.2,1,24.5,0.75,This Month,47.2,1,2,1,0,0
SMMS02358,Medium,5.8,35,23.6,2,32.3,0.82,This Week,61.6,2,3,1,0,0
SMMS02359,Low,1.8,90,9.4,0,26.9,0.65,This Month,43.5,1,2,1,0,0
SMMS02360,High,6.0,30,2.4,3,42.3,0.73,This Month,50.5,3,2,1,0,0
SMMS02361,Medium,6.7,60,19.0,2,44.7,0.78,This Week,63.8,2,3,1,0,0
SMMS02362,Low,1.6,68,5.5,4,30.4,0.79,This Month,43.6,1,2,1,0,0
SMMS02363,Medium,7.4,0,5.4,2,29.9,0.99,Programmed,29.5,2,1,1,0,0
SMMS02364,Low,5.0,28,23.1,2,20.9,0.9,Programmed,34.3,1,1,1,0,0
SMMS02365,Low,4.0,90,5.3,2,27.1,0.81,This Month,45.6,1,2,1,0,0
SMMS02366,Low,4.2,87,1.1,0,62.9,0.62,This Month,42.6,1,2,1,0,0
SMMS02367,High,7.0,21,2.5,0,33.9,0.73,This Month,45.8,3,2,1,0,0
SMMS02368,High,9.8,30,15.1,1,60.2,0.67,This Week,56.0,3,3,1,0,0
SMMS02369,High,10.7,30,23.4,2,59.6,0.84,This Week,61.0,3,3,1,0,0
SMMS02370,High,5.3,30,16.9,0,41.7,0.7,This Month,54.1,3,2,1,0,0
SMMS02371,Medium,3.6,60,21.6,3,56.2,0.83,This Week,55.0,2,3,1,0,0
SMMS02372,High,2.9,30,10.5,1,54.7,0.71,This Month,52.1,3,2,1,0,0
SMMS02373,Low,1.9,6,19.6,1,13.3,0.77,Programmed,33.7,1,1,1,0,0
SMMS02374,Medium,4.4,60,3.2,0,82.3,0.7,This Month,45.2,2,2,1,0,0
SMMS02375,Critical,7.7,10,7.2,3,42.5,0.91,Immediate,56.4,4,4,1,0,0
SMMS02376,Low,5.2,0,18.1,2,57.8,0.86,Programmed,23.9,1,1,1,0,0
SMMS02377,Low,7.8,90,9.2,1,23.7,0.81,This Month,49.7,1,2,1,0,0
SMMS02378,Critical,6.4,10,7.8,2,55.2,0.97,Immediate,54.6,4,4,1,0,0
SMMS02379,High,8.0,30,15.1,2,67.3,0.8,This Week,60.1,3,3,1,0,0
SMMS02380,Low,4.1,77,15.7,2,28.8,0.74,This Month,47.5,1,2,1,0,0
SMMS02381,Medium,7.2,60,23.3,4,45.5,0.86,This Week,55.7,2,3,1,0,0
SMMS02382,Medium,3.2,60,4.2,0,22.8,0.59,This Month,43.0,2,2,1,0,0
SMMS02383,Medium,6.6,60,17.4,3,27.9,0.7,This Week,55.3,2,3,1,0,0
SMMS02384,High,4.7,30,4.1,1,59.2,0.69,This Week,57.3,3,3,1,0,0
SMMS02385,Medium,6.5,60,17.7,1,27.9,0.6,This Month,46.8,2,2,1,0,0
SMMS02386,Low,5.7,15,5.1,1,22.8,0.82,Programmed,33.2,1,1,1,0,0
SMMS02387,High,12.7,30,3.4,1,70.0,0.59,This Month,50.4,3,2,1,0,0
SMMS02388,High,8.7,30,22.4,2,64.1,0.75,This Week,64.5,3,3,1,0,0
SMMS02389,Low,5.5,90,13.1,3,26.3,0.81,This Week,58.4,1,3,1,0,0
SMMS02390,High,7.5,30,6.1,1,52.2,0.59,This Month,37.0,3,2,1,0,0
SMMS02391,High,7.2,30,17.0,2,35.8,0.91,This Week,56.0,3,3,1,0,0
SMMS02392,Low,2.7,25,17.2,2,20.6,0.79,This Month,36.6,1,2,1,0,0
SMMS02393,Low,0.8,0,7.7,0,29.4,0.83,Programmed,18.7,1,1,1,0,0
SMMS02394,Critical,5.8,10,24.4,1,23.3,0.89,Immediate,62.4,4,4,1,0,0
SMMS02395,High,3.6,30,14.7,3,53.2,0.62,This Week,56.0,3,3,1,0,0
SMMS02396,High,2.7,30,5.6,0,36.8,0.52,This Month,51.5,3,2,1,0,0
SMMS02397,Medium,2.8,60,5.9,0,24.0,0.64,This Month,53.8,2,2,1,0,0
SMMS02398,Low,4.3,90,17.1,1,33.6,0.76,This Week,61.2,1,3,1,0,0
SMMS02399,Medium,3.5,60,15.2,1,38.4,0.78,This Month,54.4,2,2,1,0,0
SMMS02400,Medium,8.6,60,2.7,2,33.5,0.7,This Week,60.1,2,3,1,0,0
SMMS02401,Medium,4.3,60,24.9,5,45.7,0.68,This Week,68.9,2,3,1,0,0
SMMS02402,High,7.1,30,8.7,1,57.5,0.51,This Month,40.9,3,2,1,0,0
SMMS02403,Medium,6.2,60,10.5,0,85.6,0.52,This Month,50.8,2,2,1,0,0
SMMS02404,High,7.3,30,8.2,1,45.0,0.68,This Month,54.5,3,2,1,0,0
SMMS02405,Critical,11.3,10,8.2,2,49.5,0.79,Immediate,63.2,4,4,1,0,0
SMMS02406,Medium,8.2,60,24.1,4,58.6,0.61,This Week,56.5,2,3,1,0,0
SMMS02407,Medium,5.8,60,8.4,0,60.7,0.67,This Month,42.0,2,2,1,0,0
SMMS02408,High,7.5,30,7.7,0,57.3,0.66,This Month,49.0,3,2,1,0,0
SMMS02409,Medium,3.1,26,19.1,3,38.4,0.81,This Month,45.8,2,2,1,0,0
SMMS02410,Medium,6.8,60,23.3,1,56.1,0.66,This Month,51.9,2,2,1,0,0
SMMS02411,Critical,4.8,10,7.0,1,45.3,0.65,Immediate,60.2,4,4,1,0,0
SMMS02412,Medium,3.3,60,7.2,2,50.8,0.88,This Month,46.7,2,2,1,0,0
SMMS02413,Low,2.8,90,14.3,2,87.9,0.71,This Month,52.1,1,2,1,0,0
SMMS02414,High,5.6,30,23.6,2,64.3,0.87,This Week,63.8,3,3,1,0,0
SMMS02415,Low,3.2,90,19.9,0,23.3,0.53,This Week,55.2,1,3,1,0,0
SMMS02416,Low,6.2,0,9.0,2,32.5,0.92,Programmed,21.7,1,1,1,0,0
SMMS02417,Medium,6.2,60,17.1,3,52.7,0.88,This Week,57.9,2,3,1,0,0
SMMS02418,Low,3.4,0,18.6,3,27.9,0.88,Programmed,30.1,1,1,1,0,0
SMMS02419,Medium,3.4,60,22.3,1,21.6,0.83,This Month,51.4,2,2,1,0,0
SMMS02420,Medium,6.4,60,17.9,2,28.3,0.7,This Week,55.6,2,3,1,0,0
SMMS02421,High,8.9,15,4.6,2,39.1,0.87,This Month,49.0,3,2,1,0,0
SMMS02422,High,8.3,30,8.2,2,64.8,0.71,This Month,54.3,3,2,1,0,0
SMMS02423,Critical,5.7,10,13.0,2,49.3,0.85,Immediate,60.2,4,4,1,0,0
SMMS02424,Medium,3.6,60,6.8,4,25.1,0.86,This Week,59.8,2,3,1,0,0
SMMS02425,Medium,7.1,15,24.9,2,28.9,0.85,This Month,41.2,2,2,1,0,0
SMMS02426,High,8.4,30,13.9,1,46.1,0.81,This Month,54.1,3,2,1,0,0
SMMS02427,Medium,5.2,60,2.0,3,55.9,0.73,This Month,43.5,2,2,1,0,0
SMMS02428,Low,2.7,0,5.5,1,22.7,0.6,Programmed,22.7,1,1,1,0,0
SMMS02429,Medium,5.7,60,13.9,2,36.9,0.8,This Month,54.7,2,2,1,0,0
SMMS02430,High,6.0,30,9.0,0,37.1,0.73,This Month,50.8,3,2,1,0,0
SMMS02431,High,7.0,7,9.6,2,58.5,0.85,This Month,45.6,3,2,1,0,0
SMMS02432,Critical,5.7,10,16.9,1,37.1,0.88,Immediate,56.3,4,4,1,0,0
SMMS02433,Medium,3.1,9,21.7,2,34.7,0.99,This Month,50.7,2,2,1,0,0
SMMS02434,Medium,4.1,60,8.1,1,56.6,0.5,This Month,47.4,2,2,1,0,0
SMMS02435,Low,5.4,90,18.5,1,34.2,0.65,This Month,47.6,1,2,1,0,0
SMMS02436,Medium,8.0,60,1.7,2,51.9,0.79,This Month,49.8,2,2,1,0,0
SMMS02437,Medium,4.5,0,10.4,2,54.1,0.75,This Month,39.8,2,2,1,0,0
SMMS02438,High,6.7,30,19.1,2,31.2,0.81,This Week,60.2,3,3,1,0,0
SMMS02439,Medium,8.0,60,7.1,4,30.1,0.8,This Month,54.6,2,2,1,0,0
SMMS02440,Medium,8.5,60,7.2,0,28.6,0.73,This Month,49.4,2,2,1,0,0
SMMS02441,Low,0.9,46,15.5,1,16.2,0.84,This Month,40.8,1,2,1,0,0
SMMS02442,Medium,7.3,60,16.9,4,58.3,0.76,This Week,57.8,2,3,1,0,0
SMMS02443,Medium,5.8,0,23.4,3,40.0,0.97,This Month,47.6,2,2,1,0,0
SMMS02444,Low,5.9,32,12.8,1,22.7,0.56,This Month,38.6,1,2,1,0,0
SMMS02445,Medium,3.1,60,12.6,2,35.4,0.69,This Week,57.4,2,3,1,0,0
SMMS02446,Medium,5.9,60,11.5,2,88.2,0.68,This Week,59.5,2,3,1,0,0
SMMS02447,Medium,4.5,60,24.9,3,51.9,0.82,This Week,56.5,2,3,1,0,0
SMMS02448,Low,2.9,4,2.0,0,27.1,0.86,Programmed,15.5,1,1,1,0,0
SMMS02449,Low,3.9,61,14.3,2,24.3,0.75,This Month,44.8,1,2,1,0,0
SMMS02450,Low,5.5,90,14.3,0,29.5,0.74,This Month,53.5,1,2,1,0,0
SMMS02451,High,5.7,30,16.7,1,33.1,0.48,This Month,43.4,3,2,1,0,0
SMMS02452,Low,2.1,90,16.7,1,51.4,0.68,This Month,52.2,1,2,1,0,0
SMMS02453,Low,3.7,90,2.2,0,20.1,0.78,This Month,40.5,1,2,1,0,0
SMMS02454,Medium,5.9,60,19.3,3,24.9,0.81,This Week,64.0,2,3,1,0,0
SMMS02455,Medium,5.8,60,22.0,3,25.0,0.86,This Week,57.3,2,3,1,0,0
SMMS02456,Low,5.0,90,8.2,1,45.7,0.66,This Month,51.7,1,2,1,0,0
SMMS02457,Low,5.6,0,4.7,2,18.9,0.94,Programmed,24.0,1,1,1,0,0
SMMS02458,High,7.6,28,8.8,4,41.5,0.89,This Week,58.4,3,3,1,0,0
SMMS02459,Low,3.0,90,3.9,2,45.3,0.64,This Month,47.5,1,2,1,0,0
SMMS02460,High,5.3,30,24.9,5,27.1,0.91,This Week,68.3,3,3,1,0,0
SMMS02461,High,6.8,30,16.8,1,33.0,0.72,This Week,57.3,3,3,1,0,0
SMMS02462,Low,2.4,90,20.5,4,23.0,0.86,This Week,56.8,1,3,1,0,0
SMMS02463,Medium,3.1,60,2.2,1,51.7,0.68,This Month,50.0,2,2,1,0,0
SMMS02464,Medium,6.2,60,9.2,4,34.8,0.95,This Month,50.1,2,2,1,0,0
SMMS02465,Low,4.6,89,23.3,4,69.5,0.69,This Week,59.4,1,3,1,0,0
SMMS02466,Medium,4.4,0,22.4,0,29.5,0.69,This Month,37.3,2,2,1,0,0
SMMS02467,Low,2.5,19,16.7,0,27.6,0.83,Programmed,33.0,1,1,1,0,0
SMMS02468,Critical,7.0,10,13.8,1,65.3,0.78,Immediate,56.7,4,4,1,0,0
SMMS02469,Medium,4.1,60,16.4,3,66.1,0.94,This Week,56.4,2,3,1,0,0
SMMS02470,Critical,8.2,10,6.8,0,48.2,0.78,Immediate,50.8,4,4,1,0,0
SMMS02471,Medium,3.9,60,16.4,3,42.3,0.9,This Week,57.1,2,3,1,0,0
SMMS02472,Low,2.9,51,14.0,1,46.3,0.73,This Month,47.2,1,2,1,0,0
SMMS02473,Medium,5.9,60,10.8,1,34.8,0.63,This Month,52.6,2,2,1,0,0
SMMS02474,Medium,6.0,60,20.6,4,28.4,0.67,This Week,58.1,2,3,1,0,0
SMMS02475,Medium,7.0,4,19.8,6,33.9,0.84,This Month,41.4,2,2,1,0,0
SMMS02476,Low,3.0,90,9.6,2,57.1,0.82,This Month,48.0,1,2,1,0,0
SMMS02477,Medium,6.5,60,19.8,1,30.9,0.66,This Week,60.4,2,3,1,0,0
SMMS02478,High,9.0,30,1.2,1,55.7,0.57,This Month,50.9,3,2,1,0,0
SMMS02479,Medium,6.8,23,14.0,1,30.8,0.74,This Month,37.6,2,2,1,0,0
SMMS02480,Low,4.3,0,13.7,1,49.5,0.74,Programmed,17.8,1,1,1,0,0
SMMS02481,Low,6.0,90,3.0,1,75.0,0.57,This Month,41.4,1,2,1,0,0
SMMS02482,Medium,6.2,60,6.6,0,27.6,0.68,This Month,51.3,2,2,1,0,0
SMMS02483,Medium,4.6,60,14.6,2,41.5,0.63,This Month,50.9,2,2,1,0,0
SMMS02484,High,8.0,30,16.6,3,84.2,0.72,This Month,54.2,3,2,1,0,0
SMMS02485,High,8.6,30,12.0,3,42.1,0.82,This Month,53.8,3,2,1,0,0
SMMS02486,Low,3.5,90,17.5,3,23.8,0.76,This Month,50.5,1,2,1,0,0
SMMS02487,High,6.8,30,24.0,4,54.1,0.69,This Week,64.9,3,3,1,0,0
SMMS02488,Critical,6.9,10,19.0,1,63.6,0.71,Immediate,56.7,4,4,1,0,0
SMMS02489,Critical,9.9,10,1.5,3,57.5,0.96,Immediate,63.3,4,4,1,0,0
SMMS02490,Medium,6.1,60,11.1,3,48.4,0.88,This Month,49.7,2,2,1,0,0
SMMS02491,Medium,4.3,60,22.1,1,33.5,0.61,This Week,66.1,2,3,1,0,0
SMMS02492,High,5.1,30,13.4,4,37.0,0.77,This Month,53.1,3,2,1,0,0
SMMS02493,Medium,4.7,60,5.6,1,22.0,0.64,This Week,60.3,2,3,1,0,0
SMMS02494,Medium,5.1,60,7.4,0,62.8,0.64,This Month,49.9,2,2,1,0,0
SMMS02495,Low,5.7,90,11.2,0,20.1,0.81,This Week,57.2,1,3,1,0,0
SMMS02496,Medium,5.7,60,7.1,3,23.7,0.7,This Month,54.7,2,2,1,0,0
SMMS02497,Low,2.6,89,6.4,1,31.3,0.53,This Month,51.3,1,2,1,0,0
SMMS02498,Low,5.2,90,10.4,0,12.4,0.67,This Month,42.6,1,2,1,0,0
SMMS02499,High,6.3,30,15.7,3,31.0,0.96,This Week,62.3,3,3,1,0,0
SMMS02500,High,4.4,30,21.0,5,57.6,0.89,This Week,58.9,3,3,1,0,0
SMMS02501,Low,4.2,90,6.1,1,37.6,0.71,This Month,39.3,1,2,1,0,0
SMMS02502,High,7.6,30,24.4,6,40.6,0.75,This Week,65.4,3,3,1,0,0
SMMS02503,High,11.6,6,12.8,2,60.5,0.92,This Month,46.0,3,2,1,0,0
SMMS02504,Low,3.5,90,23.3,2,27.4,0.88,This Week,56.8,1,3,1,0,0
SMMS02505,Medium,5.4,60,13.4,3,61.0,0.73,This Month,50.4,2,2,1,0,0
SMMS02506,Medium,6.1,60,21.0,1,65.2,0.6,This Month,54.6,2,2,1,0,0
SMMS02507,Low,4.8,73,23.0,3,28.3,0.79,This Week,59.3,1,3,1,0,0
SMMS02508,Low,9.5,90,24.5,1,32.1,0.65,This Month,54.6,1,2,1,0,0
SMMS02509,Low,5.8,90,21.4,2,20.7,0.84,This Month,49.5,1,2,1,0,0
SMMS02510,Low,4.8,90,18.8,2,51.7,0.82,This Month,51.6,1,2,1,0,0
SMMS02511,Medium,5.8,0,24.1,4,58.6,0.87,This Month,47.7,2,2,1,0,0
SMMS02512,Medium,3.3,0,8.1,1,53.1,0.77,Programmed,22.3,2,1,1,0,0
SMMS02513,Medium,8.2,1,5.9,3,54.3,0.94,Programmed,30.0,2,1,1,0,0
SMMS02514,High,7.3,30,10.0,3,67.3,0.84,This Week,60.0,3,3,1,0,0
SMMS02515,Low,4.0,0,12.3,1,41.5,0.8,Programmed,26.2,1,1,1,0,0
SMMS02516,High,7.5,30,24.9,5,87.2,0.62,This Week,64.0,3,3,1,0,0
SMMS02517,Medium,5.1,60,23.2,1,53.1,0.63,This Week,57.5,2,3,1,0,0
SMMS02518,Medium,3.3,60,11.0,2,31.4,0.88,This Week,58.0,2,3,1,0,0
SMMS02519,Low,4.0,3,21.3,4,52.2,0.99,Programmed,26.0,1,1,1,0,0
SMMS02520,Critical,5.7,10,22.9,8,41.2,0.99,Immediate,67.4,4,4,1,0,0
SMMS02521,Critical,8.0,10,12.3,0,79.9,0.88,Immediate,57.7,4,4,1,0,0
SMMS02522,Medium,4.9,60,23.9,0,29.2,0.61,This Week,56.3,2,3,1,0,0
SMMS02523,Medium,9.6,60,2.4,1,57.9,0.66,This Month,45.0,2,2,1,0,0
SMMS02524,Medium,8.2,60,2.6,0,34.9,0.55,This Month,48.8,2,2,1,0,0
SMMS02525,Medium,8.2,60,19.9,1,33.1,0.56,This Week,56.3,2,3,1,0,0
SMMS02526,Medium,4.8,60,2.8,4,36.8,0.65,This Month,51.7,2,2,1,0,0
SMMS02527,Medium,4.7,60,11.9,1,32.0,0.62,This Month,52.4,2,2,1,0,0
SMMS02528,Critical,6.3,10,10.7,1,54.4,0.9,Immediate,59.0,4,4,1,0,0
SMMS02529,Medium,6.1,60,7.0,1,57.3,0.7,This Month,50.4,2,2,1,0,0
SMMS02530,Low,4.3,0,18.2,2,47.5,0.97,Programmed,30.0,1,1,1,0,0
SMMS02531,High,5.1,30,7.7,2,30.2,0.74,This Month,48.8,3,2,1,0,0
SMMS02532,High,5.6,30,15.5,1,62.4,0.74,This Week,57.9,3,3,1,0,0
SMMS02533,Medium,3.8,60,23.9,1,33.9,0.75,This Week,58.0,2,3,1,0,0
SMMS02534,High,7.3,30,13.0,2,61.7,0.89,This Week,59.8,3,3,1,0,0
SMMS02535,Medium,6.4,60,20.4,1,31.0,0.67,This Week,62.6,2,3,1,0,0
SMMS02536,High,10.8,30,15.6,1,68.6,0.59,This Week,61.3,3,3,1,0,0
SMMS02537,Low,5.2,90,18.0,0,23.9,0.73,This Month,50.4,1,2,1,0,0
SMMS02538,Low,1.6,90,3.5,2,22.0,0.92,This Month,48.8,1,2,1,0,0
SMMS02539,Medium,3.9,60,11.5,2,29.9,0.68,This Month,51.0,2,2,1,0,0
SMMS02540,Medium,7.2,60,7.4,2,56.3,0.79,This Week,57.0,2,3,1,0,0
SMMS02541,Low,3.0,90,15.8,1,25.9,0.59,This Month,51.4,1,2,1,0,0
SMMS02542,Medium,3.7,60,4.3,1,52.7,0.7,This Month,44.5,2,2,1,0,0
SMMS02543,Low,4.0,90,5.9,1,24.4,0.77,This Month,48.3,1,2,1,0,0
SMMS02544,High,4.9,30,11.2,3,31.6,0.71,This Month,54.4,3,2,1,0,0
SMMS02545,Medium,6.4,60,7.8,0,36.5,0.76,This Week,56.0,2,3,1,0,0
SMMS02546,Medium,6.0,24,18.3,0,55.9,0.68,This Month,42.4,2,2,1,0,0
SMMS02547,Low,3.2,90,19.2,3,31.3,0.95,This Month,49.6,1,2,1,0,0
SMMS02548,High,3.2,22,22.3,1,45.6,0.6,This Month,53.3,3,2,1,0,0
SMMS02549,Critical,7.4,10,23.8,1,43.4,0.7,Immediate,64.2,4,4,1,0,0
SMMS02550,High,7.4,30,23.3,4,57.9,0.82,This Week,63.3,3,3,1,0,0
SMMS02551,Low,5.4,34,18.1,1,22.9,0.82,This Month,39.3,1,2,1,0,0
SMMS02552,Low,2.7,90,9.5,2,32.1,0.86,This Month,43.7,1,2,1,0,0
SMMS02553,High,8.2,30,18.0,1,57.4,0.79,This Month,53.6,3,2,1,0,0
SMMS02554,High,4.7,30,22.8,2,29.8,0.88,This Week,60.4,3,3,1,0,0
SMMS02555,Medium,5.3,60,13.4,1,33.6,0.71,This Week,55.6,2,3,1,0,0
SMMS02556,Medium,5.9,60,7.6,3,55.7,0.74,This Week,56.1,2,3,1,0,0
SMMS02557,Low,4.1,0,5.5,1,44.3,0.69,Programmed,16.2,1,1,1,0,0
SMMS02558,Low,2.7,90,10.9,5,48.3,0.82,This Week,57.4,1,3,1,0,0
SMMS02559,Medium,6.3,60,18.5,1,54.3,0.9,This Week,58.6,2,3,1,0,0
SMMS02560,High,10.9,30,17.7,1,57.3,0.66,This Week,56.3,3,3,1,0,0
SMMS02561,Low,5.1,90,20.6,4,39.0,0.76,This Week,61.2,1,3,1,0,0
SMMS02562,Low,6.2,22,9.9,1,20.8,0.73,Programmed,34.1,1,1,1,0,0
SMMS02563,Medium,5.2,60,13.6,1,30.9,0.81,This Month,46.7,2,2,1,0,0
SMMS02564,High,8.4,30,2.0,2,70.8,0.79,This Month,52.8,3,2,1,0,0
SMMS02565,Medium,4.1,60,11.2,1,81.9,0.64,This Month,47.7,2,2,1,0,0
SMMS02566,Medium,7.2,60,14.1,1,33.8,0.63,This Week,56.1,2,3,1,0,0
SMMS02567,Low,3.2,0,22.7,1,31.0,0.69,Programmed,26.4,1,1,1,0,0
SMMS02568,Medium,3.4,56,12.0,0,38.1,0.69,This Week,57.2,2,3,1,0,0
SMMS02569,Medium,7.7,60,16.6,2,45.9,0.72,This Month,52.3,2,2,1,0,0
SMMS02570,Medium,5.3,60,13.2,2,39.9,0.8,This Month,46.7,2,2,1,0,0
SMMS02571,High,5.0,30,18.2,0,70.3,0.79,This Month,54.6,3,2,1,0,0
SMMS02572,Medium,5.8,60,15.8,0,37.7,0.7,This Week,59.7,2,3,1,0,0
SMMS02573,Medium,3.9,60,21.0,3,70.9,0.82,This Week,58.4,2,3,1,0,0
SMMS02574,Low,3.5,85,2.9,1,25.7,0.57,This Month,44.9,1,2,1,0,0
SMMS02575,Low,3.4,44,16.4,0,26.9,0.72,This Month,35.3,1,2,1,0,0
SMMS02576,Medium,4.5,60,12.9,3,21.1,0.84,This Month,53.8,2,2,1,0,0
SMMS02577,Low,3.1,90,11.6,1,27.2,0.73,This Month,45.3,1,2,1,0,0
SMMS02578,Critical,10.1,10,3.9,1,72.0,0.75,Immediate,48.8,4,4,1,0,0
SMMS02579,Medium,6.9,60,2.8,2,19.7,0.83,This Week,56.4,2,3,1,0,0
SMMS02580,Medium,5.5,0,3.3,2,34.7,0.92,Programmed,31.3,2,1,1,0,0
SMMS02581,Medium,5.4,13,18.2,0,47.8,0.75,This Month,42.3,2,2,1,0,0
SMMS02582,Medium,5.6,60,21.6,3,52.5,0.9,This Week,65.6,2,3,1,0,0
SMMS02583,Low,5.4,90,14.8,0,38.2,0.66,This Month,50.7,1,2,1,0,0
SMMS02584,Low,3.2,90,23.5,1,27.3,0.79,This Month,53.6,1,2,1,0,0
SMMS02585,Medium,3.0,60,8.7,2,27.3,0.78,This Month,48.0,2,2,1,0,0
SMMS02586,Low,8.3,90,8.6,0,50.4,0.68,This Month,42.3,1,2,1,0,0
SMMS02587,Medium,6.5,60,8.1,2,49.8,0.66,This Month,53.6,2,2,1,0,0
SMMS02588,Medium,7.5,60,11.2,2,65.3,0.73,This Month,54.8,2,2,1,0,0
SMMS02589,Low,5.3,90,21.6,4,26.1,0.85,This Month,53.2,1,2,1,0,0
SMMS02590,Low,4.0,0,23.9,3,47.5,0.85,Programmed,28.8,1,1,1,0,0
SMMS02591,Low,3.5,90,8.2,1,57.1,0.65,This Month,49.3,1,2,1,0,0
SMMS02592,Medium,7.8,60,2.6,0,34.1,0.57,This Month,44.0,2,2,1,0,0
SMMS02593,Medium,3.9,60,5.2,3,29.8,0.89,This Month,45.8,2,2,1,0,0
SMMS02594,High,8.6,30,4.6,3,60.6,0.91,This Month,54.5,3,2,1,0,0
SMMS02595,Medium,3.0,60,18.5,2,27.3,0.78,This Week,57.8,2,3,1,0,0
SMMS02596,Low,3.0,23,6.1,2,19.1,0.82,Programmed,21.7,1,1,1,0,0
SMMS02597,Low,2.2,72,18.0,3,50.8,0.63,This Month,48.3,1,2,1,0,0
SMMS02598,Low,5.9,90,14.9,1,27.4,0.7,This Week,59.2,1,3,1,0,0
SMMS02599,Low,2.6,90,20.7,4,49.7,0.71,This Week,58.7,1,3,1,0,0
SMMS02600,Low,2.5,90,9.1,1,82.7,0.66,This Month,47.8,1,2,1,0,0
SMMS02601,Medium,4.0,60,1.1,4,21.9,0.79,This Month,54.2,2,2,1,0,0
SMMS02602,Critical,9.8,10,5.6,1,49.8,0.9,Immediate,57.1,4,4,1,0,0
SMMS02603,Medium,3.2,60,4.0,0,31.1,0.74,This Month,46.7,2,2,1,0,0
SMMS02604,Medium,3.5,60,18.6,0,20.6,0.74,This Week,62.7,2,3,1,0,0
SMMS02605,Low,1.7,90,17.3,2,46.2,0.67,This Week,62.2,1,3,1,0,0
SMMS02606,High,8.9,30,15.4,3,37.3,0.93,This Week,58.1,3,3,1,0,0
SMMS02607,Medium,7.5,60,14.5,1,63.8,0.62,This Week,58.0,2,3,1,0,0
SMMS02608,High,7.3,30,15.7,3,37.6,0.81,This Week,55.7,3,3,1,0,0
SMMS02609,Critical,8.6,10,19.6,1,66.8,0.69,Immediate,61.9,4,4,1,0,0
SMMS02610,Medium,3.2,6,8.6,1,32.6,0.72,Programmed,34.6,2,1,1,0,0
SMMS02611,Critical,8.5,10,16.3,2,40.2,0.93,Immediate,59.1,4,4,1,0,0
SMMS02612,Medium,4.1,60,17.9,5,87.5,0.77,This Month,51.6,2,2,1,0,0
SMMS02613,Critical,9.2,10,14.9,1,96.3,0.63,Immediate,64.5,4,4,1,0,0
SMMS02614,High,6.6,30,17.0,1,60.5,0.74,This Month,52.9,3,2,1,0,0
SMMS02615,Critical,5.6,10,24.4,2,66.7,0.82,Immediate,58.9,4,4,1,0,0
SMMS02616,Low,6.9,0,23.1,2,32.8,0.99,Programmed,27.7,1,1,1,0,0
SMMS02617,Critical,10.1,10,23.9,2,44.5,0.95,Immediate,70.4,4,4,1,0,0
SMMS02618,High,7.7,30,12.7,0,56.5,0.71,This Month,52.9,3,2,1,0,0
SMMS02619,Low,4.9,0,9.9,3,29.9,0.86,Programmed,29.2,1,1,1,0,0
SMMS02620,Low,3.0,90,18.6,3,25.1,0.78,This Week,58.0,1,3,1,0,0
SMMS02621,Critical,10.6,10,14.1,2,58.9,0.83,Immediate,55.8,4,4,1,0,0
SMMS02622,Medium,8.2,60,17.8,1,35.2,0.73,This Week,55.6,2,3,1,0,0
SMMS02623,Medium,7.7,60,7.5,1,55.6,0.63,This Week,56.7,2,3,1,0,0
SMMS02624,Low,7.8,90,16.7,2,22.4,0.78,This Week,56.4,1,3,1,0,0
SMMS02625,Low,5.1,90,5.7,2,28.6,0.74,This Month,51.7,1,2,1,0,0
SMMS02626,High,6.7,30,1.5,1,67.6,0.83,This Month,53.6,3,2,1,0,0
SMMS02627,Medium,8.6,36,12.6,1,56.1,0.7,This Month,51.5,2,2,1,0,0
SMMS02628,High,5.9,30,8.6,1,48.8,0.64,This Month,47.3,3,2,1,0,0
SMMS02629,Low,4.1,90,16.7,4,19.1,0.72,This Month,51.9,1,2,1,0,0
SMMS02630,Critical,6.5,10,15.0,1,83.1,0.85,Immediate,59.9,4,4,1,0,0
SMMS02631,Medium,6.7,60,20.7,3,36.1,0.82,This Week,57.1,2,3,1,0,0
SMMS02632,Medium,4.6,60,2.2,1,47.6,0.74,This Month,50.8,2,2,1,0,0
SMMS02633,Critical,6.1,10,8.0,1,53.4,0.82,Immediate,47.8,4,4,1,0,0
SMMS02634,Critical,8.2,10,10.2,0,46.2,0.88,Immediate,49.5,4,4,1,0,0
SMMS02635,Critical,8.7,10,19.5,2,68.7,0.73,Immediate,58.3,4,4,1,0,0
SMMS02636,Medium,5.5,13,21.2,0,60.4,0.95,This Month,47.5,2,2,1,0,0
SMMS02637,Critical,8.7,10,3.9,3,44.7,0.83,Immediate,52.2,4,4,1,0,0
SMMS02638,Medium,5.8,57,13.2,2,16.5,0.79,This Month,46.1,2,2,1,0,0
SMMS02639,Medium,5.6,60,11.3,4,21.7,0.71,This Week,55.7,2,3,1,0,0
SMMS02640,Medium,6.0,60,10.8,3,31.8,0.74,This Week,64.0,2,3,1,0,0
SMMS02641,Medium,6.4,0,11.8,1,26.9,0.82,This Month,37.9,2,2,1,0,0
SMMS02642,Medium,2.2,60,9.0,2,69.4,0.74,This Month,46.9,2,2,1,0,0
SMMS02643,High,6.7,30,14.3,4,66.5,0.9,This Week,58.2,3,3,1,0,0
SMMS02644,Low,10.0,29,4.7,3,20.5,0.73,Programmed,31.8,1,1,1,0,0
SMMS02645,Low,3.3,90,16.4,2,61.1,0.78,This Month,47.1,1,2,1,0,0
SMMS02646,Medium,4.7,60,11.5,2,22.2,0.8,This Month,49.2,2,2,1,0,0
SMMS02647,Critical,5.5,10,4.9,4,66.1,0.86,Immediate,50.9,4,4,1,0,0
SMMS02648,Low,4.5,90,18.3,6,53.2,0.88,This Week,55.3,1,3,1,0,0
SMMS02649,Low,5.7,0,16.1,1,48.8,0.68,Programmed,20.2,1,1,1,0,0
SMMS02650,High,4.0,30,4.9,2,62.4,0.81,This Month,44.6,3,2,1,0,0
SMMS02651,High,9.1,30,11.7,0,62.8,0.59,This Month,50.3,3,2,1,0,0
SMMS02652,Low,3.0,90,5.6,1,48.7,0.78,This Month,51.4,1,2,1,0,0
SMMS02653,Medium,5.5,60,15.1,2,43.1,0.72,This Month,53.6,2,2,1,0,0
SMMS02654,Medium,3.5,60,17.9,2,28.5,0.74,This Month,51.7,2,2,1,0,0
SMMS02655,Low,2.2,90,6.6,0,26.7,0.67,This Month,51.8,1,2,1,0,0
SMMS02656,High,6.1,30,22.9,5,64.1,0.76,This Week,58.1,3,3,1,0,0
SMMS02657,Medium,4.7,1,20.4,2,53.0,0.94,This Month,40.7,2,2,1,0,0
SMMS02658,Medium,6.1,60,23.8,3,26.3,0.74,This Week,60.1,2,3,1,0,0
SMMS02659,Medium,4.5,0,6.4,0,49.2,0.74,This Month,35.1,2,2,1,0,0
SMMS02660,High,3.7,30,7.9,0,32.0,0.55,This Month,48.2,3,2,1,0,0
SMMS02661,Medium,4.9,0,16.6,2,26.2,0.73,This Month,35.8,2,2,1,0,0
SMMS02662,Medium,5.0,60,11.8,3,39.0,0.81,This Month,47.9,2,2,1,0,0
SMMS02663,Medium,4.2,60,17.8,3,33.1,0.91,This Week,57.3,2,3,1,0,0
SMMS02664,High,9.4,30,2.2,2,45.6,0.7,This Month,43.6,3,2,1,0,0
SMMS02665,Medium,5.9,60,7.3,1,36.5,0.79,This Week,56.9,2,3,1,0,0
SMMS02666,High,4.4,23,11.4,2,46.1,0.79,This Month,53.4,3,2,1,0,0
SMMS02667,Critical,9.9,10,3.2,0,35.3,0.81,Immediate,49.9,4,4,1,0,0
SMMS02668,High,7.9,27,7.4,1,38.2,0.71,This Month,51.7,3,2,1,0,0
SMMS02669,Medium,3.9,26,12.3,1,92.0,0.74,This Month,38.0,2,2,1,0,0
SMMS02670,Critical,7.6,10,24.7,1,74.4,0.75,Immediate,61.9,4,4,1,0,0
SMMS02671,High,10.3,30,5.1,1,63.3,0.65,This Month,47.2,3,2,1,0,0
SMMS02672,High,10.3,30,6.6,1,38.4,0.66,This Week,56.9,3,3,1,0,0
SMMS02673,High,11.6,30,2.5,2,38.0,0.64,This Week,59.9,3,3,1,0,0
SMMS02674,Low,4.1,90,15.6,3,31.3,0.6,This Month,49.6,1,2,1,0,0
SMMS02675,Low,4.3,90,10.1,2,28.7,0.71,This Month,46.1,1,2,1,0,0
SMMS02676,High,7.5,30,10.9,0,24.0,0.78,This Week,56.4,3,3,1,0,0
SMMS02677,High,6.2,30,12.0,4,64.6,0.64,This Month,52.8,3,2,1,0,0
SMMS02678,Critical,9.9,10,19.3,1,41.6,0.8,Immediate,63.1,4,4,1,0,0
SMMS02679,Low,4.9,90,4.2,0,19.9,0.6,This Month,46.4,1,2,1,0,0
SMMS02680,Low,1.8,0,19.7,2,22.2,0.99,Programmed,34.7,1,1,1,0,0
SMMS02681,Medium,5.1,60,7.7,3,52.8,0.89,This Week,56.2,2,3,1,0,0
SMMS02682,Medium,4.2,60,14.6,4,57.3,0.74,This Month,51.6,2,2,1,0,0
SMMS02683,High,5.2,30,12.5,1,91.1,0.77,This Week,58.5,3,3,1,0,0
SMMS02684,Critical,6.0,10,23.3,2,43.8,0.85,Immediate,65.0,4,4,1,0,0
SMMS02685,High,5.3,8,18.0,1,65.5,0.77,This Month,51.1,3,2,1,0,0
SMMS02686,Low,4.6,90,18.5,4,20.0,0.83,This Month,54.0,1,2,1,0,0
SMMS02687,Critical,8.3,10,11.7,3,50.6,0.99,Immediate,63.9,4,4,1,0,0
SMMS02688,High,3.1,30,18.2,2,34.8,0.82,This Month,53.5,3,2,1,0,0
SMMS02689,Low,5.8,25,9.1,2,30.6,0.69,Programmed,33.9,1,1,1,0,0
SMMS02690,Medium,6.1,60,19.4,2,62.3,0.82,This Month,44.6,2,2,1,0,0
SMMS02691,Low,3.1,90,16.1,1,35.6,0.7,This Week,58.5,1,3,1,0,0
SMMS02692,Medium,5.5,60,22.3,3,25.5,0.74,This Week,58.2,2,3,1,0,0
SMMS02693,High,5.5,30,10.6,0,35.9,0.82,This Week,57.2,3,3,1,0,0
SMMS02694,Medium,1.0,60,22.0,2,29.3,0.64,This Week,68.1,2,3,1,0,0
SMMS02695,High,5.7,30,4.4,1,42.7,0.77,This Month,52.5,3,2,1,0,0
SMMS02696,Medium,3.4,60,2.9,0,54.2,0.6,This Month,49.4,2,2,1,0,0
SMMS02697,Medium,4.9,60,20.1,4,55.6,0.76,This Week,55.3,2,3,1,0,0
SMMS02698,Low,6.2,90,21.6,2,31.7,0.68,This Week,56.1,1,3,1,0,0
SMMS02699,Medium,3.0,60,4.1,1,61.1,0.73,This Month,53.0,2,2,1,0,0
SMMS02700,Medium,5.5,60,16.6,2,38.8,0.83,This Week,56.0,2,3,1,0,0
SMMS02701,Low,2.6,18,22.8,2,25.8,0.97,Programmed,31.7,1,1,1,0,0
SMMS02702,High,5.4,30,3.1,0,61.1,0.61,This Month,49.5,3,2,1,0,0
SMMS02703,High,10.3,30,23.6,1,32.0,0.81,This Week,59.3,3,3,1,0,0
SMMS02704,Medium,4.6,60,3.0,2,85.9,0.78,This Week,55.4,2,3,1,0,0
SMMS02705,Low,2.2,75,13.4,3,21.5,0.63,This Month,45.6,1,2,1,0,0
SMMS02706,Medium,4.6,0,2.8,0,60.4,0.92,Programmed,26.3,2,1,1,0,0
SMMS02707,Low,4.3,90,16.5,2,50.5,0.74,This Month,48.2,1,2,1,0,0
SMMS02708,Medium,5.4,60,18.5,1,83.5,0.73,This Week,57.0,2,3,1,0,0
SMMS02709,Low,4.2,90,8.9,0,80.0,0.61,This Month,45.8,1,2,1,0,0
SMMS02710,Medium,5.0,60,11.5,2,39.1,0.96,This Week,55.2,2,3,1,0,0
SMMS02711,High,3.9,30,13.5,1,63.1,0.59,This Month,51.9,3,2,1,0,0
SMMS02712,Low,4.4,29,22.2,2,31.2,0.82,This Month,44.0,1,2,1,0,0
SMMS02713,Medium,5.5,60,18.9,4,56.0,0.9,This Week,63.8,2,3,1,0,0
SMMS02714,Medium,2.6,60,17.8,3,28.5,0.9,This Week,58.1,2,3,1,0,0
SMMS02715,Critical,7.4,10,14.5,1,35.5,0.87,Immediate,62.2,4,4,1,0,0
SMMS02716,High,10.6,30,5.5,2,43.3,0.81,This Month,44.6,3,2,1,0,0
SMMS02717,Medium,4.0,60,20.1,3,39.7,0.91,This Week,59.4,2,3,1,0,0
SMMS02718,Medium,6.4,0,18.0,1,39.0,0.77,This Month,35.2,2,2,1,0,0
SMMS02719,Medium,4.1,60,22.5,2,61.4,0.86,This Week,58.5,2,3,1,0,0
SMMS02720,Low,2.2,90,1.4,1,28.8,0.7,This Month,43.5,1,2,1,0,0
SMMS02721,Medium,4.3,60,1.6,1,54.1,0.59,This Week,55.0,2,3,1,0,0
SMMS02722,Medium,7.6,60,23.6,0,53.0,0.59,This Week,58.9,2,3,1,0,0
SMMS02723,Critical,4.5,10,17.4,3,84.1,0.95,Immediate,53.4,4,4,1,0,0
SMMS02724,Critical,6.3,10,11.7,3,77.7,0.99,Immediate,56.6,4,4,1,0,0
SMMS02725,Medium,4.2,60,16.6,2,30.9,0.77,This Week,62.4,2,3,1,0,0
SMMS02726,Low,2.9,74,23.7,1,56.5,0.74,This Month,48.4,1,2,1,0,0
SMMS02727,Medium,7.3,60,15.5,3,32.3,0.72,This Week,59.3,2,3,1,0,0
SMMS02728,High,5.0,30,15.7,0,26.6,0.66,This Week,56.9,3,3,1,0,0
SMMS02729,Low,2.8,90,20.4,0,47.1,0.66,This Month,53.1,1,2,1,0,0
SMMS02730,High,6.1,30,11.1,1,37.7,0.52,This Month,53.6,3,2,1,0,0
SMMS02731,Low,4.4,90,23.1,1,24.0,0.74,This Week,60.1,1,3,1,0,0
SMMS02732,High,3.8,30,24.5,2,39.9,0.91,This Week,66.6,3,3,1,0,0
SMMS02733,Critical,8.9,10,11.2,1,94.0,0.88,Immediate,61.5,4,4,1,0,0
SMMS02734,Medium,5.7,56,11.5,2,31.3,0.73,This Month,52.1,2,2,1,0,0
SMMS02735,Medium,4.3,60,7.1,1,92.8,0.56,This Month,53.3,2,2,1,0,0
SMMS02736,Low,3.0,90,10.8,4,60.4,0.85,This Month,53.5,1,2,1,0,0
SMMS02737,Medium,2.2,52,14.1,2,34.0,0.65,This Week,55.2,2,3,1,0,0
SMMS02738,Medium,6.4,60,1.9,0,73.5,0.6,This Month,47.0,2,2,1,0,0
SMMS02739,Low,5.4,0,8.0,1,26.2,0.75,Programmed,25.7,1,1,1,0,0
SMMS02740,Medium,9.8,60,7.7,1,33.1,0.64,This Month,45.3,2,2,1,0,0
SMMS02741,Medium,5.6,60,20.6,0,28.2,0.86,This Month,48.5,2,2,1,0,0
SMMS02742,Medium,2.0,60,3.8,1,37.2,0.76,This Month,51.3,2,2,1,0,0
SMMS02743,Medium,9.3,60,7.4,2,58.5,0.87,This Month,50.0,2,2,1,0,0
SMMS02744,Low,3.7,6,19.3,2,26.9,0.95,Programmed,30.5,1,1,1,0,0
SMMS02745,Critical,5.8,10,6.1,4,49.3,0.8,Immediate,56.6,4,4,1,0,0
SMMS02746,Medium,6.9,60,12.3,3,28.7,0.9,This Month,43.8,2,2,1,0,0
SMMS02747,Critical,7.7,10,9.0,0,79.5,0.85,Immediate,52.7,4,4,1,0,0
SMMS02748,Low,2.5,90,3.4,1,53.0,0.63,This Month,46.4,1,2,1,0,0
SMMS02749,High,7.2,30,20.2,2,67.2,0.84,This Week,57.5,3,3,1,0,0
SMMS02750,Medium,6.6,60,24.1,2,23.4,0.92,This Week,64.1,2,3,1,0,0
SMMS02751,Medium,3.4,60,4.6,2,32.3,0.64,This Month,53.5,2,2,1,0,0
SMMS02752,High,7.5,30,13.4,2,35.8,0.94,This Week,59.0,3,3,1,0,0
SMMS02753,Low,6.8,90,14.6,0,65.0,0.65,This Month,47.6,1,2,1,0,0
SMMS02754,Low,1.8,36,12.4,2,35.8,0.62,This Month,38.3,1,2,1,0,0
SMMS02755,High,5.9,30,12.1,0,45.3,0.71,This Week,58.4,3,3,1,0,0
SMMS02756,High,8.3,30,14.0,4,39.4,0.9,This Week,65.2,3,3,1,0,0
SMMS02757,High,3.9,30,12.8,1,57.3,0.8,This Month,52.2,3,2,1,0,0
SMMS02758,Medium,9.3,47,5.8,2,63.0,0.84,This Month,50.7,2,2,1,0,0
SMMS02759,Medium,6.0,60,18.5,4,38.2,0.88,This Week,58.6,2,3,1,0,0
SMMS02760,High,8.3,30,6.9,2,65.3,0.8,This Month,51.5,3,2,1,0,0
SMMS02761,Low,2.7,90,11.0,1,35.3,0.66,This Week,55.2,1,3,1,0,0
SMMS02762,High,9.3,30,18.0,2,62.1,0.8,This Week,55.0,3,3,1,0,0
SMMS02763,High,6.2,30,21.3,3,74.2,0.78,This Week,65.4,3,3,1,0,0
SMMS02764,Low,5.4,90,21.1,2,53.9,0.9,This Month,53.0,1,2,1,0,0
SMMS02765,Low,4.5,90,24.2,3,24.8,0.61,This Week,58.8,1,3,1,0,0
SMMS02766,High,4.9,30,11.3,4,34.3,0.74,This Month,52.6,3,2,1,0,0
SMMS02767,Low,5.8,90,12.1,1,46.3,0.52,This Month,52.9,1,2,1,0,0
SMMS02768,Medium,4.0,50,7.8,2,52.7,0.57,This Month,50.6,2,2,1,0,0
SMMS02769,Low,5.6,0,24.9,1,72.8,0.65,Programmed,27.3,1,1,1,0,0
SMMS02770,High,3.9,0,10.1,1,38.6,0.79,This Month,45.9,3,2,1,0,0
SMMS02771,Low,2.0,64,9.3,0,36.4,0.6,This Month,45.8,1,2,1,0,0
SMMS02772,High,6.4,30,17.0,1,91.2,0.87,This Month,54.0,3,2,1,0,0
SMMS02773,Low,6.7,90,23.3,3,17.7,0.8,This Week,55.2,1,3,1,0,0
SMMS02774,High,11.6,30,23.7,1,67.0,0.59,This Week,58.1,3,3,1,0,0
SMMS02775,Low,3.3,90,24.4,2,29.8,0.79,This Week,57.0,1,3,1,0,0
SMMS02776,Medium,5.1,60,5.4,1,34.1,0.75,This Week,58.7,2,3,1,0,0
SMMS02777,Low,2.5,90,18.5,2,49.9,0.77,This Week,55.0,1,3,1,0,0
SMMS02778,High,6.6,30,15.5,2,26.8,0.76,This Month,47.7,3,2,1,0,0
SMMS02779,Medium,4.2,60,23.4,5,55.3,0.84,This Week,67.5,2,3,1,0,0
SMMS02780,Medium,5.9,10,11.8,1,30.6,0.72,This Month,44.7,2,2,1,0,0
SMMS02781,Critical,9.0,10,14.1,3,46.2,0.89,Immediate,58.9,4,4,1,0,0
SMMS02782,Low,3.1,90,23.0,4,31.7,0.84,This Week,56.3,1,3,1,0,0
SMMS02783,Low,6.6,90,18.3,4,23.0,0.84,This Week,59.7,1,3,1,0,0
SMMS02784,Medium,7.4,60,17.5,4,46.3,0.81,This Month,51.7,2,2,1,0,0
SMMS02785,High,5.5,30,8.5,0,31.7,0.6,This Week,56.7,3,3,1,0,0
SMMS02786,High,6.6,30,18.9,2,44.8,0.88,This Month,52.8,3,2,1,0,0
SMMS02787,High,9.0,30,16.4,2,31.2,0.86,This Week,61.5,3,3,1,0,0
SMMS02788,High,4.7,30,22.3,3,66.0,0.71,This Month,54.6,3,2,1,0,0
SMMS02789,High,8.3,15,19.1,1,25.0,0.75,This Week,58.1,3,3,1,0,0
SMMS02790,Low,5.6,90,22.3,2,51.3,0.72,This Month,41.9,1,2,1,0,0
SMMS02791,Low,3.7,1,5.7,1,29.0,0.86,Programmed,30.2,1,1,1,0,0
SMMS02792,Medium,5.7,60,5.8,0,54.8,0.63,This Month,47.6,2,2,1,0,0
SMMS02793,Critical,9.3,10,7.3,1,40.7,0.86,Immediate,49.2,4,4,1,0,0
SMMS02794,Low,4.8,90,5.0,1,30.3,0.68,This Month,46.6,1,2,1,0,0
SMMS02795,Medium,6.9,60,1.7,1,29.9,0.66,This Month,40.4,2,2,1,0,0
SMMS02796,Medium,8.2,60,24.5,0,63.6,0.81,This Week,55.6,2,3,1,0,0
SMMS02797,Low,2.9,90,18.1,2,56.9,0.75,This Week,55.5,1,3,1,0,0
SMMS02798,High,3.7,30,9.8,2,36.1,0.82,This Month,52.8,3,2,1,0,0
SMMS02799,Low,4.1,90,5.5,0,60.8,0.52,This Month,48.2,1,2,1,0,0
SMMS02800,High,8.8,30,16.0,1,62.2,0.64,This Week,58.4,3,3,1,0,0
SMMS02801,Medium,6.4,0,21.0,4,34.7,0.82,This Month,39.9,2,2,1,0,0
SMMS02802,Medium,3.5,60,10.2,5,23.7,0.95,This Week,60.0,2,3,1,0,0
SMMS02803,Medium,8.4,60,16.1,0,49.8,0.46,This Week,59.3,2,3,1,0,0
SMMS02804,Low,4.2,90,22.8,3,65.1,0.66,This Month,52.0,1,2,1,0,0
SMMS02805,Low,3.4,90,2.6,1,31.2,0.72,This Month,49.7,1,2,1,0,0
SMMS02806,High,6.3,30,23.5,2,35.1,0.79,This Week,58.0,3,3,1,0,0
SMMS02807,Medium,6.8,60,23.0,0,59.5,0.66,This Month,54.4,2,2,1,0,0
SMMS02808,High,4.5,30,8.7,1,84.3,0.64,This Week,55.9,3,3,1,0,0
SMMS02809,Medium,4.4,60,20.0,1,41.9,0.78,This Week,58.2,2,3,1,0,0
SMMS02810,Medium,4.6,60,2.1,2,54.5,0.74,This Week,55.3,2,3,1,0,0
SMMS02811,Medium,4.5,60,10.0,0,23.3,0.62,This Month,47.4,2,2,1,0,0
SMMS02812,Medium,7.1,60,10.0,1,27.1,0.75,This Month,50.4,2,2,1,0,0
SMMS02813,Medium,5.1,60,8.0,1,49.4,0.78,This Week,55.1,2,3,1,0,0
SMMS02814,High,7.5,30,22.1,3,39.9,0.64,This Week,59.8,3,3,1,0,0
SMMS02815,Critical,5.7,10,4.6,3,55.3,0.99,Immediate,62.1,4,4,1,0,0
SMMS02816,Medium,3.5,60,23.4,3,57.2,0.73,This Month,52.9,2,2,1,0,0
SMMS02817,High,5.8,30,7.3,2,35.2,0.89,This Month,46.1,3,2,1,0,0
SMMS02818,Medium,6.3,60,22.3,4,66.0,0.71,This Week,60.3,2,3,1,0,0
SMMS02819,Critical,5.6,10,21.1,1,45.5,0.84,Immediate,65.9,4,4,1,0,0
SMMS02820,High,7.4,30,7.6,1,63.3,0.71,This Month,45.2,3,2,1,0,0
SMMS02821,Medium,4.9,60,10.9,2,63.1,0.76,This Month,53.4,2,2,1,0,0
SMMS02822,Low,5.0,76,12.0,2,53.6,0.83,This Month,36.0,1,2,1,0,0
SMMS02823,Critical,7.0,10,20.2,1,44.6,0.83,Immediate,70.0,4,4,1,0,0
SMMS02824,Low,4.0,0,4.4,1,77.9,0.9,Programmed,20.9,1,1,1,0,0
SMMS02825,Medium,4.8,0,18.4,0,37.3,0.76,This Month,40.7,2,2,1,0,0
SMMS02826,High,6.5,5,21.4,2,41.6,0.87,This Month,52.8,3,2,1,0,0
SMMS02827,Critical,8.5,10,1.1,2,50.4,0.94,Immediate,52.4,4,4,1,0,0
SMMS02828,Critical,4.5,10,19.5,3,46.7,0.84,Immediate,56.6,4,4,1,0,0
SMMS02829,Low,5.0,90,11.3,1,19.9,0.67,This Month,48.3,1,2,1,0,0
SMMS02830,Low,7.5,90,23.2,4,27.2,0.65,This Week,67.0,1,3,1,0,0
SMMS02831,Low,3.6,90,18.0,3,27.7,0.76,This Month,50.1,1,2,1,0,0
SMMS02832,Low,4.7,90,24.1,0,50.1,0.66,This Month,53.4,1,2,1,0,0
SMMS02833,Low,3.1,0,2.4,1,24.6,0.73,Programmed,23.4,1,1,1,0,0
SMMS02834,High,8.3,30,6.0,1,37.4,0.71,This Week,55.8,3,3,1,0,0
SMMS02835,High,8.8,30,24.4,2,64.2,0.75,This Month,51.5,3,2,1,0,0
SMMS02836,Medium,3.4,60,20.1,4,64.4,0.73,This Week,56.4,2,3,1,0,0
SMMS02837,Medium,2.5,38,2.5,0,82.2,0.64,This Month,44.1,2,2,1,0,0
SMMS02838,Low,3.7,90,23.1,1,54.2,0.58,This Month,46.0,1,2,1,0,0
SMMS02839,Low,4.0,90,15.9,2,19.2,0.69,This Month,50.7,1,2,1,0,0
SMMS02840,High,3.7,24,12.6,2,66.9,0.79,This Month,54.2,3,2,1,0,0
SMMS02841,Low,4.9,90,8.5,1,32.9,0.67,This Month,49.3,1,2,1,0,0
SMMS02842,Medium,6.2,60,17.0,0,60.6,0.72,This Month,41.2,2,2,1,0,0
SMMS02843,Medium,8.0,60,18.0,1,38.3,0.68,This Week,59.0,2,3,1,0,0
SMMS02844,Low,7.0,90,5.1,1,22.4,0.71,This Month,46.5,1,2,1,0,0
SMMS02845,High,3.5,30,17.8,1,24.4,0.79,This Week,60.4,3,3,1,0,0
SMMS02846,Low,3.8,90,16.7,1,49.1,0.67,This Month,51.4,1,2,1,0,0
SMMS02847,High,9.4,30,3.2,0,40.7,0.53,This Month,54.1,3,2,1,0,0
SMMS02848,Medium,4.3,0,13.8,3,23.5,0.86,Programmed,30.6,2,1,1,0,0
SMMS02849,Low,5.4,90,16.6,1,33.3,0.48,This Month,45.8,1,2,1,0,0
SMMS02850,Low,5.1,90,12.8,0,19.5,0.83,This Week,57.7,1,3,1,0,0
SMMS02851,High,7.9,30,11.9,1,29.4,0.82,This Month,46.4,3,2,1,0,0
SMMS02852,Critical,6.6,10,2.5,2,45.4,0.91,Immediate,52.7,4,4,1,0,0
SMMS02853,Medium,3.0,60,12.3,2,39.0,0.9,This Week,58.3,2,3,1,0,0
SMMS02854,Medium,5.2,60,10.9,3,39.4,0.55,This Week,55.1,2,3,1,0,0
SMMS02855,Low,3.5,90,5.3,4,45.4,0.8,This Month,45.7,1,2,1,0,0
SMMS02856,Medium,5.7,60,10.7,1,37.7,0.83,This Month,51.1,2,2,1,0,0
SMMS02857,High,7.3,30,3.3,2,72.8,0.71,This Week,55.2,3,3,1,0,0
SMMS02858,Low,1.7,90,21.7,2,45.7,0.74,This Month,53.4,1,2,1,0,0
SMMS02859,Medium,5.2,60,10.4,2,33.1,0.68,This Week,56.4,2,3,1,0,0
SMMS02860,Critical,6.0,10,15.4,0,65.0,0.68,Immediate,58.0,4,4,1,0,0
SMMS02861,Critical,7.4,10,19.9,3,45.3,0.69,Immediate,63.3,4,4,1,0,0
SMMS02862,Low,5.8,90,16.8,3,69.5,0.84,This Month,46.3,1,2,1,0,0
SMMS02863,High,6.9,30,19.2,2,63.8,0.9,This Week,61.2,3,3,1,0,0
SMMS02864,Low,7.4,90,9.9,2,33.0,0.73,This Month,53.8,1,2,1,0,0
SMMS02865,High,6.2,30,5.8,0,41.3,0.65,This Month,52.4,3,2,1,0,0
SMMS02866,Medium,4.5,60,6.9,1,28.9,0.6,This Month,46.8,2,2,1,0,0
SMMS02867,Medium,5.7,60,15.6,0,32.9,0.67,This Week,62.9,2,3,1,0,0
SMMS02868,Critical,11.4,10,6.9,1,68.9,0.53,Immediate,56.3,4,4,1,0,0
SMMS02869,Low,3.6,50,16.7,1,26.7,0.68,This Month,36.2,1,2,1,0,0
SMMS02870,Medium,2.9,60,11.2,0,31.1,0.63,This Month,46.4,2,2,1,0,0
SMMS02871,Low,5.5,90,4.2,1,83.7,0.74,This Month,52.4,1,2,1,0,0
SMMS02872,High,5.1,30,23.4,2,78.0,0.76,This Month,54.4,3,2,1,0,0
SMMS02873,Critical,9.3,7,13.0,0,63.8,0.76,Immediate,58.4,4,4,1,0,0
SMMS02874,High,7.1,30,5.7,2,46.4,0.92,This Month,52.2,3,2,1,0,0
SMMS02875,High,6.9,30,2.9,1,56.4,0.77,This Month,51.3,3,2,1,0,0
SMMS02876,Critical,8.3,10,3.2,1,35.2,0.6,Immediate,52.5,4,4,1,0,0
SMMS02877,Medium,3.9,28,2.1,1,61.0,0.79,This Month,39.8,2,2,1,0,0
SMMS02878,Low,4.4,7,15.4,3,73.8,0.9,Programmed,30.2,1,1,1,0,0
SMMS02879,Medium,8.4,60,18.8,0,55.7,0.7,This Month,52.6,2,2,1,0,0
SMMS02880,Low,4.5,76,12.1,2,16.0,0.63,This Month,48.1,1,2,1,0,0
SMMS02881,Low,2.2,76,8.2,1,45.0,0.8,This Month,40.0,1,2,1,0,0
SMMS02882,Medium,5.7,60,13.5,1,15.7,0.62,This Month,44.2,2,2,1,0,0
SMMS02883,High,5.3,30,9.7,1,38.7,0.76,This Month,54.3,3,2,1,0,0
SMMS02884,Low,1.8,90,16.9,0,31.4,0.79,This Month,49.5,1,2,1,0,0
SMMS02885,Low,4.5,90,14.9,1,50.2,0.75,This Month,46.1,1,2,1,0,0
SMMS02886,High,8.0,30,10.6,1,40.9,0.72,This Month,54.9,3,2,1,0,0
SMMS02887,High,6.8,30,9.9,0,36.7,0.52,This Month,46.3,3,2,1,0,0
SMMS02888,Medium,1.9,60,18.6,2,35.2,0.76,This Week,56.5,2,3,1,0,0
SMMS02889,Low,7.6,0,15.8,2,43.9,0.9,Programmed,27.2,1,1,1,0,0
SMMS02890,Medium,4.7,60,24.1,1,56.7,0.64,This Month,46.3,2,2,1,0,0
SMMS02891,Critical,6.8,10,7.8,1,59.4,0.72,Immediate,57.2,4,4,1,0,0
SMMS02892,Critical,11.2,10,15.3,1,53.8,0.71,Immediate,59.1,4,4,1,0,0
SMMS02893,Low,2.3,90,5.5,1,75.6,0.58,This Month,49.7,1,2,1,0,0
SMMS02894,Medium,5.5,60,18.8,2,56.8,0.81,This Month,49.3,2,2,1,0,0
SMMS02895,Medium,3.9,60,17.7,1,35.2,0.76,This Week,61.1,2,3,1,0,0
SMMS02896,Medium,2.9,60,14.5,1,33.0,0.85,This Month,53.3,2,2,1,0,0
SMMS02897,Low,2.0,72,3.0,1,21.6,0.7,This Month,47.7,1,2,1,0,0
SMMS02898,High,5.2,30,16.7,2,39.2,0.79,This Week,61.4,3,3,1,0,0
SMMS02899,Medium,9.0,60,12.3,0,53.2,0.79,This Month,50.8,2,2,1,0,0
SMMS02900,Medium,3.6,60,19.9,2,25.7,0.83,This Month,53.1,2,2,1,0,0
SMMS02901,Medium,4.7,60,10.3,1,47.4,0.42,This Month,49.6,2,2,1,0,0
SMMS02902,Medium,3.8,60,18.1,1,43.6,0.71,This Month,51.6,2,2,1,0,0
SMMS02903,High,9.2,0,18.4,1,44.9,0.89,This Month,48.5,3,2,1,0,0
SMMS02904,Medium,4.2,60,9.7,3,48.7,0.73,This Week,55.2,2,3,1,0,0
SMMS02905,Medium,4.2,60,24.9,1,38.0,0.73,This Week,58.9,2,3,1,0,0
SMMS02906,Medium,4.8,60,12.4,2,30.3,0.8,This Week,56.8,2,3,1,0,0
SMMS02907,Low,2.7,33,3.5,1,26.1,0.59,Programmed,27.2,1,1,1,0,0
SMMS02908,Medium,4.8,60,5.1,1,31.7,0.8,This Month,43.5,2,2,1,0,0
SMMS02909,Medium,5.0,60,8.9,0,31.9,0.71,This Month,46.1,2,2,1,0,0
SMMS02910,High,8.0,30,12.5,2,21.8,0.62,This Month,52.8,3,2,1,0,0
SMMS02911,Medium,5.2,60,21.7,4,31.0,0.89,This Week,64.3,2,3,1,0,0
SMMS02912,Medium,3.7,60,12.2,2,71.0,0.75,This Month,52.4,2,2,1,0,0
SMMS02913,Medium,3.8,60,16.6,2,78.2,0.82,This Week,61.7,2,3,1,0,0
SMMS02914,Medium,3.5,60,15.4,2,36.2,0.72,This Week,58.6,2,3,1,0,0
SMMS02915,Medium,4.0,60,23.2,3,35.7,0.84,This Week,64.1,2,3,1,0,0
SMMS02916,Medium,7.4,60,18.3,5,82.9,0.7,This Week,57.7,2,3,1,0,0
SMMS02917,Low,6.8,90,20.5,1,73.1,0.78,This Month,49.5,1,2,1,0,0
SMMS02918,Low,4.4,90,2.1,2,27.8,0.86,This Month,47.2,1,2,1,0,0
SMMS02919,Medium,5.9,60,4.9,1,31.0,0.59,This Month,45.5,2,2,1,0,0
SMMS02920,Critical,8.2,10,6.3,1,70.3,0.72,Immediate,58.6,4,4,1,0,0
SMMS02921,Low,3.0,90,1.6,3,27.6,0.86,This Month,47.9,1,2,1,0,0
SMMS02922,Critical,9.6,10,13.3,2,51.4,0.98,Immediate,56.4,4,4,1,0,0
SMMS02923,Low,1.1,90,11.0,1,24.3,0.51,This Month,53.1,1,2,1,0,0
SMMS02924,Medium,3.6,60,15.6,1,20.6,0.65,This Week,59.6,2,3,1,0,0
SMMS02925,Medium,4.7,60,5.9,3,22.0,0.92,This Month,49.3,2,2,1,0,0
SMMS02926,Critical,7.5,10,16.4,1,36.5,0.58,Immediate,59.4,4,4,1,0,0
SMMS02927,Low,1.4,25,1.2,1,20.4,0.75,Programmed,29.9,1,1,1,0,0
SMMS02928,Medium,7.4,60,1.7,1,28.0,0.63,This Month,46.9,2,2,1,0,0
SMMS02929,Medium,6.1,5,8.7,3,29.8,0.8,This Month,35.3,2,2,1,0,0
SMMS02930,Low,5.9,90,24.7,2,53.5,0.73,This Month,49.4,1,2,1,0,0
SMMS02931,Low,4.3,90,21.9,3,22.2,0.8,This Week,58.4,1,3,1,0,0
SMMS02932,Low,2.2,90,6.3,0,21.6,0.63,This Month,46.6,1,2,1,0,0
SMMS02933,Medium,7.7,60,12.8,1,32.7,0.78,This Month,49.8,2,2,1,0,0
SMMS02934,Low,4.2,90,14.3,3,52.9,0.73,This Month,51.2,1,2,1,0,0
SMMS02935,Medium,3.8,60,10.5,0,31.1,0.75,This Month,47.6,2,2,1,0,0
SMMS02936,Critical,9.7,10,12.7,4,43.4,0.74,Immediate,61.5,4,4,1,0,0
SMMS02937,Medium,5.4,60,18.1,0,41.4,0.74,This Month,49.6,2,2,1,0,0
SMMS02938,Medium,2.7,60,11.8,1,59.9,0.57,This Month,48.9,2,2,1,0,0
SMMS02939,High,7.1,30,3.7,2,27.7,0.77,This Month,53.1,3,2,1,0,0
SMMS02940,Medium,4.7,46,4.3,2,33.5,0.83,This Month,39.1,2,2,1,0,0
SMMS02941,High,7.0,30,4.8,1,39.6,0.64,This Week,55.2,3,3,1,0,0
SMMS02942,Low,5.7,90,18.9,1,30.6,0.63,This Week,59.2,1,3,1,0,0
SMMS02943,Critical,6.7,10,21.2,1,53.1,0.74,Immediate,58.4,4,4,1,0,0
SMMS02944,Medium,4.6,60,16.6,2,51.3,0.83,This Week,63.5,2,3,1,0,0
SMMS02945,Medium,8.0,60,11.8,2,30.1,0.97,This Month,53.9,2,2,1,0,0
SMMS02946,Medium,3.4,60,20.2,2,59.0,0.8,This Week,55.0,2,3,1,0,0
SMMS02947,Medium,5.7,60,8.4,3,33.6,0.74,This Month,49.0,2,2,1,0,0
SMMS02948,High,3.2,30,8.8,1,32.6,0.81,This Week,56.8,3,3,1,0,0
SMMS02949,Medium,7.4,60,22.3,6,48.4,0.88,This Week,55.5,2,3,1,0,0
SMMS02950,High,6.1,30,12.6,1,48.7,0.73,This Week,55.8,3,3,1,0,0
SMMS02951,Medium,3.1,60,3.6,2,29.6,0.76,This Month,44.1,2,2,1,0,0
SMMS02952,High,4.8,30,19.5,3,32.7,0.87,This Week,63.4,3,3,1,0,0
SMMS02953,Low,7.2,90,22.3,2,33.7,0.83,This Week,60.3,1,3,1,0,0
SMMS02954,Low,3.3,90,13.2,0,28.4,0.78,This Month,45.2,1,2,1,0,0
SMMS02955,Low,5.1,0,19.6,1,75.7,0.88,Programmed,33.6,1,1,1,0,0
SMMS02956,Low,6.1,90,9.5,0,45.9,0.56,This Month,52.9,1,2,1,0,0
SMMS02957,Low,5.2,59,20.0,2,30.8,0.86,This Month,51.0,1,2,1,0,0
SMMS02958,Critical,7.8,10,3.9,3,71.1,0.75,Immediate,62.8,4,4,1,0,0
SMMS02959,Medium,8.5,60,9.4,2,40.5,0.77,This Week,59.1,2,3,1,0,0
SMMS02960,Critical,6.4,10,7.8,1,69.3,0.94,Immediate,55.5,4,4,1,0,0
SMMS02961,Medium,4.5,60,15.2,0,38.1,0.55,This Month,52.8,2,2,1,0,0
SMMS02962,Medium,3.1,60,13.1,1,57.5,0.64,This Week,57.0,2,3,1,0,0
SMMS02963,Low,2.0,90,18.9,1,33.9,0.61,This Month,52.8,1,2,1,0,0
SMMS02964,Low,2.5,90,13.4,1,50.4,0.74,This Month,49.4,1,2,1,0,0
SMMS02965,Medium,4.8,60,9.8,3,48.0,0.86,This Month,53.3,2,2,1,0,0
SMMS02966,Low,3.9,90,5.6,2,17.0,0.81,This Week,56.0,1,3,1,0,0
SMMS02967,Low,1.6,90,3.1,1,26.6,0.78,This Month,52.2,1,2,1,0,0
SMMS02968,Medium,10.0,60,19.3,3,34.7,0.86,This Week,58.8,2,3,1,0,0
SMMS02969,Low,1.8,0,14.0,2,18.9,0.99,Programmed,22.6,1,1,1,0,0
SMMS02970,Medium,7.5,60,6.6,2,62.6,0.69,This Week,59.2,2,3,1,0,0
SMMS02971,Low,2.9,0,13.3,5,55.0,0.99,Programmed,32.2,1,1,1,0,0
SMMS02972,Critical,9.9,10,19.7,2,44.5,0.84,Immediate,60.2,4,4,1,0,0
SMMS02973,High,6.8,30,7.4,1,35.0,0.6,This Month,49.2,3,2,1,0,0
SMMS02974,Medium,10.0,56,14.7,2,54.1,0.79,This Week,60.2,2,3,1,0,0
SMMS02975,Medium,3.2,0,23.8,2,38.9,0.99,This Month,36.8,2,2,1,0,0
SMMS02976,Medium,7.3,10,19.7,1,70.9,0.87,This Month,35.7,2,2,1,0,0
SMMS02977,Medium,5.5,60,10.8,1,50.1,0.6,This Week,55.6,2,3,1,0,0
SMMS02978,Critical,7.0,10,3.4,2,40.2,0.67,Immediate,57.2,4,4,1,0,0
SMMS02979,Medium,4.2,5,20.7,1,37.7,0.66,This Month,45.6,2,2,1,0,0
SMMS02980,Low,1.6,0,10.9,3,47.8,0.91,Programmed,25.3,1,1,1,0,0
SMMS02981,Medium,5.4,12,2.0,0,24.2,0.7,Programmed,28.2,2,1,1,0,0
SMMS02982,Medium,1.0,60,5.8,0,31.2,0.74,This Month,46.7,2,2,1,0,0
SMMS02983,High,4.1,30,4.5,0,41.2,0.5,This Month,38.7,3,2,1,0,0
SMMS02984,Medium,4.2,54,8.6,1,57.2,0.7,This Month,48.2,2,2,1,0,0
SMMS02985,Critical,4.3,10,22.3,1,55.0,0.56,Immediate,64.4,4,4,1,0,0
SMMS02986,Medium,8.1,60,8.4,2,27.0,0.8,This Week,56.7,2,3,1,0,0
SMMS02987,Medium,4.3,60,6.5,1,44.8,0.63,This Month,44.1,2,2,1,0,0
SMMS02988,High,7.7,30,4.4,3,45.0,0.83,This Month,53.0,3,2,1,0,0
SMMS02989,Medium,2.6,60,9.0,2,38.3,0.71,This Month,52.4,2,2,1,0,0
SMMS02990,Medium,6.1,60,8.4,0,38.4,0.61,This Month,46.2,2,2,1,0,0
SMMS02991,Low,2.6,90,15.5,2,25.4,0.6,This Month,45.7,1,2,1,0,0
SMMS02992,High,7.2,16,1.0,0,98.2,0.91,This Month,38.0,3,2,1,0,0
SMMS02993,Medium,7.6,60,15.1,4,56.9,0.8,This Week,60.7,2,3,1,0,0
SMMS02994,Medium,5.8,60,18.1,3,55.2,0.75,This Month,54.8,2,2,1,0,0
SMMS02995,High,8.4,30,23.7,2,33.1,0.85,This Week,59.5,3,3,1,0,0
SMMS02996,Medium,4.6,60,12.6,1,55.3,0.68,This Month,52.3,2,2,1,0,0
SMMS02997,Low,3.1,90,16.3,0,79.0,0.55,This Month,49.8,1,2,1,0,0
SMMS02998,Low,5.5,90,18.5,0,45.6,0.72,This Month,44.1,1,2,1,0,0
SMMS02999,Medium,4.8,60,11.6,3,37.0,0.76,This Month,45.8,2,2,1,0,0
SMMS03000,High,7.6,30,4.9,2,36.7,0.7,This Month,54.9,3,2,1,0,0
SMMS03001,Low,3.9,90,3.8,1,27.2,0.62,This Month,53.1,1,2,1,0,0
SMMS03002,High,7.5,30,23.2,3,38.1,0.59,This Week,63.8,3,3,1,0,0
SMMS03003,Medium,7.9,60,10.8,1,44.6,0.6,This Month,52.3,2,2,1,0,0
SMMS03004,Medium,6.0,21,1.6,2,42.6,0.7,Programmed,34.0,2,1,1,0,0
SMMS03005,High,10.9,30,9.1,0,43.6,0.77,This Month,49.3,3,2,1,0,0
SMMS03006,Medium,7.0,60,11.0,1,51.6,0.65,This Month,48.6,2,2,1,0,0
SMMS03007,Medium,7.2,0,7.2,1,92.7,0.85,This Month,35.3,2,2,1,0,0
SMMS03008,Medium,3.9,60,9.0,0,81.2,0.56,This Week,58.2,2,3,1,0,0
SMMS03009,Medium,8.6,60,24.1,1,25.4,0.65,This Week,57.5,2,3,1,0,0
SMMS03010,Medium,6.2,60,3.0,0,57.0,0.75,This Month,50.3,2,2,1,0,0
SMMS03011,Low,5.3,0,6.9,0,34.5,0.9,Programmed,22.4,1,1,1,0,0
SMMS03012,Low,2.9,90,2.5,2,23.1,0.7,This Month,40.6,1,2,1,0,0
SMMS03013,High,3.2,30,22.6,1,45.7,0.74,This Week,59.2,3,3,1,0,0
SMMS03014,Medium,4.9,60,3.5,3,89.3,0.92,This Month,45.7,2,2,1,0,0
SMMS03015,High,6.5,30,8.6,0,68.6,0.63,This Month,43.4,3,2,1,0,0
SMMS03016,High,4.3,30,2.1,1,55.6,0.76,This Month,46.5,3,2,1,0,0
SMMS03017,Critical,9.1,10,7.1,0,74.3,0.65,Immediate,55.7,4,4,1,0,0
SMMS03018,Low,1.1,0,6.8,1,50.9,0.83,Programmed,25.0,1,1,1,0,0
SMMS03019,Medium,7.0,60,10.0,1,55.4,0.71,This Month,46.2,2,2,1,0,0
SMMS03020,High,6.5,30,14.6,1,77.9,0.83,This Month,54.5,3,2,1,0,0
SMMS03021,Medium,6.1,60,23.0,2,27.2,0.91,This Week,58.8,2,3,1,0,0
SMMS03022,High,8.2,30,13.0,3,45.1,0.63,This Month,54.7,3,2,1,0,0
SMMS03023,Low,1.8,68,24.5,1,34.3,0.65,This Month,47.1,1,2,1,0,0
SMMS03024,Critical,6.2,10,23.7,0,42.9,0.67,Immediate,59.5,4,4,1,0,0
SMMS03025,Medium,3.2,60,20.3,3,35.6,0.78,This Week,60.1,2,3,1,0,0
SMMS03026,Low,5.0,90,17.3,2,22.1,0.85,This Month,45.5,1,2,1,0,0
SMMS03027,Medium,3.1,60,4.7,1,85.1,0.68,This Month,44.5,2,2,1,0,0
SMMS03028,Low,4.7,90,7.9,2,30.6,0.65,This Month,53.4,1,2,1,0,0
SMMS03029,High,7.5,30,9.2,3,60.8,0.76,This Week,60.2,3,3,1,0,0
SMMS03030,High,12.3,30,17.0,3,57.3,0.79,This Week,59.7,3,3,1,0,0
SMMS03031,Medium,6.6,60,13.0,3,22.9,0.77,This Week,55.6,2,3,1,0,0
SMMS03032,High,6.6,30,24.5,0,40.1,0.66,This Week,55.7,3,3,1,0,0
SMMS03033,Medium,6.0,60,20.4,1,53.8,0.51,This Week,58.2,2,3,1,0,0
SMMS03034,Medium,4.2,60,5.5,3,45.8,0.67,This Month,48.3,2,2,1,0,0
SMMS03035,Critical,7.7,10,6.9,0,43.8,0.64,Immediate,54.6,4,4,1,0,0
SMMS03036,Medium,4.3,60,9.1,2,31.7,0.72,This Month,41.9,2,2,1,0,0
SMMS03037,Medium,4.9,60,22.5,0,64.9,0.71,This Week,59.9,2,3,1,0,0
SMMS03038,Medium,4.8,60,2.0,1,31.9,0.67,This Month,46.4,2,2,1,0,0
SMMS03039,Critical,6.4,10,10.8,1,79.1,0.81,Immediate,52.7,4,4,1,0,0
SMMS03040,Medium,4.9,60,7.6,3,29.5,0.68,This Month,51.2,2,2,1,0,0
SMMS03041,High,8.6,30,10.5,2,29.9,0.7,This Week,56.7,3,3,1,0,0
SMMS03042,Critical,6.9,10,8.1,1,91.0,0.89,Immediate,53.7,4,4,1,0,0
SMMS03043,Medium,4.7,60,12.5,4,39.9,0.7,This Week,57.4,2,3,1,0,0
SMMS03044,Medium,4.9,60,5.5,4,31.8,0.82,This Month,53.0,2,2,1,0,0
SMMS03045,Low,1.0,90,20.4,4,28.2,0.84,This Month,52.9,1,2,1,0,0
SMMS03046,Low,2.4,90,4.0,1,34.0,0.79,This Month,43.1,1,2,1,0,0
SMMS03047,High,7.9,30,14.1,3,31.8,0.73,This Week,58.8,3,3,1,0,0
SMMS03048,Critical,5.2,10,4.6,2,44.0,0.69,Immediate,49.4,4,4,1,0,0
SMMS03049,Medium,6.8,60,14.2,0,30.4,0.57,This Month,53.9,2,2,1,0,0
SMMS03050,High,4.4,30,15.7,4,44.1,0.76,This Week,64.2,3,3,1,0,0
SMMS03051,High,7.1,30,9.2,0,59.9,0.55,This Month,48.9,3,2,1,0,0
SMMS03052,High,6.4,4,15.8,2,39.3,0.69,This Month,54.1,3,2,1,0,0
SMMS03053,Medium,3.8,60,12.8,1,38.2,0.69,This Month,51.2,2,2,1,0,0
SMMS03054,Critical,9.3,10,23.1,1,43.2,0.85,Immediate,55.7,4,4,1,0,0
SMMS03055,Critical,5.5,10,16.4,1,94.9,0.62,Immediate,54.3,4,4,1,0,0
SMMS03056,Critical,9.8,10,13.9,5,42.7,0.9,Immediate,57.5,4,4,1,0,0
SMMS03057,Low,4.8,90,17.2,3,29.6,0.69,This Month,49.5,1,2,1,0,0
SMMS03058,Medium,6.5,60,18.7,1,18.6,0.58,This Week,56.4,2,3,1,0,0
SMMS03059,Critical,8.2,10,7.6,2,41.2,0.74,Immediate,60.7,4,4,1,0,0
SMMS03060,Critical,6.5,10,16.3,4,43.4,0.84,Immediate,62.1,4,4,1,0,0
SMMS03061,Medium,5.2,60,8.4,2,45.3,0.75,This Month,48.1,2,2,1,0,0
SMMS03062,High,5.9,30,6.5,3,60.4,0.81,This Week,56.7,3,3,1,0,0
SMMS03063,High,6.2,30,21.4,3,36.2,0.72,This Week,62.6,3,3,1,0,0
SMMS03064,Low,4.7,0,19.4,1,52.8,0.82,Programmed,31.4,1,1,1,0,0
SMMS03065,High,4.9,30,6.3,0,38.2,0.66,This Month,47.3,3,2,1,0,0
SMMS03066,High,5.7,30,18.4,2,61.5,0.83,This Week,56.1,3,3,1,0,0
SMMS03067,Medium,4.2,60,20.0,4,58.3,0.69,This Month,54.9,2,2,1,0,0
SMMS03068,Low,4.5,90,9.2,3,27.3,0.94,This Week,56.3,1,3,1,0,0
SMMS03069,Medium,5.4,60,15.3,1,63.4,0.71,This Week,55.3,2,3,1,0,0
SMMS03070,Medium,6.5,60,5.5,1,32.1,0.76,This Month,45.9,2,2,1,0,0
SMMS03071,Medium,3.9,60,14.9,1,25.4,0.82,This Month,51.6,2,2,1,0,0
SMMS03072,Low,6.3,90,18.8,1,24.5,0.56,This Week,57.8,1,3,1,0,0
SMMS03073,High,6.7,13,10.7,1,71.6,0.97,This Month,36.8,3,2,1,0,0
SMMS03074,Medium,6.1,60,10.8,3,26.1,0.82,This Week,55.9,2,3,1,0,0
SMMS03075,Medium,6.0,60,12.3,4,34.4,0.93,This Month,46.5,2,2,1,0,0
SMMS03076,Low,5.2,0,5.7,2,33.5,0.86,Programmed,18.0,1,1,1,0,0
SMMS03077,Medium,4.7,20,10.6,4,29.6,0.82,Programmed,34.6,2,1,1,0,0
SMMS03078,High,4.3,30,22.1,2,48.8,0.72,This Month,53.4,3,2,1,0,0
SMMS03079,High,3.9,30,8.9,3,71.9,0.7,This Month,54.9,3,2,1,0,0
SMMS03080,Low,2.4,90,5.8,3,21.7,0.86,This Week,58.4,1,3,1,0,0
SMMS03081,Critical,10.5,10,9.2,2,33.3,0.66,Immediate,50.6,4,4,1,0,0
SMMS03082,Low,3.8,90,3.8,2,32.7,0.83,This Month,50.5,1,2,1,0,0
SMMS03083,Low,1.5,13,24.3,0,43.2,0.97,This Month,38.3,1,2,1,0,0
SMMS03084,Low,3.0,0,19.7,0,66.5,0.79,This Month,36.0,1,2,1,0,0
SMMS03085,High,9.8,30,6.1,2,34.3,0.89,This Month,52.4,3,2,1,0,0
SMMS03086,Medium,2.9,56,2.1,2,28.3,0.89,This Month,44.6,2,2,1,0,0
SMMS03087,High,5.8,30,8.2,4,30.1,0.81,This Week,59.3,3,3,1,0,0
SMMS03088,Low,3.7,90,16.8,0,44.5,0.66,This Month,47.4,1,2,1,0,0
SMMS03089,High,5.7,30,15.7,0,35.2,0.72,This Week,55.2,3,3,1,0,0
SMMS03090,Medium,5.6,60,13.8,3,27.0,0.72,This Month,45.8,2,2,1,0,0
SMMS03091,High,7.0,30,6.7,2,88.4,0.8,This Month,52.0,3,2,1,0,0
SMMS03092,Medium,3.5,60,6.7,0,34.7,0.74,This Month,52.8,2,2,1,0,0
SMMS03093,Low,5.6,90,10.9,1,24.4,0.78,This Month,51.5,1,2,1,0,0
SMMS03094,High,5.8,30,14.0,4,36.6,0.82,This Week,55.4,3,3,1,0,0
SMMS03095,Medium,7.5,60,7.7,1,59.8,0.73,This Month,51.9,2,2,1,0,0
SMMS03096,High,7.9,30,21.0,2,35.2,0.7,This Week,60.9,3,3,1,0,0
SMMS03097,Low,6.5,90,18.8,1,27.2,0.7,This Week,56.3,1,3,1,0,0
SMMS03098,High,5.2,30,22.1,3,69.5,0.71,This Week,57.2,3,3,1,0,0
SMMS03099,Medium,6.7,60,23.9,3,24.4,0.84,This Month,49.9,2,2,1,0,0
SMMS03100,High,8.2,30,20.1,4,58.9,0.7,This Month,52.2,3,2,1,0,0
SMMS03101,Medium,4.3,60,14.2,0,23.0,0.54,This Week,55.2,2,3,1,0,0
SMMS03102,High,7.9,0,21.6,3,40.6,0.91,This Week,56.3,3,3,1,0,0
SMMS03103,Medium,5.1,60,4.5,1,35.9,0.62,This Month,44.6,2,2,1,0,0
SMMS03104,Medium,7.8,60,6.2,1,40.8,0.69,This Month,51.1,2,2,1,0,0
SMMS03105,Medium,6.5,60,11.7,1,53.9,0.69,This Month,42.2,2,2,1,0,0
SMMS03106,Medium,5.3,60,17.6,3,59.3,0.62,This Week,61.7,2,3,1,0,0
SMMS03107,Low,4.1,90,5.2,0,26.0,0.65,This Month,46.1,1,2,1,0,0
SMMS03108,Critical,8.9,10,24.7,6,48.3,0.87,Immediate,64.5,4,4,1,0,0
SMMS03109,Medium,7.2,39,19.7,2,64.0,0.59,This Month,46.0,2,2,1,0,0
SMMS03110,Low,3.8,90,2.3,2,21.8,0.72,This Month,47.1,1,2,1,0,0
SMMS03111,Low,4.8,67,15.2,2,46.7,0.8,This Month,49.5,1,2,1,0,0
SMMS03112,Critical,5.6,10,11.7,3,44.5,0.92,Immediate,54.1,4,4,1,0,0
SMMS03113,Low,4.5,67,14.2,0,30.9,0.62,This Month,45.0,1,2,1,0,0
SMMS03114,Low,7.3,90,6.8,1,32.1,0.66,This Month,53.9,1,2,1,0,0
SMMS03115,Low,5.6,90,19.6,1,28.7,0.71,This Week,64.0,1,3,1,0,0
SMMS03116,Low,2.8,27,6.9,2,15.2,0.88,Programmed,19.3,1,1,1,0,0
SMMS03117,Medium,4.1,60,7.1,2,35.4,0.96,This Week,60.7,2,3,1,0,0
SMMS03118,Medium,3.7,60,14.4,0,31.6,0.84,This Month,53.2,2,2,1,0,0
SMMS03119,Medium,8.2,60,9.9,1,22.3,0.82,This Month,52.8,2,2,1,0,0
SMMS03120,Medium,4.9,60,14.2,2,29.8,0.73,This Month,51.8,2,2,1,0,0
SMMS03121,Critical,8.5,10,6.8,2,70.9,0.82,Immediate,54.3,4,4,1,0,0
SMMS03122,Low,3.7,90,2.3,2,49.7,0.91,This Month,51.5,1,2,1,0,0
SMMS03123,Critical,8.3,10,4.3,0,40.6,0.84,Immediate,50.0,4,4,1,0,0
SMMS03124,Medium,3.4,49,9.9,4,59.6,0.93,This Month,48.2,2,2,1,0,0
SMMS03125,Medium,6.7,60,11.5,2,57.5,0.8,This Month,53.4,2,2,1,0,0
SMMS03126,Medium,4.1,0,10.7,2,49.7,0.74,This Month,38.8,2,2,1,0,0
SMMS03127,High,6.0,30,23.0,2,37.6,0.83,This Month,53.4,3,2,1,0,0
SMMS03128,Low,6.0,9,21.5,3,55.6,0.82,Programmed,31.6,1,1,1,0,0
SMMS03129,Low,3.6,90,15.0,2,24.6,0.83,This Month,54.6,1,2,1,0,0
SMMS03130,Medium,2.9,60,9.3,2,20.5,0.85,This Month,51.2,2,2,1,0,0
SMMS03131,Medium,7.3,60,14.4,2,54.6,0.83,This Week,64.5,2,3,1,0,0
SMMS03132,Low,3.8,0,12.4,2,22.7,0.73,Programmed,28.0,1,1,1,0,0
SMMS03133,Critical,4.8,10,10.9,1,65.4,0.76,Immediate,54.1,4,4,1,0,0
SMMS03134,Low,5.5,90,20.5,4,53.0,0.88,This Week,56.6,1,3,1,0,0
SMMS03135,Medium,5.2,22,18.4,3,32.1,0.79,This Month,41.1,2,2,1,0,0
SMMS03136,Low,3.2,90,22.6,4,29.7,0.82,This Week,65.0,1,3,1,0,0
SMMS03137,High,13.5,30,14.5,2,67.2,0.68,This Month,49.8,3,2,1,0,0
SMMS03138,Low,4.3,90,24.6,1,25.0,0.57,This Month,53.4,1,2,1,0,0
SMMS03139,Low,4.4,90,4.5,2,19.4,0.79,This Month,40.0,1,2,1,0,0
SMMS03140,Critical,5.7,10,5.1,1,35.5,0.85,Immediate,60.1,4,4,1,0,0
SMMS03141,Low,3.5,22,8.4,0,70.4,0.53,Programmed,30.1,1,1,1,0,0
SMMS03142,Low,4.2,55,10.5,1,63.4,0.61,This Month,36.1,1,2,1,0,0
SMMS03143,Low,4.5,17,5.7,0,31.4,0.76,Programmed,28.5,1,1,1,0,0
SMMS03144,Low,3.9,45,23.4,2,31.0,0.78,This Month,36.0,1,2,1,0,0
SMMS03145,Medium,4.2,60,14.7,1,26.7,0.67,This Week,63.2,2,3,1,0,0
SMMS03146,Medium,5.0,60,15.7,2,20.4,0.82,This Month,54.4,2,2,1,0,0
SMMS03147,High,5.8,30,5.4,1,47.3,0.78,This Month,45.9,3,2,1,0,0
SMMS03148,Low,7.8,90,24.5,3,71.3,0.78,This Month,51.8,1,2,1,0,0
SMMS03149,Critical,4.3,10,19.0,2,64.5,0.83,Immediate,61.4,4,4,1,0,0
SMMS03150,Medium,3.5,60,15.3,3,33.4,0.83,This Month,48.3,2,2,1,0,0
SMMS03151,Low,5.9,90,8.7,0,44.7,0.64,This Month,51.8,1,2,1,0,0
SMMS03152,High,2.6,30,4.0,4,35.7,0.85,This Month,48.8,3,2,1,0,0
SMMS03153,Low,7.1,90,18.8,1,36.0,0.81,This Month,49.4,1,2,1,0,0
SMMS03154,Medium,9.4,9,3.4,2,28.2,0.92,This Month,44.8,2,2,1,0,0
SMMS03155,Critical,5.3,10,12.6,5,47.6,0.92,Immediate,63.0,4,4,1,0,0
SMMS03156,Low,3.6,90,5.8,1,50.4,0.7,This Month,52.2,1,2,1,0,0
SMMS03157,Medium,7.3,14,17.6,2,85.2,0.91,This Month,40.4,2,2,1,0,0
SMMS03158,High,8.6,30,6.1,2,57.0,0.9,This Month,51.1,3,2,1,0,0
SMMS03159,High,8.0,30,6.5,6,60.9,0.88,This Month,53.0,3,2,1,0,0
SMMS03160,Critical,8.0,10,16.1,5,52.5,0.84,Immediate,59.7,4,4,1,0,0
SMMS03161,Low,4.4,90,13.9,0,35.5,0.56,This Month,53.2,1,2,1,0,0
SMMS03162,Medium,5.0,56,14.3,1,33.9,0.63,This Month,42.3,2,2,1,0,0
SMMS03163,Low,6.2,90,14.0,4,26.8,0.75,This Month,54.0,1,2,1,0,0
SMMS03164,Medium,5.7,60,8.3,2,52.1,0.85,This Month,44.6,2,2,1,0,0
SMMS03165,Medium,7.1,60,12.3,1,44.1,0.63,This Month,50.3,2,2,1,0,0
SMMS03166,Low,4.0,90,6.6,2,29.0,0.8,This Month,45.8,1,2,1,0,0
SMMS03167,High,3.8,30,3.6,1,39.7,0.88,This Month,49.1,3,2,1,0,0
SMMS03168,High,5.1,30,16.1,0,39.8,0.7,This Week,59.9,3,3,1,0,0
SMMS03169,High,5.7,30,6.4,2,37.8,0.85,This Month,47.9,3,2,1,0,0
SMMS03170,Medium,2.9,60,22.1,0,39.1,0.59,This Month,54.2,2,2,1,0,0
SMMS03171,Medium,8.5,51,9.1,0,39.2,0.64,This Month,47.2,2,2,1,0,0
SMMS03172,High,5.2,30,13.2,0,35.7,0.75,This Month,50.7,3,2,1,0,0
SMMS03173,Low,2.3,90,20.7,3,47.7,0.59,This Week,57.8,1,3,1,0,0
SMMS03174,Medium,6.0,60,15.7,2,42.8,0.67,This Month,54.4,2,2,1,0,0
SMMS03175,Critical,4.7,10,1.0,1,47.0,0.78,Immediate,48.9,4,4,1,0,0
SMMS03176,High,8.6,30,20.5,1,66.2,0.65,This Week,62.7,3,3,1,0,0
SMMS03177,High,8.4,30,1.5,0,38.1,0.76,This Week,55.3,3,3,1,0,0
SMMS03178,Medium,2.6,60,17.9,2,57.8,0.91,This Month,53.1,2,2,1,0,0
SMMS03179,Medium,6.7,60,12.4,1,29.9,0.71,This Month,54.6,2,2,1,0,0
SMMS03180,Low,4.9,90,23.7,2,43.1,0.78,This Week,61.9,1,3,1,0,0
SMMS03181,High,5.2,30,11.3,1,60.0,0.71,This Month,52.4,3,2,1,0,0
SMMS03182,High,4.7,30,1.7,0,41.8,0.8,This Month,48.6,3,2,1,0,0
SMMS03183,Low,5.8,90,5.1,2,24.8,0.85,This Month,49.7,1,2,1,0,0
SMMS03184,High,11.2,30,23.8,2,48.2,0.72,This Month,50.9,3,2,1,0,0
SMMS03185,Medium,3.4,9,6.1,0,57.9,0.95,This Month,35.0,2,2,1,0,0
SMMS03186,Low,4.6,90,10.0,2,52.5,0.93,This Week,57.1,1,3,1,0,0
SMMS03187,Medium,8.4,60,2.0,0,62.1,0.72,This Month,49.1,2,2,1,0,0
SMMS03188,Low,4.9,81,8.4,1,22.7,0.55,This Month,37.8,1,2,1,0,0
SMMS03189,Critical,6.6,10,17.5,2,36.5,0.84,Immediate,61.6,4,4,1,0,0
SMMS03190,Critical,7.5,10,2.8,0,62.7,0.7,Immediate,56.5,4,4,1,0,0
SMMS03191,Medium,4.7,60,15.1,1,36.4,0.58,This Week,57.2,2,3,1,0,0
SMMS03192,Critical,7.9,10,22.4,0,75.3,0.74,Immediate,63.1,4,4,1,0,0
SMMS03193,Low,4.6,0,6.8,3,23.3,0.76,Programmed,25.5,1,1,1,0,0
SMMS03194,Medium,4.4,60,16.8,3,34.4,0.81,This Month,50.2,2,2,1,0,0
SMMS03195,Medium,4.5,60,21.4,5,43.3,0.8,This Week,68.4,2,3,1,0,0
SMMS03196,Medium,3.2,35,13.9,1,33.9,0.78,This Month,46.5,2,2,1,0,0
SMMS03197,Medium,4.7,60,2.6,0,61.7,0.66,This Month,48.4,2,2,1,0,0
SMMS03198,Low,3.7,90,14.7,3,48.7,0.81,This Month,46.2,1,2,1,0,0
SMMS03199,High,7.1,30,20.8,3,48.6,0.7,This Week,56.7,3,3,1,0,0
SMMS03200,Medium,3.8,34,15.8,2,31.3,0.81,This Month,40.9,2,2,1,0,0
SMMS03201,Medium,4.0,60,13.3,1,31.6,0.79,This Month,49.3,2,2,1,0,0
SMMS03202,Low,4.1,90,11.4,0,78.0,0.69,This Week,60.6,1,3,1,0,0
SMMS03203,Medium,2.9,21,18.7,0,48.7,0.84,This Month,37.9,2,2,1,0,0
SMMS03204,Medium,4.5,60,4.0,0,50.2,0.77,This Month,51.2,2,2,1,0,0
SMMS03205,Low,3.3,54,5.9,2,53.8,0.84,This Month,38.6,1,2,1,0,0
SMMS03206,Medium,7.1,60,5.2,2,21.0,0.82,This Month,50.3,2,2,1,0,0
SMMS03207,Low,8.7,0,12.6,2,47.2,0.98,Programmed,31.0,1,1,1,0,0
SMMS03208,Low,3.9,90,8.2,3,28.8,0.67,This Month,48.7,1,2,1,0,0
SMMS03209,Critical,9.2,10,14.1,1,89.4,0.94,Immediate,51.9,4,4,1,0,0
SMMS03210,Medium,4.7,60,11.9,1,38.2,0.72,This Week,57.9,2,3,1,0,0
SMMS03211,Medium,5.6,60,5.9,2,58.4,0.79,This Month,45.5,2,2,1,0,0
SMMS03212,Low,5.2,0,10.4,3,25.7,0.81,Programmed,24.4,1,1,1,0,0
SMMS03213,Medium,5.3,60,22.5,2,33.4,0.82,This Week,58.2,2,3,1,0,0
SMMS03214,Medium,4.5,60,5.2,2,38.2,0.7,This Month,53.9,2,2,1,0,0
SMMS03215,Low,2.4,90,10.0,0,18.7,0.63,This Month,52.1,1,2,1,0,0
SMMS03216,Medium,6.0,60,15.9,2,45.7,0.86,This Week,58.5,2,3,1,0,0
SMMS03217,Low,5.3,41,3.4,1,25.8,0.74,This Month,37.9,1,2,1,0,0
SMMS03218,Low,2.4,90,2.8,1,30.9,0.77,This Month,44.8,1,2,1,0,0
SMMS03219,Medium,9.3,60,21.1,1,19.9,0.74,This Week,61.7,2,3,1,0,0
SMMS03220,Medium,4.8,60,11.2,5,55.9,0.72,This Week,60.0,2,3,1,0,0
SMMS03221,Low,5.2,56,22.1,3,46.7,0.81,This Month,39.5,1,2,1,0,0
SMMS03222,Medium,5.5,60,12.4,3,36.6,0.64,This Month,53.8,2,2,1,0,0
SMMS03223,Medium,7.3,60,22.9,2,28.9,0.68,This Week,56.1,2,3,1,0,0
SMMS03224,Low,3.7,90,23.6,8,50.0,0.92,This Week,61.4,1,3,1,0,0
SMMS03225,Medium,5.6,60,12.2,3,47.7,0.85,This Month,47.7,2,2,1,0,0
SMMS03226,High,6.1,30,8.8,0,66.2,0.64,This Month,50.7,3,2,1,0,0
SMMS03227,Medium,3.1,60,13.2,6,46.8,0.89,This Month,50.6,2,2,1,0,0
SMMS03228,Low,3.4,90,20.5,5,25.4,0.73,This Week,63.4,1,3,1,0,0
SMMS03229,Medium,2.4,60,9.0,4,36.8,0.73,This Month,49.4,2,2,1,0,0
SMMS03230,High,5.7,30,4.1,1,62.5,0.64,This Month,52.7,3,2,1,0,0
SMMS03231,Medium,2.9,60,6.2,4,26.6,0.82,This Month,54.2,2,2,1,0,0
SMMS03232,Low,3.3,90,10.1,4,51.4,0.76,This Month,54.8,1,2,1,0,0
SMMS03233,High,7.6,30,17.1,1,35.7,0.73,This Week,56.0,3,3,1,0,0
SMMS03234,Low,4.9,0,23.6,2,23.8,0.92,Programmed,24.4,1,1,1,0,0
SMMS03235,Low,3.7,90,3.5,1,28.2,0.65,This Month,47.4,1,2,1,0,0
SMMS03236,Low,7.0,90,14.8,3,26.8,0.67,This Month,49.6,1,2,1,0,0
SMMS03237,Low,4.5,0,1.5,1,18.0,0.61,Programmed,22.2,1,1,1,0,0
SMMS03238,Medium,7.2,60,11.3,2,34.4,0.72,This Week,57.4,2,3,1,0,0
SMMS03239,Low,4.6,90,19.6,1,37.7,0.71,This Week,59.6,1,3,1,0,0
SMMS03240,Medium,9.1,60,23.1,3,24.7,0.7,This Month,54.3,2,2,1,0,0
SMMS03241,High,4.2,30,9.6,0,61.8,0.74,This Week,57.1,3,3,1,0,0
SMMS03242,Critical,14.1,10,4.5,0,68.7,0.82,Immediate,48.6,4,4,1,0,0
SMMS03243,Medium,3.1,24,12.5,1,37.7,0.61,This Month,45.2,2,2,1,0,0
SMMS03244,Critical,6.9,10,8.3,0,43.4,0.67,Immediate,54.3,4,4,1,0,0
SMMS03245,Medium,4.0,60,17.9,1,53.9,0.67,This Week,58.6,2,3,1,0,0
SMMS03246,Critical,9.4,10,10.9,1,48.1,0.73,Immediate,60.7,4,4,1,0,0
SMMS03247,Low,4.1,90,5.6,2,72.6,0.86,This Month,46.0,1,2,1,0,0
SMMS03248,High,6.9,30,6.7,0,43.8,0.45,This Month,43.3,3,2,1,0,0
SMMS03249,High,8.1,30,4.3,2,70.0,0.81,This Month,48.7,3,2,1,0,0
SMMS03250,Critical,8.7,10,6.2,0,69.5,0.62,Immediate,53.4,4,4,1,0,0
SMMS03251,High,4.1,30,18.6,3,26.7,0.77,This Week,56.9,3,3,1,0,0
SMMS03252,High,9.5,30,12.6,0,20.1,0.8,This Month,48.4,3,2,1,0,0
SMMS03253,Low,4.1,90,20.3,2,45.5,0.82,This Week,61.6,1,3,1,0,0
SMMS03254,High,10.0,28,23.6,2,37.7,0.88,This Week,59.4,3,3,1,0,0
SMMS03255,Low,6.2,90,11.5,3,53.9,0.86,This Month,48.5,1,2,1,0,0
SMMS03256,High,8.9,30,22.0,1,59.8,0.58,This Month,50.9,3,2,1,0,0
SMMS03257,Low,7.8,90,9.0,2,34.4,0.7,This Week,58.1,1,3,1,0,0
SMMS03258,High,5.4,30,9.4,2,66.0,0.93,This Week,55.8,3,3,1,0,0
SMMS03259,Medium,5.1,60,17.4,1,29.5,0.78,This Month,52.6,2,2,1,0,0
SMMS03260,Medium,6.2,60,23.6,4,66.2,0.91,This Month,53.7,2,2,1,0,0
SMMS03261,Low,2.6,90,3.5,2,27.3,0.86,This Month,53.0,1,2,1,0,0
SMMS03262,Critical,9.8,10,23.5,1,41.7,0.81,Immediate,58.2,4,4,1,0,0
SMMS03263,Low,7.4,90,7.5,1,41.6,0.75,This Month,42.0,1,2,1,0,0
SMMS03264,Medium,5.8,60,23.9,4,29.6,0.68,This Week,60.2,2,3,1,0,0
SMMS03265,Low,2.1,90,3.1,2,69.7,0.86,This Month,51.9,1,2,1,0,0
SMMS03266,Low,1.4,39,9.4,2,26.2,0.78,This Month,37.4,1,2,1,0,0
SMMS03267,Medium,5.8,60,4.8,0,58.7,0.84,This Month,45.4,2,2,1,0,0
SMMS03268,Medium,7.2,60,16.2,4,63.7,0.73,This Week,56.9,2,3,1,0,0
SMMS03269,High,8.0,30,13.6,0,64.7,0.63,This Month,42.6,3,2,1,0,0
SMMS03270,Medium,6.6,60,13.1,2,39.0,0.88,This Month,49.4,2,2,1,0,0
SMMS03271,Medium,6.0,60,13.5,2,30.5,0.71,This Week,55.0,2,3,1,0,0
SMMS03272,Low,3.7,90,7.1,2,58.9,0.76,This Week,55.6,1,3,1,0,0
SMMS03273,Medium,6.1,7,1.1,1,33.7,0.72,Programmed,34.3,2,1,1,0,0
SMMS03274,Medium,5.6,0,23.9,3,53.5,0.76,This Month,43.2,2,2,1,0,0
SMMS03275,Medium,6.8,60,5.0,0,28.0,0.62,This Month,46.9,2,2,1,0,0
SMMS03276,Low,7.1,90,13.2,1,17.1,0.57,This Month,48.9,1,2,1,0,0
SMMS03277,High,7.5,30,9.6,3,59.9,0.78,This Month,54.8,3,2,1,0,0
SMMS03278,High,4.6,30,21.2,2,24.4,0.83,This Week,55.8,3,3,1,0,0
SMMS03279,Medium,4.1,60,3.1,1,59.3,0.62,This Month,43.0,2,2,1,0,0
SMMS03280,Low,3.9,90,3.5,0,22.7,0.66,This Month,50.4,1,2,1,0,0
SMMS03281,Critical,5.8,10,6.1,1,48.4,0.76,Immediate,62.9,4,4,1,0,0
SMMS03282,Low,5.4,53,19.4,0,33.7,0.62,This Month,36.8,1,2,1,0,0
SMMS03283,Critical,8.2,10,24.2,6,68.0,0.99,Immediate,61.3,4,4,1,0,0
SMMS03284,Medium,4.7,60,24.8,2,38.3,0.79,This Week,64.1,2,3,1,0,0
SMMS03285,Medium,5.3,60,1.7,0,17.5,0.75,This Month,49.2,2,2,1,0,0
SMMS03286,Low,2.0,90,23.5,2,48.8,0.79,This Week,61.0,1,3,1,0,0
SMMS03287,Critical,9.7,10,11.2,0,50.0,0.88,Immediate,58.4,4,4,1,0,0
SMMS03288,High,8.1,30,23.8,4,38.9,0.9,This Week,57.9,3,3,1,0,0
SMMS03289,High,9.3,30,1.9,0,33.9,0.66,This Week,60.6,3,3,1,0,0
SMMS03290,High,6.1,30,9.6,1,32.6,0.78,This Week,64.7,3,3,1,0,0
SMMS03291,High,6.1,30,20.0,3,40.0,0.86,This Week,57.5,3,3,1,0,0
SMMS03292,Low,2.0,36,18.3,0,53.3,0.67,Programmed,30.7,1,1,1,0,0
SMMS03293,Medium,4.3,60,23.3,1,45.6,0.76,This Month,52.0,2,2,1,0,0
SMMS03294,Low,4.4,90,6.0,0,32.0,0.72,This Month,46.1,1,2,1,0,0
SMMS03295,High,7.7,30,7.3,1,42.5,0.69,This Week,60.3,3,3,1,0,0
SMMS03296,Low,2.3,90,24.0,1,31.9,0.83,This Week,62.6,1,3,1,0,0
SMMS03297,Low,1.3,90,12.3,3,57.5,0.92,This Month,52.2,1,2,1,0,0
SMMS03298,High,9.0,10,3.5,0,26.6,0.66,This Month,48.0,3,2,1,0,0
SMMS03299,Low,3.5,82,23.5,3,63.4,0.84,This Week,57.1,1,3,1,0,0
SMMS03300,Medium,6.0,60,7.2,3,38.6,0.87,This Month,50.6,2,2,1,0,0
SMMS03301,Medium,5.5,34,3.3,0,18.2,0.66,This Month,40.8,2,2,1,0,0
SMMS03302,Critical,3.8,10,6.5,3,62.8,0.91,Immediate,56.3,4,4,1,0,0
SMMS03303,Medium,7.9,60,8.9,1,39.8,0.68,This Week,55.2,2,3,1,0,0
SMMS03304,Medium,4.9,0,21.7,2,31.7,0.94,This Month,41.8,2,2,1,0,0
SMMS03305,Low,5.7,90,17.4,1,38.8,0.63,This Month,50.6,1,2,1,0,0
SMMS03306,Low,4.1,0,19.4,2,57.9,0.89,Programmed,24.4,1,1,1,0,0
SMMS03307,Medium,5.2,60,11.6,1,50.5,0.73,This Week,57.8,2,3,1,0,0
SMMS03308,High,7.7,30,16.3,4,28.4,0.68,This Week,55.4,3,3,1,0,0
SMMS03309,Medium,6.0,60,1.6,2,64.5,0.74,This Month,51.7,2,2,1,0,0
SMMS03310,Medium,5.8,32,7.4,1,35.1,0.71,This Month,42.0,2,2,1,0,0
SMMS03311,Low,3.7,69,20.9,2,27.6,0.87,This Month,50.0,1,2,1,0,0
SMMS03312,Medium,7.6,60,21.6,2,36.9,0.87,This Month,54.9,2,2,1,0,0
SMMS03313,Low,3.2,90,12.2,3,50.4,0.63,This Month,54.4,1,2,1,0,0
SMMS03314,Critical,5.6,10,18.8,5,33.7,0.89,Immediate,64.4,4,4,1,0,0
SMMS03315,Medium,6.3,0,20.2,1,30.6,0.71,This Month,41.4,2,2,1,0,0
SMMS03316,Low,7.5,90,17.6,5,25.5,0.82,This Week,57.1,1,3,1,0,0
SMMS03317,Low,3.8,90,18.9,5,21.1,0.8,This Month,52.9,1,2,1,0,0
SMMS03318,Medium,7.8,60,12.0,2,46.0,0.78,This Month,49.1,2,2,1,0,0
SMMS03319,Medium,6.5,2,23.9,1,43.8,0.94,This Month,37.0,2,2,1,0,0
SMMS03320,Medium,6.9,60,16.7,3,47.7,0.8,This Week,57.6,2,3,1,0,0
SMMS03321,High,6.4,30,24.9,2,49.2,0.84,This Week,62.7,3,3,1,0,0
SMMS03322,Low,3.9,90,17.5,2,31.2,0.76,This Month,52.7,1,2,1,0,0
SMMS03323,Medium,3.5,0,19.5,0,57.9,0.76,This Month,42.8,2,2,1,0,0
SMMS03324,High,6.2,30,1.5,1,59.2,0.54,This Month,43.8,3,2,1,0,0
SMMS03325,Critical,9.1,10,5.6,1,52.0,0.74,Immediate,65.5,4,4,1,0,0
SMMS03326,Medium,3.9,60,2.7,3,39.4,0.76,This Month,53.9,2,2,1,0,0
SMMS03327,Low,8.7,90,16.1,1,29.2,0.68,This Month,51.3,1,2,1,0,0
SMMS03328,High,5.2,30,5.3,2,68.2,0.82,This Month,51.4,3,2,1,0,0
SMMS03329,Low,2.7,90,2.1,2,17.6,0.86,This Month,41.3,1,2,1,0,0
SMMS03330,High,7.5,30,1.9,2,31.0,0.66,This Month,51.6,3,2,1,0,0
SMMS03331,High,9.9,30,15.1,2,57.2,0.83,This Week,60.8,3,3,1,0,0
SMMS03332,Medium,7.3,23,5.8,0,24.4,0.68,This Month,39.0,2,2,1,0,0
SMMS03333,Low,2.5,90,9.6,1,30.0,0.56,This Month,47.1,1,2,1,0,0
SMMS03334,High,7.8,30,6.7,0,56.1,0.7,This Month,41.7,3,2,1,0,0
SMMS03335,Low,6.3,90,6.6,2,27.2,0.73,This Month,47.6,1,2,1,0,0
SMMS03336,Medium,5.6,60,10.3,1,31.9,0.7,This Month,52.1,2,2,1,0,0
SMMS03337,Critical,10.0,10,1.1,3,77.5,0.99,Immediate,54.3,4,4,1,0,0
SMMS03338,Critical,6.0,10,13.7,4,69.3,0.89,Immediate,65.6,4,4,1,0,0
SMMS03339,Low,6.1,90,8.7,2,20.4,0.87,This Month,53.2,1,2,1,0,0
SMMS03340,Low,7.0,90,7.3,1,47.1,0.65,This Month,51.9,1,2,1,0,0
SMMS03341,Low,3.4,10,3.1,0,51.3,0.93,Programmed,23.8,1,1,1,0,0
SMMS03342,Low,3.2,90,19.3,3,28.2,0.86,This Month,53.5,1,2,1,0,0
SMMS03343,Medium,7.7,60,3.9,0,58.9,0.51,This Month,44.7,2,2,1,0,0
SMMS03344,Medium,5.7,60,22.6,0,81.1,0.58,This Month,54.9,2,2,1,0,0
SMMS03345,Medium,4.6,60,6.0,0,56.4,0.75,This Week,57.6,2,3,1,0,0
SMMS03346,High,6.5,30,20.6,1,33.3,0.71,This Week,57.6,3,3,1,0,0
SMMS03347,Low,6.2,90,12.2,4,23.7,0.82,This Month,49.8,1,2,1,0,0
SMMS03348,Medium,2.1,60,9.7,3,28.2,0.66,This Month,51.2,2,2,1,0,0
SMMS03349,Medium,6.4,60,4.7,0,36.0,0.73,This Month,51.4,2,2,1,0,0
SMMS03350,Low,5.5,90,3.1,2,48.9,0.64,This Month,44.0,1,2,1,0,0
SMMS03351,Medium,4.4,60,14.0,1,43.2,0.88,This Month,51.3,2,2,1,0,0
SMMS03352,High,3.3,30,14.9,1,32.3,0.76,This Week,62.3,3,3,1,0,0
SMMS03353,High,6.5,30,1.1,1,36.1,0.87,This Month,49.2,3,2,1,0,0
SMMS03354,Low,2.7,90,22.7,0,54.4,0.65,This Month,49.7,1,2,1,0,0
SMMS03355,Medium,5.3,60,22.1,3,39.8,0.86,This Month,53.3,2,2,1,0,0
SMMS03356,High,6.7,30,19.5,3,41.0,0.76,This Month,52.6,3,2,1,0,0
SMMS03357,Low,3.2,90,14.0,3,32.7,0.76,This Month,50.8,1,2,1,0,0
SMMS03358,Low,3.0,90,1.9,1,39.1,0.68,This Month,43.6,1,2,1,0,0
SMMS03359,Low,3.2,90,7.4,2,27.0,0.8,This Week,60.6,1,3,1,0,0
SMMS03360,Medium,6.4,60,10.4,3,41.0,0.86,This Week,56.6,2,3,1,0,0
SMMS03361,Medium,6.1,4,1.6,2,61.3,0.74,This Month,39.6,2,2,1,0,0
SMMS03362,Low,7.3,87,19.1,2,24.9,0.67,This Month,54.9,1,2,1,0,0
SMMS03363,Medium,2.6,32,6.1,3,38.7,0.66,This Month,43.6,2,2,1,0,0
SMMS03364,Low,3.3,0,14.4,3,53.3,0.98,Programmed,24.7,1,1,1,0,0
SMMS03365,Medium,5.9,60,11.8,3,65.3,0.93,This Month,48.2,2,2,1,0,0
SMMS03366,Critical,9.1,10,9.7,1,40.2,0.79,Immediate,60.8,4,4,1,0,0
SMMS03367,Low,1.8,90,21.0,2,8.9,0.81,This Month,53.6,1,2,1,0,0
SMMS03368,High,3.8,30,3.0,1,29.8,0.6,This Month,49.8,3,2,1,0,0
SMMS03369,Medium,4.5,60,24.3,2,62.0,0.67,This Month,52.8,2,2,1,0,0
SMMS03370,Critical,5.6,10,1.1,0,77.6,0.61,Immediate,52.7,4,4,1,0,0
SMMS03371,Medium,4.0,60,5.0,2,31.0,0.85,This Month,50.8,2,2,1,0,0
SMMS03372,High,6.8,30,22.6,2,50.1,0.88,This Month,54.8,3,2,1,0,0
SMMS03373,Medium,4.1,60,24.9,3,29.1,0.82,This Week,56.2,2,3,1,0,0
SMMS03374,Medium,2.0,60,13.0,2,29.5,0.8,This Month,53.3,2,2,1,0,0
SMMS03375,Medium,5.9,60,8.8,2,28.7,0.74,This Week,58.1,2,3,1,0,0
SMMS03376,Low,2.9,44,9.3,0,20.6,0.67,This Month,44.9,1,2,1,0,0
SMMS03377,Critical,8.2,10,14.4,1,45.8,0.71,Immediate,59.6,4,4,1,0,0
SMMS03378,Low,2.3,90,7.4,2,53.2,0.78,This Month,43.7,1,2,1,0,0
SMMS03379,Medium,7.0,60,3.7,0,25.0,0.76,This Month,52.9,2,2,1,0,0
SMMS03380,Medium,6.2,60,13.0,1,67.1,0.75,This Month,53.5,2,2,1,0,0
SMMS03381,High,9.5,30,17.8,2,29.0,0.8,This Week,55.0,3,3,1,0,0
SMMS03382,Critical,8.5,10,15.6,1,47.1,0.84,Immediate,63.7,4,4,1,0,0
SMMS03383,Critical,8.3,10,2.9,1,33.9,0.83,Immediate,51.0,4,4,1,0,0
SMMS03384,Medium,2.7,60,24.5,3,56.8,0.76,This Month,54.1,2,2,1,0,0
SMMS03385,Medium,5.0,60,11.0,1,51.4,0.77,This Week,55.2,2,3,1,0,0
SMMS03386,Medium,4.5,60,23.2,2,31.0,0.84,This Month,53.5,2,2,1,0,0
SMMS03387,Critical,7.3,10,12.0,3,98.6,0.84,Immediate,56.1,4,4,1,0,0
SMMS03388,Medium,3.1,60,14.0,2,37.0,0.78,This Week,56.9,2,3,1,0,0
SMMS03389,Medium,5.2,0,15.7,3,50.7,0.95,Programmed,33.4,2,1,1,0,0
SMMS03390,Low,4.1,3,22.0,1,24.7,0.75,Programmed,32.7,1,1,1,0,0
SMMS03391,Low,1.3,0,10.8,0,51.9,0.87,Programmed,23.2,1,1,1,0,0
SMMS03392,Low,6.9,90,23.6,2,30.2,0.88,This Week,59.6,1,3,1,0,0
SMMS03393,Medium,5.8,60,5.6,0,45.8,0.71,This Month,38.9,2,2,1,0,0
SMMS03394,High,11.3,7,4.2,1,48.0,0.72,This Month,47.2,3,2,1,0,0
SMMS03395,Low,4.2,90,15.0,2,42.6,0.94,This Week,55.0,1,3,1,0,0
SMMS03396,Medium,6.0,60,12.2,2,53.9,0.79,This Month,53.7,2,2,1,0,0
SMMS03397,Low,3.9,76,11.7,1,54.0,0.64,This Month,41.7,1,2,1,0,0
SMMS03398,Medium,6.7,60,8.8,0,62.2,0.77,This Month,46.5,2,2,1,0,0
SMMS03399,High,4.7,30,21.0,1,42.8,0.68,This Month,54.4,3,2,1,0,0
SMMS03400,Medium,5.4,60,2.1,2,30.9,0.73,This Month,54.5,2,2,1,0,0
SMMS03401,High,6.2,30,16.8,3,41.9,0.72,This Month,53.8,3,2,1,0,0
SMMS03402,Low,3.1,90,10.9,0,57.9,0.77,This Month,48.1,1,2,1,0,0
SMMS03403,Medium,6.0,60,12.4,0,64.4,0.77,This Month,54.6,2,2,1,0,0
SMMS03404,Critical,8.2,10,10.7,1,32.6,0.84,Immediate,52.2,4,4,1,0,0
SMMS03405,Medium,5.7,60,6.0,0,44.5,0.66,This Month,42.9,2,2,1,0,0
SMMS03406,Critical,8.9,10,5.9,0,39.6,0.89,Immediate,58.5,4,4,1,0,0
SMMS03407,Medium,5.9,60,14.3,1,29.0,0.58,This Week,57.5,2,3,1,0,0
SMMS03408,Medium,8.6,60,3.8,3,36.5,0.76,This Week,55.5,2,3,1,0,0
SMMS03409,Medium,6.7,60,12.9,1,64.8,0.66,This Month,49.5,2,2,1,0,0
SMMS03410,High,8.6,30,8.0,1,44.0,0.53,This Month,48.2,3,2,1,0,0
SMMS03411,Low,4.7,90,2.2,2,31.1,0.64,This Month,44.7,1,2,1,0,0
SMMS03412,High,7.3,30,5.4,0,40.4,0.56,This Month,51.3,3,2,1,0,0
SMMS03413,Low,5.0,90,11.0,4,22.9,0.75,This Month,48.7,1,2,1,0,0
SMMS03414,High,5.8,30,13.9,1,67.3,0.52,This Month,46.6,3,2,1,0,0
SMMS03415,High,4.1,30,11.4,1,62.8,0.77,This Week,61.7,3,3,1,0,0
SMMS03416,Low,6.7,90,3.6,2,40.5,0.78,This Month,43.7,1,2,1,0,0
SMMS03417,Critical,4.7,10,13.2,0,48.6,0.91,Immediate,59.5,4,4,1,0,0
SMMS03418,Critical,8.1,10,21.6,4,47.8,0.81,Immediate,68.9,4,4,1,0,0
SMMS03419,Medium,3.5,60,8.5,1,24.0,0.61,This Month,51.2,2,2,1,0,0
SMMS03420,Medium,3.7,23,21.2,1,38.2,0.66,This Month,48.9,2,2,1,0,0
SMMS03421,Critical,6.5,10,5.6,2,37.9,0.88,Immediate,57.1,4,4,1,0,0
SMMS03422,Critical,11.1,10,10.8,1,69.3,0.84,Immediate,53.7,4,4,1,0,0
SMMS03423,High,7.4,30,8.8,2,42.5,0.75,This Month,54.8,3,2,1,0,0
SMMS03424,Low,3.9,90,10.8,2,26.7,0.8,This Month,49.5,1,2,1,0,0
SMMS03425,Critical,7.2,10,1.9,0,40.8,0.78,Immediate,53.8,4,4,1,0,0
SMMS03426,Low,4.4,90,24.9,4,23.5,0.76,This Week,58.6,1,3,1,0,0
SMMS03427,Critical,6.3,10,2.3,1,79.6,0.64,Immediate,56.5,4,4,1,0,0
SMMS03428,Medium,5.6,60,2.9,0,27.8,0.74,This Month,42.4,2,2,1,0,0
SMMS03429,Low,4.8,5,2.2,3,49.6,0.88,Programmed,21.3,1,1,1,0,0
SMMS03430,Medium,5.9,60,5.4,1,43.0,0.72,This Month,46.6,2,2,1,0,0
SMMS03431,Medium,5.6,60,7.3,1,59.8,0.57,This Month,51.7,2,2,1,0,0
SMMS03432,High,6.6,30,8.4,3,68.2,0.75,This Week,55.4,3,3,1,0,0
SMMS03433,High,4.0,30,9.7,0,89.3,0.51,This Month,51.1,3,2,1,0,0
SMMS03434,Medium,5.7,0,23.9,1,62.1,0.79,This Month,38.9,2,2,1,0,0
SMMS03435,Medium,3.0,60,9.9,2,37.4,0.77,This Month,42.3,2,2,1,0,0
SMMS03436,Low,2.4,90,4.9,2,53.7,0.75,This Month,51.2,1,2,1,0,0
SMMS03437,High,10.0,30,21.9,0,43.4,0.73,This Week,57.1,3,3,1,0,0
SMMS03438,Medium,3.9,60,19.3,1,54.5,0.5,This Week,60.4,2,3,1,0,0
SMMS03439,Low,1.0,90,11.9,3,38.9,0.58,This Month,50.3,1,2,1,0,0
SMMS03440,Medium,7.3,60,22.3,4,58.8,0.62,This Week,63.9,2,3,1,0,0
SMMS03441,High,6.5,30,2.8,2,84.2,0.63,This Month,52.3,3,2,1,0,0
SMMS03442,Critical,8.0,10,16.4,5,76.9,0.86,Immediate,56.9,4,4,1,0,0
SMMS03443,Medium,4.5,60,1.9,1,38.0,0.61,This Month,51.6,2,2,1,0,0
SMMS03444,Medium,1.7,60,12.6,3,57.2,0.6,This Week,58.1,2,3,1,0,0
SMMS03445,High,9.4,30,21.0,2,43.2,0.71,This Week,57.8,3,3,1,0,0
SMMS03446,High,5.2,30,23.9,2,44.1,0.95,This Week,57.7,3,3,1,0,0
SMMS03447,High,8.2,30,2.6,0,72.0,0.63,This Month,44.3,3,2,1,0,0
SMMS03448,Low,5.3,0,7.4,2,57.1,0.87,Programmed,27.7,1,1,1,0,0
SMMS03449,High,8.6,30,9.0,0,69.5,0.77,This Month,52.5,3,2,1,0,0
SMMS03450,High,6.2,30,21.3,2,71.5,0.8,This Week,56.4,3,3,1,0,0
SMMS03451,Medium,3.8,60,22.6,1,36.1,0.64,This Month,51.6,2,2,1,0,0
SMMS03452,Low,5.7,90,14.4,3,22.4,0.84,This Month,54.6,1,2,1,0,0
SMMS03453,Low,3.6,0,5.9,0,30.3,0.83,Programmed,24.1,1,1,1,0,0
SMMS03454,Medium,3.5,60,6.6,1,34.4,0.8,This Month,47.6,2,2,1,0,0
SMMS03455,Medium,6.4,60,12.1,1,51.5,0.65,This Month,51.5,2,2,1,0,0
SMMS03456,Critical,5.8,10,18.3,2,72.5,0.91,Immediate,65.5,4,4,1,0,0
SMMS03457,Medium,5.2,60,1.8,2,31.3,0.86,This Month,45.9,2,2,1,0,0
SMMS03458,Low,5.2,90,17.9,2,48.5,0.65,This Month,49.0,1,2,1,0,0
SMMS03459,Medium,7.6,60,1.1,1,54.1,0.58,This Month,46.6,2,2,1,0,0
SMMS03460,Medium,2.4,30,2.1,1,66.7,0.82,This Month,46.6,2,2,1,0,0
SMMS03461,High,9.6,30,22.0,1,34.6,0.71,This Week,59.4,3,3,1,0,0
SMMS03462,Medium,4.9,60,16.7,3,72.0,0.68,This Month,48.8,2,2,1,0,0
SMMS03463,Critical,9.7,10,17.6,3,71.7,0.78,Immediate,64.6,4,4,1,0,0
SMMS03464,High,6.1,30,8.8,1,26.3,0.71,This Week,59.5,3,3,1,0,0
SMMS03465,Low,6.5,90,17.8,1,21.0,0.73,This Week,55.3,1,3,1,0,0
SMMS03466,Critical,9.4,10,16.7,1,66.5,0.73,Immediate,59.6,4,4,1,0,0
SMMS03467,Low,3.5,90,13.0,2,50.2,0.58,This Month,48.8,1,2,1,0,0
SMMS03468,Critical,9.7,10,5.0,2,59.4,0.85,Immediate,58.3,4,4,1,0,0
SMMS03469,Medium,2.9,60,5.7,3,29.1,0.79,This Month,44.4,2,2,1,0,0
SMMS03470,Low,4.6,90,14.5,0,24.9,0.67,This Month,54.4,1,2,1,0,0
SMMS03471,Critical,10.0,10,10.2,2,100.0,0.91,Immediate,49.0,4,4,1,0,0
SMMS03472,Low,6.8,5,1.9,0,54.2,0.8,Programmed,16.0,1,1,1,0,0
SMMS03473,Low,3.0,63,8.7,1,22.2,0.74,This Month,42.1,1,2,1,0,0
SMMS03474,Low,1.1,11,16.6,3,53.1,0.98,Programmed,31.2,1,1,1,0,0
SMMS03475,Low,6.9,78,15.9,2,15.1,0.78,This Month,49.7,1,2,1,0,0
SMMS03476,Medium,3.9,49,15.6,2,25.8,0.75,This Month,51.7,2,2,1,0,0
SMMS03477,Critical,5.0,10,18.6,0,36.8,0.84,Immediate,54.9,4,4,1,0,0
SMMS03478,Medium,5.9,55,19.1,3,65.4,0.88,This Week,56.5,2,3,1,0,0
SMMS03479,Low,3.6,0,6.9,0,57.6,0.84,Programmed,13.3,1,1,1,0,0
SMMS03480,Low,5.8,0,12.3,3,24.2,0.95,Programmed,30.9,1,1,1,0,0
SMMS03481,Low,5.3,90,9.6,0,26.5,0.62,This Month,46.5,1,2,1,0,0
SMMS03482,Medium,7.4,58,8.7,1,31.1,0.6,This Month,54.4,2,2,1,0,0
SMMS03483,Low,4.9,90,20.1,3,33.3,0.84,This Month,49.9,1,2,1,0,0
SMMS03484,Low,5.4,90,6.3,1,49.5,0.73,This Week,55.0,1,3,1,0,0
SMMS03485,Low,2.8,0,12.4,0,49.6,0.77,Programmed,23.5,1,1,1,0,0
SMMS03486,Medium,2.8,60,14.3,1,87.2,0.5,This Month,51.1,2,2,1,0,0
SMMS03487,Medium,6.9,60,1.7,3,58.1,0.68,This Month,51.9,2,2,1,0,0
SMMS03488,Low,3.8,90,9.7,1,58.4,0.79,This Month,47.2,1,2,1,0,0
SMMS03489,Medium,1.2,60,21.2,4,58.7,0.7,This Week,60.7,2,3,1,0,0
SMMS03490,Low,2.3,90,13.9,1,18.1,0.72,This Month,46.4,1,2,1,0,0
SMMS03491,Medium,9.7,60,13.2,4,24.2,0.65,This Week,56.2,2,3,1,0,0
SMMS03492,Medium,4.9,60,20.3,0,34.7,0.57,This Month,51.9,2,2,1,0,0
SMMS03493,High,6.3,30,16.4,1,68.7,0.76,This Month,50.7,3,2,1,0,0
SMMS03494,Low,7.8,90,7.0,2,33.5,0.73,This Month,48.8,1,2,1,0,0
SMMS03495,Low,1.9,90,16.3,2,27.3,0.8,This Month,54.9,1,2,1,0,0
SMMS03496,Low,4.6,90,23.9,0,35.7,0.5,This Month,47.0,1,2,1,0,0
SMMS03497,Critical,5.1,10,23.0,1,46.8,0.71,Immediate,62.4,4,4,1,0,0
SMMS03498,Medium,8.7,0,6.3,2,27.9,0.69,This Month,36.3,2,2,1,0,0
SMMS03499,Low,2.7,0,13.8,2,21.5,0.75,Programmed,27.3,1,1,1,0,0
SMMS03500,Low,2.6,90,8.3,1,14.8,0.75,This Month,51.7,1,2,1,0,0
SMMS03501,Critical,7.2,10,16.3,2,49.2,0.91,Immediate,58.7,4,4,1,0,0
SMMS03502,Low,4.4,90,6.3,1,45.7,0.72,This Month,44.8,1,2,1,0,0
SMMS03503,Medium,4.2,60,7.4,0,33.4,0.66,This Month,46.0,2,2,1,0,0
SMMS03504,Medium,6.6,60,11.3,2,32.4,0.88,This Month,49.1,2,2,1,0,0
SMMS03505,Medium,3.1,60,16.1,2,31.7,0.84,This Month,52.6,2,2,1,0,0
SMMS03506,Medium,5.5,60,18.8,3,55.5,0.9,This Week,62.6,2,3,1,0,0
SMMS03507,High,10.3,30,20.6,4,84.3,0.89,This Week,60.4,3,3,1,0,0
SMMS03508,Medium,6.1,60,10.9,0,58.4,0.58,This Month,48.8,2,2,1,0,0
SMMS03509,Medium,5.8,60,10.5,3,34.7,0.79,This Month,46.9,2,2,1,0,0
SMMS03510,Low,3.8,90,19.0,1,24.1,0.59,This Month,47.0,1,2,1,0,0
SMMS03511,Medium,4.8,60,20.3,3,61.6,0.79,This Week,58.5,2,3,1,0,0
SMMS03512,High,5.5,30,5.6,1,70.2,0.76,This Week,57.8,3,3,1,0,0
SMMS03513,Low,1.1,90,17.4,0,57.5,0.75,This Week,55.4,1,3,1,0,0
SMMS03514,Medium,3.7,60,15.8,1,29.6,0.74,This Week,57.2,2,3,1,0,0
SMMS03515,High,7.2,23,19.7,1,40.3,0.73,This Week,56.5,3,3,1,0,0
SMMS03516,High,5.8,30,1.5,1,58.9,0.75,This Month,50.6,3,2,1,0,0
SMMS03517,Medium,4.1,60,17.3,9,33.2,0.79,This Week,62.4,2,3,1,0,0
SMMS03518,Critical,4.5,10,13.8,4,49.4,0.82,Immediate,55.8,4,4,1,0,0
SMMS03519,Medium,6.7,60,3.6,0,63.7,0.72,This Month,43.5,2,2,1,0,0
SMMS03520,Medium,5.2,60,3.7,1,28.5,0.65,This Month,53.7,2,2,1,0,0
SMMS03521,Medium,4.6,0,12.8,2,33.2,0.75,This Month,39.4,2,2,1,0,0
SMMS03522,High,7.4,30,8.6,0,31.5,0.63,This Month,51.8,3,2,1,0,0
SMMS03523,Medium,6.7,60,4.0,1,39.6,0.6,This Month,47.4,2,2,1,0,0
SMMS03524,High,6.6,30,5.1,2,64.1,0.86,This Month,51.7,3,2,1,0,0
SMMS03525,Low,6.1,90,18.0,0,31.2,0.63,This Month,48.3,1,2,1,0,0
SMMS03526,Medium,6.1,60,7.6,1,34.0,0.79,This Month,48.6,2,2,1,0,0
SMMS03527,Medium,7.5,60,21.2,2,26.7,0.87,This Week,59.9,2,3,1,0,0
SMMS03528,Critical,6.3,10,25.0,4,35.4,0.72,Immediate,74.4,4,4,1,0,0
SMMS03529,High,6.2,30,20.5,3,58.4,0.58,This Week,63.3,3,3,1,0,0
SMMS03530,Low,8.9,90,13.6,1,17.4,0.79,This Month,45.8,1,2,1,0,0
SMMS03531,Low,3.7,0,15.2,0,55.8,0.78,Programmed,24.5,1,1,1,0,0
SMMS03532,Low,4.1,1,15.4,1,24.1,0.82,Programmed,24.9,1,1,1,0,0
SMMS03533,Low,6.6,90,15.0,0,28.0,0.55,This Month,46.5,1,2,1,0,0
SMMS03534,Low,1.4,90,23.0,1,35.2,0.61,This Month,51.5,1,2,1,0,0
SMMS03535,Medium,3.6,60,2.1,0,25.6,0.51,This Month,46.0,2,2,1,0,0
SMMS03536,Medium,5.4,60,20.8,2,92.0,0.8,This Week,55.4,2,3,1,0,0
SMMS03537,Low,6.3,20,15.7,4,48.9,0.78,This Month,38.6,1,2,1,0,0
SMMS03538,Medium,5.3,47,15.4,0,20.9,0.55,This Month,52.6,2,2,1,0,0
SMMS03539,Medium,4.1,60,6.2,1,62.4,0.77,This Month,48.6,2,2,1,0,0
SMMS03540,High,9.1,30,17.4,5,62.0,0.78,This Week,55.9,3,3,1,0,0
SMMS03541,High,9.5,30,5.9,0,31.3,0.67,This Month,45.9,3,2,1,0,0
SMMS03542,High,6.2,30,2.5,0,48.5,0.71,This Month,48.1,3,2,1,0,0
SMMS03543,Low,4.9,90,11.9,2,55.1,0.87,This Week,58.4,1,3,1,0,0
SMMS03544,Low,5.8,90,15.6,1,25.7,0.86,This Month,51.2,1,2,1,0,0
SMMS03545,High,4.7,30,13.9,1,37.9,0.8,This Week,59.0,3,3,1,0,0
SMMS03546,High,6.0,30,10.0,2,67.2,0.75,This Week,56.8,3,3,1,0,0
SMMS03547,Medium,4.5,60,17.1,2,38.9,0.6,This Week,57.3,2,3,1,0,0
SMMS03548,High,5.8,24,7.7,2,39.2,0.9,This Month,51.0,3,2,1,0,0
SMMS03549,High,6.9,30,20.7,1,33.7,0.79,This Month,47.5,3,2,1,0,0
SMMS03550,Medium,4.9,18,21.1,1,60.0,0.84,This Month,39.6,2,2,1,0,0
SMMS03551,High,5.7,30,10.3,2,41.2,0.65,This Month,51.7,3,2,1,0,0
SMMS03552,Medium,6.3,60,17.2,0,35.7,0.7,This Month,54.6,2,2,1,0,0
SMMS03553,Low,3.4,90,23.9,2,34.2,0.83,This Week,55.4,1,3,1,0,0
SMMS03554,Medium,5.6,60,7.2,4,41.6,0.82,This Month,45.4,2,2,1,0,0
SMMS03555,Low,3.3,16,7.5,3,30.4,0.97,Programmed,31.9,1,1,1,0,0
SMMS03556,Medium,5.1,60,13.2,2,84.6,0.76,This Month,53.7,2,2,1,0,0
SMMS03557,Medium,7.6,60,20.8,1,27.0,0.79,This Month,53.2,2,2,1,0,0
SMMS03558,Medium,5.0,60,3.7,0,32.8,0.63,This Month,50.4,2,2,1,0,0
SMMS03559,Medium,3.3,11,9.0,5,66.4,0.89,This Month,41.6,2,2,1,0,0
SMMS03560,Medium,3.6,60,6.5,2,24.7,0.66,This Month,49.8,2,2,1,0,0
SMMS03561,Medium,6.2,60,24.2,1,60.4,0.64,This Week,59.4,2,3,1,0,0
SMMS03562,Medium,6.0,60,6.0,1,17.6,0.75,This Month,48.2,2,2,1,0,0
SMMS03563,Low,4.7,90,9.3,4,28.4,0.77,This Month,48.8,1,2,1,0,0
SMMS03564,Medium,6.3,60,10.8,2,34.5,0.83,This Month,53.9,2,2,1,0,0
SMMS03565,Low,4.0,90,16.0,1,66.0,0.64,This Week,58.8,1,3,1,0,0
SMMS03566,Medium,5.3,60,8.2,0,64.6,0.7,This Month,52.2,2,2,1,0,0
SMMS03567,Medium,3.1,60,12.9,5,59.9,0.63,This Month,53.1,2,2,1,0,0
SMMS03568,Medium,4.6,60,10.5,3,34.4,0.63,This Month,49.1,2,2,1,0,0
SMMS03569,Medium,3.7,60,8.1,1,28.8,0.73,This Week,59.1,2,3,1,0,0
SMMS03570,Low,6.0,3,19.2,1,36.1,0.81,Programmed,33.2,1,1,1,0,0
SMMS03571,Low,4.2,90,18.4,1,23.1,0.65,This Week,58.6,1,3,1,0,0
SMMS03572,Low,6.7,47,6.7,0,31.9,0.65,This Month,41.9,1,2,1,0,0
SMMS03573,Low,3.3,90,5.1,1,47.8,0.6,This Month,36.5,1,2,1,0,0
SMMS03574,Medium,4.7,60,1.7,1,34.4,0.7,This Month,52.1,2,2,1,0,0
SMMS03575,Low,3.7,66,3.7,1,51.1,0.61,This Month,40.4,1,2,1,0,0
SMMS03576,High,5.6,30,15.5,2,37.4,0.8,This Month,54.6,3,2,1,0,0
SMMS03577,Low,4.2,90,17.5,1,36.0,0.54,This Week,55.6,1,3,1,0,0
SMMS03578,Medium,6.3,60,6.6,3,40.7,0.78,This Month,44.6,2,2,1,0,0
SMMS03579,Low,5.3,90,11.2,0,48.4,0.59,This Month,49.6,1,2,1,0,0
SMMS03580,Medium,4.4,60,18.6,1,41.4,0.72,This Month,54.0,2,2,1,0,0
SMMS03581,Medium,9.7,60,6.6,0,43.3,0.68,This Month,46.9,2,2,1,0,0
SMMS03582,Medium,5.4,60,12.7,3,34.5,0.77,This Week,58.3,2,3,1,0,0
SMMS03583,Critical,9.8,10,24.5,3,45.9,0.94,Immediate,65.7,4,4,1,0,0
SMMS03584,Critical,6.7,10,13.9,2,66.1,0.81,Immediate,58.3,4,4,1,0,0
SMMS03585,Low,5.2,90,13.6,2,58.7,0.71,This Month,51.2,1,2,1,0,0
SMMS03586,High,6.8,30,3.8,2,85.5,0.67,This Month,40.7,3,2,1,0,0
SMMS03587,Medium,3.7,60,19.1,1,52.2,0.79,This Month,46.3,2,2,1,0,0
SMMS03588,Low,3.7,90,10.8,3,54.8,0.73,This Month,45.1,1,2,1,0,0
SMMS03589,High,6.0,30,7.5,2,58.7,0.83,This Week,57.2,3,3,1,0,0
SMMS03590,Medium,5.5,60,11.1,1,32.1,0.74,This Month,51.3,2,2,1,0,0
SMMS03591,High,6.8,30,13.4,2,56.8,0.65,This Month,51.7,3,2,1,0,0
SMMS03592,Low,5.3,90,22.8,3,30.0,0.68,This Week,66.9,1,3,1,0,0
SMMS03593,Medium,2.2,60,5.6,1,37.3,0.69,This Month,47.2,2,2,1,0,0
SMMS03594,Medium,6.0,60,16.1,1,64.8,0.79,This Month,52.9,2,2,1,0,0
SMMS03595,High,9.2,30,6.0,2,38.2,0.77,This Month,52.3,3,2,1,0,0
SMMS03596,Medium,5.6,60,1.6,4,36.2,0.84,This Month,47.9,2,2,1,0,0
SMMS03597,Medium,4.0,60,21.7,3,36.2,0.87,This Week,57.9,2,3,1,0,0
SMMS03598,Low,8.1,18,23.8,3,29.3,0.92,This Month,41.9,1,2,1,0,0
SMMS03599,High,6.5,30,17.3,6,51.0,0.79,This Month,53.4,3,2,1,0,0
SMMS03600,Medium,4.6,60,7.8,1,26.6,0.81,This Week,56.2,2,3,1,0,0
SMMS03601,Low,2.4,64,17.3,2,28.0,0.84,This Month,42.9,1,2,1,0,0
SMMS03602,Medium,5.8,60,10.1,4,38.6,0.65,This Week,58.9,2,3,1,0,0
SMMS03603,High,4.5,30,15.2,1,35.2,0.67,This Week,60.5,3,3,1,0,0
SMMS03604,Medium,3.1,59,6.4,2,32.4,0.78,This Month,50.7,2,2,1,0,0
SMMS03605,Medium,2.9,60,9.4,2,53.9,0.75,This Month,53.8,2,2,1,0,0
SMMS03606,Medium,8.8,60,3.0,0,51.8,0.74,This Month,54.1,2,2,1,0,0
SMMS03607,Medium,9.7,60,15.4,2,23.4,0.86,This Month,51.9,2,2,1,0,0
SMMS03608,Medium,4.3,60,6.8,0,62.7,0.79,This Week,57.9,2,3,1,0,0
SMMS03609,Low,6.5,90,9.4,4,27.3,0.88,This Month,52.3,1,2,1,0,0
SMMS03610,Low,5.4,90,10.7,1,31.5,0.59,This Month,51.7,1,2,1,0,0
SMMS03611,Medium,5.9,60,24.1,3,32.2,0.86,This Week,67.0,2,3,1,0,0
SMMS03612,Low,4.6,90,19.0,2,30.3,0.76,This Month,53.9,1,2,1,0,0
SMMS03613,High,7.9,30,10.0,1,57.1,0.67,This Month,48.5,3,2,1,0,0
SMMS03614,Medium,5.3,60,3.4,0,20.3,0.67,This Month,47.1,2,2,1,0,0
SMMS03615,Medium,6.0,14,1.7,2,54.7,0.71,This Month,36.0,2,2,1,0,0
SMMS03616,Medium,4.6,60,3.0,0,56.1,0.66,This Month,47.5,2,2,1,0,0
SMMS03617,Medium,2.4,39,23.1,3,84.2,0.82,This Month,50.7,2,2,1,0,0
SMMS03618,High,4.6,30,2.9,3,46.6,0.8,This Month,50.7,3,2,1,0,0
SMMS03619,Medium,5.0,60,20.1,1,24.4,0.67,This Week,55.2,2,3,1,0,0
SMMS03620,Low,2.2,5,21.5,0,29.0,0.84,Programmed,29.3,1,1,1,0,0
SMMS03621,Low,5.3,90,6.9,3,53.4,0.86,This Month,42.2,1,2,1,0,0
SMMS03622,Medium,5.4,60,21.4,3,30.7,0.69,This Week,56.7,2,3,1,0,0
SMMS03623,Low,1.7,90,11.9,1,58.6,0.73,This Month,47.7,1,2,1,0,0
SMMS03624,Medium,9.8,60,20.4,3,22.5,0.79,This Month,53.9,2,2,1,0,0
SMMS03625,Medium,6.1,60,2.3,1,30.9,0.66,This Month,47.0,2,2,1,0,0
SMMS03626,High,4.7,30,2.9,3,67.6,0.94,This Month,46.0,3,2,1,0,0
SMMS03627,Low,3.1,90,16.1,0,22.4,0.69,This Month,54.6,1,2,1,0,0
SMMS03628,Critical,11.2,10,2.7,1,41.4,0.72,Immediate,59.5,4,4,1,0,0
SMMS03629,Critical,4.8,10,8.6,4,38.1,0.82,Immediate,64.8,4,4,1,0,0
SMMS03630,Critical,8.0,10,22.5,5,46.7,0.83,Immediate,70.2,4,4,1,0,0
SMMS03631,Low,4.9,90,21.8,2,53.5,0.79,This Week,64.7,1,3,1,0,0
SMMS03632,Low,6.2,90,13.1,3,25.5,0.89,This Month,54.1,1,2,1,0,0
SMMS03633,Medium,4.5,60,22.9,0,64.6,0.6,This Week,55.1,2,3,1,0,0
SMMS03634,High,9.2,30,19.8,1,45.4,0.73,This Week,60.0,3,3,1,0,0
SMMS03635,Low,3.8,0,11.5,1,44.2,0.74,Programmed,18.4,1,1,1,0,0
SMMS03636,High,4.1,30,8.6,0,43.9,0.66,This Month,53.3,3,2,1,0,0
SMMS03637,Medium,6.2,60,4.5,0,23.8,0.73,This Month,46.7,2,2,1,0,0
SMMS03638,Low,2.4,90,22.2,5,23.3,0.82,This Week,55.3,1,3,1,0,0
SMMS03639,Low,4.6,90,13.0,0,39.8,0.71,This Month,43.5,1,2,1,0,0
SMMS03640,Medium,6.5,30,8.7,0,61.4,0.74,This Month,36.5,2,2,1,0,0
SMMS03641,Critical,5.4,10,1.7,0,37.9,0.79,Immediate,53.7,4,4,1,0,0
SMMS03642,Low,4.3,66,1.2,0,20.3,0.78,Programmed,33.9,1,1,1,0,0
SMMS03643,Medium,3.1,26,11.3,1,28.9,0.65,This Month,36.2,2,2,1,0,0
SMMS03644,Low,4.4,40,4.0,1,36.4,0.75,Programmed,29.2,1,1,1,0,0
SMMS03645,Low,3.4,90,20.5,3,53.4,0.76,This Week,62.4,1,3,1,0,0
SMMS03646,High,5.8,30,22.1,0,43.1,0.73,This Week,62.3,3,3,1,0,0
SMMS03647,Low,2.5,0,10.3,1,29.1,0.82,Programmed,15.7,1,1,1,0,0
SMMS03648,Medium,3.0,45,12.2,4,29.4,0.66,This Month,48.8,2,2,1,0,0
SMMS03649,High,4.5,30,16.5,2,34.8,0.79,This Week,56.2,3,3,1,0,0
SMMS03650,Critical,6.7,10,17.8,5,65.8,0.91,Immediate,66.0,4,4,1,0,0
SMMS03651,Low,6.8,90,16.9,3,29.4,0.79,This Week,60.3,1,3,1,0,0
SMMS03652,Medium,2.1,60,15.4,3,33.7,0.64,This Month,51.7,2,2,1,0,0
SMMS03653,Low,5.0,0,24.6,1,55.4,0.75,Programmed,26.8,1,1,1,0,0
SMMS03654,Low,4.6,90,14.7,3,23.3,0.68,This Month,52.9,1,2,1,0,0
SMMS03655,Medium,5.4,60,7.0,0,57.8,0.57,This Month,42.7,2,2,1,0,0
SMMS03656,Medium,5.9,60,20.9,2,61.1,0.75,This Week,61.5,2,3,1,0,0
SMMS03657,Low,5.7,90,3.4,0,32.9,0.68,This Month,42.5,1,2,1,0,0
SMMS03658,Medium,6.8,60,13.0,1,28.3,0.62,This Month,54.8,2,2,1,0,0
SMMS03659,Low,4.2,45,16.4,2,23.6,0.75,This Month,43.7,1,2,1,0,0
SMMS03660,Medium,5.6,60,9.4,0,26.2,0.78,This Week,59.0,2,3,1,0,0
SMMS03661,Low,9.8,90,3.5,3,33.9,0.93,This Month,53.3,1,2,1,0,0
SMMS03662,Low,4.8,90,7.0,0,49.3,0.63,This Month,48.5,1,2,1,0,0
SMMS03663,Medium,4.7,0,13.6,4,53.6,0.9,This Month,39.0,2,2,1,0,0
SMMS03664,Low,5.6,86,20.8,1,19.0,0.62,This Month,51.8,1,2,1,0,0
SMMS03665,High,5.1,30,13.7,1,36.9,0.64,This Week,57.7,3,3,1,0,0
SMMS03666,Critical,8.0,10,15.0,2,45.4,0.98,Immediate,56.7,4,4,1,0,0
SMMS03667,Medium,8.4,10,19.9,2,29.7,0.9,This Month,36.9,2,2,1,0,0
SMMS03668,Medium,5.3,60,1.9,1,37.0,0.8,This Month,45.8,2,2,1,0,0
SMMS03669,Low,5.6,44,18.5,1,28.2,0.69,This Month,53.6,1,2,1,0,0
SMMS03670,High,8.1,30,15.5,1,62.4,0.49,This Week,61.5,3,3,1,0,0
SMMS03671,Medium,4.6,60,21.1,3,68.1,0.68,This Week,60.3,2,3,1,0,0
SMMS03672,Medium,6.0,59,11.5,2,30.7,0.74,This Month,51.3,2,2,1,0,0
SMMS03673,High,6.9,30,17.3,4,63.0,0.72,This Week,57.7,3,3,1,0,0
SMMS03674,High,6.2,7,11.0,2,34.9,0.95,This Month,40.2,3,2,1,0,0
SMMS03675,Medium,4.5,60,19.6,2,65.8,0.8,This Month,53.8,2,2,1,0,0
SMMS03676,Medium,6.0,60,24.3,2,35.7,0.78,This Month,52.6,2,2,1,0,0
SMMS03677,Low,4.3,90,12.8,4,27.4,0.79,This Month,50.7,1,2,1,0,0
SMMS03678,Low,3.3,39,5.1,3,37.7,0.78,This Month,38.2,1,2,1,0,0
SMMS03679,Medium,6.6,60,2.7,1,40.2,0.87,This Month,46.2,2,2,1,0,0
SMMS03680,High,5.7,30,6.4,0,65.8,0.68,This Month,48.2,3,2,1,0,0
SMMS03681,Medium,9.5,60,6.3,3,55.1,0.78,This Month,51.7,2,2,1,0,0
SMMS03682,High,7.0,30,15.4,4,38.6,0.82,This Week,62.5,3,3,1,0,0
SMMS03683,Medium,4.4,60,14.1,2,53.9,0.79,This Month,49.6,2,2,1,0,0
SMMS03684,High,7.2,30,13.1,3,32.3,0.62,This Month,54.7,3,2,1,0,0
SMMS03685,Low,3.9,90,24.6,5,15.1,0.82,This Week,60.5,1,3,1,0,0
SMMS03686,Medium,5.0,60,10.7,0,79.8,0.59,This Month,54.6,2,2,1,0,0
SMMS03687,Medium,4.6,60,13.1,1,80.4,0.67,This Month,50.6,2,2,1,0,0
SMMS03688,Critical,8.3,10,12.2,0,64.9,0.77,Immediate,63.4,4,4,1,0,0
SMMS03689,Critical,5.9,10,8.9,2,57.2,0.96,Immediate,56.1,4,4,1,0,0
SMMS03690,Low,2.7,90,2.3,1,27.1,0.75,This Month,43.5,1,2,1,0,0
SMMS03691,Low,4.8,90,22.1,2,49.6,0.79,This Month,50.4,1,2,1,0,0
SMMS03692,High,7.8,30,9.3,3,37.4,0.8,This Month,51.9,3,2,1,0,0
SMMS03693,Critical,9.0,10,1.2,0,68.0,0.91,Immediate,48.9,4,4,1,0,0
SMMS03694,Low,5.0,90,19.2,1,48.5,0.75,This Month,53.0,1,2,1,0,0
SMMS03695,Low,5.6,90,12.2,3,34.8,0.72,This Month,52.5,1,2,1,0,0
SMMS03696,Medium,6.0,60,13.4,2,38.5,0.71,This Week,56.2,2,3,1,0,0
SMMS03697,Low,3.1,90,4.0,1,31.3,0.79,This Month,52.7,1,2,1,0,0
SMMS03698,Low,3.3,90,7.9,5,36.8,0.84,This Week,60.9,1,3,1,0,0
SMMS03699,High,10.4,30,14.6,0,75.1,0.71,This Week,61.0,3,3,1,0,0
SMMS03700,Critical,9.0,10,2.5,0,53.6,0.83,Immediate,45.8,4,4,1,0,0
SMMS03701,Critical,8.4,6,3.9,1,76.1,0.74,Immediate,52.6,4,4,1,0,0
SMMS03702,Low,7.6,90,8.2,0,75.1,0.7,This Month,47.0,1,2,1,0,0
SMMS03703,High,6.0,30,15.8,4,39.4,0.72,This Month,54.2,3,2,1,0,0
SMMS03704,High,6.0,30,7.1,0,67.7,0.61,This Month,42.1,3,2,1,0,0
SMMS03705,Critical,8.7,10,3.6,1,42.6,0.72,Immediate,53.0,4,4,1,0,0
SMMS03706,Medium,4.5,60,23.3,1,41.5,0.7,This Week,57.6,2,3,1,0,0
SMMS03707,Low,3.7,54,15.8,2,15.6,0.71,This Month,42.4,1,2,1,0,0
SMMS03708,Low,3.9,90,12.1,2,44.9,0.76,This Month,53.6,1,2,1,0,0
SMMS03709,Medium,4.7,60,22.4,1,54.9,0.79,This Week,56.1,2,3,1,0,0
SMMS03710,Low,5.3,90,8.2,0,82.6,0.75,This Month,48.6,1,2,1,0,0
SMMS03711,High,6.8,0,16.0,0,72.0,0.78,This Month,51.0,3,2,1,0,0
SMMS03712,Medium,12.1,28,10.8,2,57.0,0.7,This Month,45.7,2,2,1,0,0
SMMS03713,Medium,10.1,0,7.6,3,32.7,0.93,Programmed,33.6,2,1,1,0,0
SMMS03714,Low,4.4,90,20.6,1,28.0,0.75,This Week,59.9,1,3,1,0,0
SMMS03715,Critical,10.0,10,14.8,1,40.9,0.63,Immediate,60.2,4,4,1,0,0
SMMS03716,Medium,5.0,60,14.1,3,56.2,0.88,This Week,66.3,2,3,1,0,0
SMMS03717,Critical,7.0,10,14.6,3,86.4,0.99,Immediate,65.1,4,4,1,0,0
SMMS03718,Medium,6.3,31,7.2,0,72.3,0.6,This Month,36.6,2,2,1,0,0
SMMS03719,Low,2.5,90,11.8,0,29.5,0.55,This Month,48.5,1,2,1,0,0
SMMS03720,High,6.8,30,12.2,4,36.3,0.76,This Week,59.4,3,3,1,0,0
SMMS03721,Medium,2.4,60,13.8,1,35.2,0.6,This Month,47.8,2,2,1,0,0
SMMS03722,High,6.5,19,8.8,4,51.2,0.85,This Week,60.1,3,3,1,0,0
SMMS03723,Medium,4.2,60,8.9,1,56.0,0.83,This Month,41.2,2,2,1,0,0
SMMS03724,Medium,4.9,60,12.1,1,60.1,0.75,This Month,50.0,2,2,1,0,0
SMMS03725,Low,2.1,90,6.0,2,51.4,0.7,This Month,40.6,1,2,1,0,0
SMMS03726,High,9.8,30,11.7,1,38.6,0.69,This Month,50.0,3,2,1,0,0
SMMS03727,Low,4.6,2,2.0,1,30.9,0.7,Programmed,22.4,1,1,1,0,0
SMMS03728,Medium,5.0,60,14.3,2,35.9,0.77,This Week,62.9,2,3,1,0,0
SMMS03729,Medium,4.7,48,21.4,2,46.4,0.87,This Week,56.0,2,3,1,0,0
SMMS03730,Medium,5.5,60,12.4,0,28.1,0.73,This Week,56.5,2,3,1,0,0
SMMS03731,Medium,6.6,60,6.1,0,36.0,0.53,This Month,46.4,2,2,1,0,0
SMMS03732,High,6.4,30,4.2,0,62.2,0.57,This Month,44.4,3,2,1,0,0
SMMS03733,Low,3.0,1,12.2,2,28.8,0.95,Programmed,15.5,1,1,1,0,0
SMMS03734,Low,4.8,61,16.4,2,18.8,0.79,This Month,48.3,1,2,1,0,0
SMMS03735,Low,4.9,90,20.2,1,26.5,0.68,This Week,57.1,1,3,1,0,0
SMMS03736,Medium,4.2,60,8.4,0,33.4,0.89,This Month,48.9,2,2,1,0,0
SMMS03737,Medium,5.9,60,16.3,2,37.1,0.86,This Month,54.1,2,2,1,0,0
SMMS03738,High,5.5,30,7.2,2,43.1,0.82,This Week,55.4,3,3,1,0,0
SMMS03739,Medium,2.9,60,21.6,3,18.9,0.77,This Week,55.7,2,3,1,0,0
SMMS03740,High,4.8,30,1.5,1,32.3,0.61,This Month,45.7,3,2,1,0,0
SMMS03741,Medium,3.7,60,14.3,4,31.9,0.86,This Month,51.4,2,2,1,0,0
SMMS03742,Critical,8.7,10,13.1,5,65.9,0.83,Immediate,59.4,4,4,1,0,0
SMMS03743,Medium,5.2,0,10.3,6,62.5,0.92,This Month,35.2,2,2,1,0,0
SMMS03744,High,9.2,30,22.2,3,56.1,0.7,This Week,57.7,3,3,1,0,0
SMMS03745,Low,5.1,0,16.0,1,52.0,0.71,Programmed,29.3,1,1,1,0,0
SMMS03746,Medium,7.3,60,9.6,1,33.8,0.51,This Month,52.9,2,2,1,0,0
SMMS03747,High,3.7,30,7.3,1,32.6,0.79,This Month,42.0,3,2,1,0,0
SMMS03748,Medium,4.2,60,4.0,2,64.1,0.83,This Month,46.5,2,2,1,0,0
SMMS03749,Medium,5.9,60,23.1,0,56.8,0.77,This Month,51.8,2,2,1,0,0
SMMS03750,Medium,7.0,60,8.6,2,62.9,0.74,This Month,51.5,2,2,1,0,0
SMMS03751,High,4.6,30,13.2,2,40.8,0.74,This Month,51.8,3,2,1,0,0
SMMS03752,Low,4.2,0,3.1,1,79.0,0.89,Programmed,26.5,1,1,1,0,0
SMMS03753,Low,6.3,90,3.5,2,28.5,0.8,This Month,48.0,1,2,1,0,0
SMMS03754,High,7.7,30,20.4,2,31.2,0.71,This Week,58.3,3,3,1,0,0
SMMS03755,Medium,3.1,20,6.0,2,55.2,0.92,This Month,36.5,2,2,1,0,0
SMMS03756,Low,4.1,0,12.6,2,57.5,0.88,Programmed,25.6,1,1,1,0,0
SMMS03757,Low,5.6,90,6.7,1,52.1,0.67,This Month,44.1,1,2,1,0,0
SMMS03758,Medium,7.3,60,22.5,2,51.8,0.79,This Week,59.9,2,3,1,0,0
SMMS03759,Medium,6.5,60,16.6,2,28.3,0.81,This Week,59.2,2,3,1,0,0
SMMS03760,High,6.7,30,19.4,2,77.5,0.8,This Week,55.0,3,3,1,0,0
SMMS03761,High,7.2,30,10.2,3,31.2,0.9,This Month,53.0,3,2,1,0,0
SMMS03762,Low,4.3,90,22.0,1,25.4,0.64,This Month,54.3,1,2,1,0,0
SMMS03763,Medium,3.9,60,16.2,3,39.5,0.78,This Week,56.4,2,3,1,0,0
SMMS03764,Medium,5.3,60,23.8,2,49.4,0.84,This Week,58.5,2,3,1,0,0
SMMS03765,Medium,7.2,60,17.3,3,36.8,0.85,This Month,51.0,2,2,1,0,0
SMMS03766,High,2.5,30,6.3,0,30.1,0.79,This Month,53.4,3,2,1,0,0
SMMS03767,Medium,6.7,60,7.8,0,34.1,0.67,This Month,54.0,2,2,1,0,0
SMMS03768,Medium,5.5,60,19.7,1,42.8,0.71,This Month,54.3,2,2,1,0,0
SMMS03769,Medium,5.4,60,10.5,2,54.3,0.77,This Month,54.6,2,2,1,0,0
SMMS03770,Medium,3.9,60,5.6,0,36.5,0.69,This Month,50.6,2,2,1,0,0
SMMS03771,Low,2.5,90,22.1,3,31.1,0.8,This Week,65.4,1,3,1,0,0
SMMS03772,Critical,7.3,10,21.2,0,91.6,0.85,Immediate,56.8,4,4,1,0,0
SMMS03773,Low,3.3,90,3.9,1,54.4,0.63,This Month,52.6,1,2,1,0,0
SMMS03774,Low,4.7,0,9.2,2,46.9,0.91,Programmed,25.7,1,1,1,0,0
SMMS03775,Medium,3.9,60,15.2,4,53.6,0.72,This Week,58.9,2,3,1,0,0
SMMS03776,Low,7.8,7,23.3,1,54.6,0.83,Programmed,29.2,1,1,1,0,0
SMMS03777,Medium,4.9,33,6.5,1,33.7,0.74,This Month,38.4,2,2,1,0,0
SMMS03778,Medium,6.7,60,22.0,4,33.5,0.72,This Week,57.7,2,3,1,0,0
SMMS03779,Medium,7.4,60,24.9,2,80.6,0.71,This Week,55.1,2,3,1,0,0
SMMS03780,Low,3.5,0,6.6,2,49.5,0.87,Programmed,21.9,1,1,1,0,0
SMMS03781,Medium,6.9,6,12.7,0,23.6,0.75,This Month,38.9,2,2,1,0,0
SMMS03782,Medium,4.3,0,8.0,2,53.5,0.85,Programmed,31.8,2,1,1,0,0
SMMS03783,Medium,2.0,60,14.1,1,38.0,0.55,This Month,51.1,2,2,1,0,0
SMMS03784,Critical,10.2,10,7.9,3,45.5,0.8,Immediate,64.0,4,4,1,0,0
SMMS03785,Low,3.1,90,4.1,1,48.1,0.79,This Month,45.3,1,2,1,0,0
SMMS03786,Critical,9.2,10,15.2,0,48.3,0.93,Immediate,60.1,4,4,1,0,0
SMMS03787,High,4.9,30,2.5,0,32.0,0.74,This Month,48.5,3,2,1,0,0
SMMS03788,Medium,4.6,14,6.8,2,78.9,0.94,This Month,40.3,2,2,1,0,0
SMMS03789,Medium,6.6,60,10.8,3,19.8,0.78,This Month,50.2,2,2,1,0,0
SMMS03790,Medium,5.2,60,8.3,0,34.3,0.86,This Month,49.3,2,2,1,0,0
SMMS03791,Low,1.8,90,18.3,2,37.5,0.7,This Week,55.1,1,3,1,0,0
SMMS03792,Medium,6.6,0,8.0,0,41.9,0.79,Programmed,33.2,2,1,1,0,0
SMMS03793,Medium,7.5,60,12.1,0,22.0,0.81,This Month,50.4,2,2,1,0,0
SMMS03794,Low,2.3,90,24.3,4,28.9,0.88,This Month,52.9,1,2,1,0,0
SMMS03795,High,5.6,30,18.3,1,50.4,0.76,This Month,52.8,3,2,1,0,0
SMMS03796,Medium,5.3,59,23.7,3,49.7,0.79,This Week,55.0,2,3,1,0,0
SMMS03797,Medium,5.3,60,11.1,1,57.7,0.81,This Month,51.6,2,2,1,0,0
SMMS03798,Medium,3.2,60,14.4,1,30.7,0.69,This Week,55.1,2,3,1,0,0
SMMS03799,Low,3.7,57,1.2,2,53.7,0.72,This Month,38.0,1,2,1,0,0
SMMS03800,Low,1.9,90,18.3,2,17.3,0.89,This Month,47.9,1,2,1,0,0
SMMS03801,Critical,6.0,10,20.7,3,72.7,0.97,Immediate,70.5,4,4,1,0,0
SMMS03802,High,6.5,30,23.5,4,43.6,0.99,This Week,56.9,3,3,1,0,0
SMMS03803,High,6.9,30,3.5,1,41.4,0.8,This Month,47.4,3,2,1,0,0
SMMS03804,Low,3.9,0,16.6,3,33.9,0.97,Programmed,24.9,1,1,1,0,0
SMMS03805,High,6.2,30,2.0,0,50.7,0.67,This Month,42.6,3,2,1,0,0
SMMS03806,Medium,11.4,60,23.9,3,29.8,0.7,This Week,60.8,2,3,1,0,0
SMMS03807,Medium,10.5,60,21.1,2,35.9,0.87,This Month,49.8,2,2,1,0,0
SMMS03808,Medium,4.1,60,24.0,3,26.0,0.75,This Week,60.5,2,3,1,0,0
SMMS03809,Critical,5.4,10,16.4,4,39.5,0.79,Immediate,69.6,4,4,1,0,0
SMMS03810,Medium,4.2,60,18.8,2,34.7,0.75,This Week,60.8,2,3,1,0,0
SMMS03811,Medium,2.6,60,1.8,4,43.4,0.61,This Month,54.6,2,2,1,0,0
SMMS03812,Critical,6.0,10,1.9,2,46.3,0.93,Immediate,47.3,4,4,1,0,0
SMMS03813,Medium,5.8,60,10.0,3,20.6,0.78,This Month,51.8,2,2,1,0,0
SMMS03814,Low,4.2,90,22.2,1,25.9,0.72,This Week,59.3,1,3,1,0,0
SMMS03815,High,7.0,30,1.3,2,43.1,0.85,This Month,51.4,3,2,1,0,0
SMMS03816,High,5.5,30,18.3,1,34.3,0.64,This Week,57.0,3,3,1,0,0
SMMS03817,Medium,2.7,60,24.4,2,30.4,0.75,This Week,58.2,2,3,1,0,0
SMMS03818,Critical,8.8,10,15.9,5,36.2,0.87,Immediate,62.8,4,4,1,0,0
SMMS03819,Medium,5.0,60,20.6,0,30.0,0.59,This Week,55.4,2,3,1,0,0
SMMS03820,Medium,5.4,60,3.1,1,30.8,0.68,This Month,52.0,2,2,1,0,0
SMMS03821,Medium,4.3,28,23.8,3,57.8,0.61,This Month,49.4,2,2,1,0,0
SMMS03822,Low,6.3,90,21.0,3,25.4,0.86,This Month,54.2,1,2,1,0,0
SMMS03823,High,6.0,30,3.6,0,78.9,0.51,This Month,46.4,3,2,1,0,0
SMMS03824,Critical,6.1,10,6.0,2,41.3,0.99,Immediate,54.5,4,4,1,0,0
SMMS03825,Critical,7.1,10,13.8,2,70.4,0.88,Immediate,60.2,4,4,1,0,0
SMMS03826,Medium,7.1,60,21.0,2,37.0,0.72,This Week,63.2,2,3,1,0,0
SMMS03827,Low,5.2,90,18.7,2,20.8,0.82,This Month,53.7,1,2,1,0,0
SMMS03828,High,9.1,30,1.6,1,66.6,0.56,This Month,50.9,3,2,1,0,0
SMMS03829,Low,3.1,0,6.2,3,79.1,0.85,Programmed,17.9,1,1,1,0,0
SMMS03830,High,4.4,30,15.3,0,49.6,0.68,This Month,50.3,3,2,1,0,0
SMMS03831,Critical,10.5,10,6.8,2,50.0,0.97,Immediate,60.2,4,4,1,0,0
SMMS03832,Medium,4.4,60,6.6,1,62.2,0.74,This Month,48.2,2,2,1,0,0
SMMS03833,Low,4.8,90,18.3,3,38.6,0.84,This Month,54.3,1,2,1,0,0
SMMS03834,High,5.1,30,9.8,1,39.9,0.6,This Month,52.9,3,2,1,0,0
SMMS03835,Low,3.2,90,19.8,2,30.4,0.79,This Month,52.1,1,2,1,0,0
SMMS03836,Critical,6.1,10,23.1,2,42.5,0.74,Immediate,70.6,4,4,1,0,0
SMMS03837,Medium,8.7,60,10.4,3,29.3,0.71,This Week,55.2,2,3,1,0,0
SMMS03838,High,6.8,30,9.4,1,41.5,0.62,This Week,55.3,3,3,1,0,0
SMMS03839,Medium,6.0,60,20.9,2,18.7,0.67,This Week,58.9,2,3,1,0,0
SMMS03840,Low,4.2,10,4.7,1,24.8,0.81,Programmed,23.7,1,1,1,0,0
SMMS03841,Medium,1.8,24,18.9,2,20.0,0.85,This Month,47.6,2,2,1,0,0
SMMS03842,Low,4.2,43,11.7,0,30.4,0.52,This Month,42.0,1,2,1,0,0
SMMS03843,Medium,6.7,60,7.7,1,34.3,0.65,This Month,52.0,2,2,1,0,0
SMMS03844,Medium,4.4,60,4.4,0,60.2,0.77,This Month,49.9,2,2,1,0,0
SMMS03845,Medium,5.4,60,15.1,2,32.6,0.74,This Month,54.0,2,2,1,0,0
SMMS03846,Medium,3.5,60,18.4,2,33.1,0.86,This Month,53.9,2,2,1,0,0
SMMS03847,Low,3.5,90,10.6,4,50.0,0.58,This Month,54.3,1,2,1,0,0
SMMS03848,Medium,4.2,60,16.1,2,24.1,0.72,This Month,52.5,2,2,1,0,0
SMMS03849,High,5.3,30,18.6,1,34.0,0.7,This Month,54.1,3,2,1,0,0
SMMS03850,Medium,5.0,60,19.3,2,55.5,0.78,This Week,59.7,2,3,1,0,0
SMMS03851,Low,7.9,90,1.4,1,27.6,0.66,This Month,52.3,1,2,1,0,0
SMMS03852,Low,3.0,36,8.0,4,22.3,0.88,This Month,37.8,1,2,1,0,0
SMMS03853,Medium,5.5,60,23.5,2,35.8,0.64,This Week,62.2,2,3,1,0,0
SMMS03854,High,6.1,30,6.0,1,74.0,0.73,This Month,54.8,3,2,1,0,0
SMMS03855,Low,3.3,90,3.2,1,23.0,0.66,This Month,49.7,1,2,1,0,0
SMMS03856,High,8.2,30,23.7,3,41.7,0.72,This Month,54.6,3,2,1,0,0
SMMS03857,Medium,5.1,60,17.3,1,27.6,0.66,This Month,49.9,2,2,1,0,0
SMMS03858,Low,1.9,90,21.8,2,38.8,0.75,This Week,59.0,1,3,1,0,0
SMMS03859,Low,5.0,43,14.9,0,58.0,0.74,This Month,42.8,1,2,1,0,0
SMMS03860,High,6.5,30,20.9,2,30.2,0.87,This Week,62.4,3,3,1,0,0
SMMS03861,Medium,3.1,60,23.9,2,28.2,0.86,This Month,52.1,2,2,1,0,0
SMMS03862,Low,5.5,90,19.5,6,25.2,0.82,This Month,52.6,1,2,1,0,0
SMMS03863,Medium,4.0,60,9.3,1,55.8,0.72,This Month,47.5,2,2,1,0,0
SMMS03864,Low,6.1,90,1.7,1,30.8,0.78,This Month,50.3,1,2,1,0,0
SMMS03865,Medium,5.1,60,15.1,2,53.6,0.88,This Month,51.5,2,2,1,0,0
SMMS03866,Medium,4.8,60,23.8,1,78.7,0.68,This Week,57.6,2,3,1,0,0
SMMS03867,Low,3.5,90,12.4,3,16.3,0.81,This Month,53.3,1,2,1,0,0
SMMS03868,Medium,4.7,60,4.8,1,29.8,0.53,This Month,49.4,2,2,1,0,0
SMMS03869,Medium,5.4,60,16.8,1,25.4,0.71,This Month,54.6,2,2,1,0,0
SMMS03870,Medium,4.5,60,13.5,5,76.1,0.85,This Month,54.5,2,2,1,0,0
SMMS03871,Medium,4.5,60,9.8,2,35.3,0.73,This Month,52.4,2,2,1,0,0
SMMS03872,High,11.6,30,12.1,4,44.3,0.87,This Week,55.8,3,3,1,0,0
SMMS03873,Critical,10.4,10,20.6,1,65.5,0.88,Immediate,62.6,4,4,1,0,0
SMMS03874,Critical,6.6,10,3.5,0,77.1,0.59,Immediate,56.6,4,4,1,0,0
SMMS03875,High,13.8,30,6.7,0,45.5,0.56,This Month,51.1,3,2,1,0,0
SMMS03876,Low,3.7,90,9.2,1,56.2,0.61,This Month,47.4,1,2,1,0,0
SMMS03877,High,6.6,30,16.7,1,56.0,0.61,This Week,60.8,3,3,1,0,0
SMMS03878,High,5.7,30,2.4,0,62.2,0.65,This Month,52.0,3,2,1,0,0
SMMS03879,Medium,1.9,60,23.0,3,33.8,0.81,This Week,56.2,2,3,1,0,0
SMMS03880,Critical,6.3,10,24.6,2,49.7,0.99,Immediate,64.0,4,4,1,0,0
SMMS03881,Low,2.9,90,1.8,3,48.2,0.83,This Month,51.1,1,2,1,0,0
SMMS03882,Medium,2.8,10,16.6,1,64.6,0.72,This Month,38.5,2,2,1,0,0
SMMS03883,Medium,4.9,60,1.6,1,81.8,0.51,This Month,46.5,2,2,1,0,0
SMMS03884,Medium,2.8,60,2.9,1,22.8,0.64,This Month,43.6,2,2,1,0,0
SMMS03885,Critical,9.8,10,17.6,1,71.2,0.86,Immediate,60.1,4,4,1,0,0
SMMS03886,Medium,6.4,16,11.7,0,57.9,0.82,This Month,39.3,2,2,1,0,0
SMMS03887,Low,4.2,90,20.3,2,69.8,0.89,This Month,53.5,1,2,1,0,0
SMMS03888,Critical,7.7,10,9.4,3,43.7,0.83,Immediate,60.4,4,4,1,0,0
SMMS03889,Low,2.5,51,1.4,1,58.9,0.68,This Month,35.9,1,2,1,0,0
SMMS03890,Medium,5.0,60,15.7,0,27.9,0.73,This Month,49.6,2,2,1,0,0
SMMS03891,Medium,4.8,60,1.6,1,27.0,0.81,This Month,52.5,2,2,1,0,0
SMMS03892,High,5.2,30,22.4,1,70.1,0.74,This Week,62.1,3,3,1,0,0
SMMS03893,Medium,3.4,60,18.6,2,35.2,0.74,This Week,57.8,2,3,1,0,0
SMMS03894,Medium,6.2,60,16.7,4,27.2,0.67,This Week,62.7,2,3,1,0,0
SMMS03895,Medium,7.0,60,2.8,2,30.2,0.67,This Week,56.9,2,3,1,0,0
SMMS03896,Medium,5.3,60,8.6,0,60.9,0.73,This Month,41.8,2,2,1,0,0
SMMS03897,Medium,5.5,60,18.0,3,33.6,0.72,This Month,51.0,2,2,1,0,0
SMMS03898,Medium,3.4,60,13.7,0,33.9,0.73,This Month,50.7,2,2,1,0,0
SMMS03899,Low,5.1,90,23.4,0,52.9,0.65,This Month,54.1,1,2,1,0,0
SMMS03900,Medium,4.0,60,3.8,1,29.3,0.67,This Month,42.4,2,2,1,0,0
SMMS03901,Medium,6.1,60,24.1,1,33.8,0.75,This Week,60.1,2,3,1,0,0
SMMS03902,Low,5.3,82,17.4,1,39.6,0.84,This Month,52.6,1,2,1,0,0
SMMS03903,Critical,9.2,10,7.7,0,35.5,0.78,Immediate,57.3,4,4,1,0,0
SMMS03904,Medium,3.1,60,9.7,2,57.9,0.75,This Month,53.8,2,2,1,0,0
SMMS03905,Low,5.4,23,17.1,3,54.3,0.69,Programmed,30.3,1,1,1,0,0
SMMS03906,Medium,4.8,60,20.9,3,26.0,0.83,This Week,62.0,2,3,1,0,0
SMMS03907,High,5.9,30,24.6,3,44.0,0.74,This Week,58.2,3,3,1,0,0
SMMS03908,High,7.7,30,11.8,1,35.2,0.88,This Week,57.3,3,3,1,0,0
SMMS03909,Critical,8.8,10,22.3,1,94.3,0.82,Immediate,69.1,4,4,1,0,0
SMMS03910,Low,6.1,90,24.1,3,46.0,0.74,This Week,62.3,1,3,1,0,0
SMMS03911,Medium,5.0,60,15.7,1,36.2,0.64,This Week,57.2,2,3,1,0,0
SMMS03912,High,6.2,30,7.3,1,47.1,0.78,This Month,50.5,3,2,1,0,0
SMMS03913,Medium,5.1,60,7.6,1,67.0,0.74,This Month,49.1,2,2,1,0,0
SMMS03914,High,3.8,30,15.2,1,60.6,0.74,This Week,57.2,3,3,1,0,0
SMMS03915,Medium,7.0,60,5.3,1,50.6,0.77,This Month,48.7,2,2,1,0,0
SMMS03916,Medium,2.7,20,12.7,1,60.4,0.53,This Month,40.1,2,2,1,0,0
SMMS03917,Medium,4.9,60,18.9,1,32.3,0.77,This Month,50.2,2,2,1,0,0
SMMS03918,Low,4.2,90,21.0,1,55.0,0.67,This Week,58.9,1,3,1,0,0
SMMS03919,High,10.4,30,15.0,1,77.0,0.63,This Week,55.6,3,3,1,0,0
SMMS03920,High,5.1,30,21.0,3,93.5,0.85,This Week,60.9,3,3,1,0,0
SMMS03921,Critical,8.4,10,2.4,1,50.0,0.81,Immediate,57.1,4,4,1,0,0
SMMS03922,Low,6.0,90,9.8,1,58.2,0.73,This Month,50.9,1,2,1,0,0
SMMS03923,Low,4.3,90,14.0,4,53.8,0.85,This Week,56.5,1,3,1,0,0
SMMS03924,Low,3.6,50,24.0,2,59.3,0.86,This Month,49.0,1,2,1,0,0
SMMS03925,High,6.3,30,10.5,4,37.6,0.81,This Week,58.4,3,3,1,0,0
SMMS03926,Low,4.4,90,3.8,2,31.3,0.77,This Month,43.2,1,2,1,0,0
SMMS03927,Medium,5.4,60,15.3,3,60.1,0.64,This Week,55.3,2,3,1,0,0
SMMS03928,Low,6.8,90,12.8,2,31.7,0.84,This Week,55.9,1,3,1,0,0
SMMS03929,Critical,7.3,10,19.3,2,49.3,0.76,Immediate,58.0,4,4,1,0,0
SMMS03930,Low,3.4,90,20.3,1,37.9,0.75,This Month,53.1,1,2,1,0,0
SMMS03931,High,5.0,30,9.6,2,29.0,0.79,This Week,57.3,3,3,1,0,0
SMMS03932,High,7.6,13,3.7,4,33.3,0.8,This Month,43.5,3,2,1,0,0
SMMS03933,Medium,5.4,60,14.4,0,25.7,0.65,This Month,38.4,2,2,1,0,0
SMMS03934,Critical,9.7,10,17.9,4,51.9,0.91,Immediate,60.8,4,4,1,0,0
SMMS03935,High,9.4,30,12.9,0,37.3,0.81,This Month,54.5,3,2,1,0,0
SMMS03936,Medium,9.3,60,19.1,3,31.6,0.69,This Month,53.7,2,2,1,0,0
SMMS03937,High,4.9,30,22.0,1,89.5,0.59,This Month,52.5,3,2,1,0,0
SMMS03938,Medium,5.6,1,11.9,2,56.7,0.9,This Month,37.9,2,2,1,0,0
SMMS03939,High,5.4,30,16.3,3,73.9,0.62,This Month,53.2,3,2,1,0,0
SMMS03940,Medium,8.0,0,24.6,3,58.5,0.77,This Month,45.9,2,2,1,0,0
SMMS03941,Medium,6.8,60,1.3,1,32.6,0.66,This Month,48.4,2,2,1,0,0
SMMS03942,Medium,7.1,60,9.1,1,34.0,0.6,This Week,59.7,2,3,1,0,0
SMMS03943,Medium,3.9,44,14.2,3,53.9,0.86,This Month,52.3,2,2,1,0,0
SMMS03944,Low,2.2,90,15.5,2,76.5,0.8,This Month,50.6,1,2,1,0,0
SMMS03945,Medium,5.4,0,14.5,1,65.1,0.75,This Month,38.2,2,2,1,0,0
SMMS03946,Low,2.7,0,14.2,2,24.6,0.89,Programmed,25.4,1,1,1,0,0
SMMS03947,Low,3.1,90,9.6,1,24.7,0.51,This Month,53.3,1,2,1,0,0
SMMS03948,High,5.6,30,15.6,1,75.3,0.81,This Week,55.1,3,3,1,0,0
SMMS03949,High,9.6,30,20.0,1,26.6,0.68,This Week,55.2,3,3,1,0,0
SMMS03950,Low,3.0,90,21.8,2,15.2,0.82,This Week,57.5,1,3,1,0,0
SMMS03951,High,6.4,20,11.8,2,65.0,0.8,This Month,53.9,3,2,1,0,0
SMMS03952,Low,4.5,26,6.8,2,11.8,0.86,Programmed,34.1,1,1,1,0,0
SMMS03953,Low,3.6,90,4.7,1,49.3,0.77,This Month,49.2,1,2,1,0,0
SMMS03954,Medium,5.0,60,12.0,1,52.1,0.7,This Week,56.9,2,3,1,0,0
SMMS03955,Medium,2.3,60,20.9,3,61.3,0.8,This Week,56.6,2,3,1,0,0
SMMS03956,Low,4.0,90,11.5,3,24.7,0.78,This Month,44.2,1,2,1,0,0
SMMS03957,Medium,5.6,60,6.1,1,33.1,0.74,This Month,45.0,2,2,1,0,0
SMMS03958,Low,3.4,0,3.3,3,44.8,0.81,Programmed,24.0,1,1,1,0,0
SMMS03959,High,5.7,30,3.9,2,61.1,0.62,This Month,49.9,3,2,1,0,0
SMMS03960,High,9.2,30,15.5,1,83.9,0.79,This Month,49.7,3,2,1,0,0
SMMS03961,Critical,7.6,10,24.1,3,70.0,0.92,Immediate,64.7,4,4,1,0,0
SMMS03962,Medium,1.7,12,17.4,0,48.8,0.89,This Month,42.1,2,2,1,0,0
SMMS03963,High,9.7,30,4.1,0,31.1,0.53,This Month,41.5,3,2,1,0,0
SMMS03964,Low,4.9,0,1.4,0,55.4,0.62,Programmed,24.7,1,1,1,0,0
SMMS03965,Critical,6.9,10,2.3,1,71.1,0.76,Immediate,55.8,4,4,1,0,0
SMMS03966,Medium,4.2,60,24.6,5,28.0,0.82,This Week,66.0,2,3,1,0,0
SMMS03967,Medium,4.7,60,12.4,2,29.7,0.8,This Month,50.3,2,2,1,0,0
SMMS03968,High,6.6,29,5.5,1,39.8,0.7,This Month,49.4,3,2,1,0,0
SMMS03969,Low,4.1,90,20.7,1,28.1,0.62,This Month,51.2,1,2,1,0,0
SMMS03970,Medium,7.3,60,16.6,2,34.5,0.71,This Week,56.9,2,3,1,0,0
SMMS03971,High,4.2,30,5.9,0,41.0,0.58,This Month,54.4,3,2,1,0,0
SMMS03972,Low,3.4,90,12.5,1,27.4,0.6,This Month,42.6,1,2,1,0,0
SMMS03973,Medium,3.1,35,10.7,0,56.5,0.79,This Month,38.7,2,2,1,0,0
SMMS03974,High,5.4,30,10.8,2,34.5,0.93,This Month,51.0,3,2,1,0,0
SMMS03975,High,6.1,30,9.1,4,59.3,0.84,This Week,62.1,3,3,1,0,0
SMMS03976,Critical,7.4,10,1.2,0,36.4,0.83,Immediate,52.4,4,4,1,0,0
SMMS03977,High,6.5,30,18.7,4,38.6,0.76,This Week,55.9,3,3,1,0,0
SMMS03978,Low,9.1,90,5.0,1,21.3,0.76,This Month,43.4,1,2,1,0,0
SMMS03979,Low,5.8,45,22.5,1,52.7,0.68,This Month,43.1,1,2,1,0,0
SMMS03980,High,7.8,21,11.9,2,39.7,0.8,This Month,48.4,3,2,1,0,0
SMMS03981,High,7.7,30,21.7,1,45.1,0.69,This Month,51.2,3,2,1,0,0
SMMS03982,High,7.6,30,11.7,1,63.0,0.66,This Week,55.5,3,3,1,0,0
SMMS03983,High,6.2,30,24.3,4,70.2,0.63,This Week,58.8,3,3,1,0,0
SMMS03984,Medium,10.7,60,16.8,2,32.0,0.83,This Week,62.3,2,3,1,0,0
SMMS03985,Medium,5.8,60,7.5,2,44.3,0.69,This Week,58.8,2,3,1,0,0
SMMS03986,Low,2.4,90,9.0,1,26.0,0.66,This Month,48.9,1,2,1,0,0
SMMS03987,High,4.5,30,22.1,3,64.9,0.88,This Week,55.2,3,3,1,0,0
SMMS03988,Low,3.9,90,10.8,2,48.2,0.73,This Month,39.2,1,2,1,0,0
SMMS03989,Low,6.0,0,23.3,3,31.4,0.69,Programmed,34.9,1,1,1,0,0
SMMS03990,Low,7.7,49,1.5,1,27.5,0.72,This Month,39.2,1,2,1,0,0
SMMS03991,Critical,8.2,10,22.3,1,49.9,0.74,Immediate,62.4,4,4,1,0,0
SMMS03992,Low,5.7,90,18.2,2,36.4,0.74,This Month,50.8,1,2,1,0,0
SMMS03993,Medium,5.6,60,6.6,2,26.2,0.77,This Week,56.4,2,3,1,0,0
SMMS03994,Medium,5.0,60,19.1,2,55.9,0.84,This Month,52.2,2,2,1,0,0
SMMS03995,Low,4.9,90,6.1,0,40.0,0.67,This Month,50.5,1,2,1,0,0
SMMS03996,Medium,6.5,60,4.4,0,38.9,0.63,This Month,41.5,2,2,1,0,0
SMMS03997,Low,4.5,90,12.0,2,21.7,0.85,This Month,48.5,1,2,1,0,0
SMMS03998,Medium,3.5,60,6.7,3,28.6,0.7,This Month,49.7,2,2,1,0,0
SMMS03999,Low,4.5,0,8.7,2,26.5,0.88,Programmed,23.9,1,1,1,0,0
SMMS04000,Medium,3.1,0,22.5,2,24.8,0.95,This Month,37.1,2,2,1,0,0
SMMS04001,Medium,7.0,60,9.8,1,63.9,0.66,This Month,50.2,2,2,1,0,0
SMMS04002,Medium,4.7,60,18.1,4,49.0,0.8,This Week,56.0,2,3,1,0,0
SMMS04003,High,6.9,30,2.0,0,71.8,0.77,This Month,48.2,3,2,1,0,0
SMMS04004,Medium,5.1,31,1.8,3,35.6,0.83,This Month,47.5,2,2,1,0,0
SMMS04005,Medium,6.2,60,14.8,4,91.6,0.81,This Week,60.9,2,3,1,0,0
SMMS04006,Medium,3.5,60,24.7,5,54.4,0.92,This Week,58.3,2,3,1,0,0
SMMS04007,Medium,10.0,60,11.8,0,48.3,0.53,This Week,56.0,2,3,1,0,0
SMMS04008,Low,1.8,90,2.3,1,49.9,0.75,This Month,43.4,1,2,1,0,0
SMMS04009,Medium,6.5,60,6.3,0,33.0,0.54,This Month,45.8,2,2,1,0,0
SMMS04010,Medium,7.6,60,12.4,2,26.3,0.88,This Week,59.1,2,3,1,0,0
SMMS04011,Medium,5.6,60,19.0,2,37.3,0.81,This Week,58.6,2,3,1,0,0
SMMS04012,High,6.1,30,12.4,2,57.2,0.81,This Week,56.8,3,3,1,0,0
SMMS04013,Low,2.7,0,15.8,0,33.0,0.62,This Month,37.3,1,2,1,0,0
SMMS04014,Medium,4.2,60,7.1,0,32.1,0.78,This Month,51.5,2,2,1,0,0
SMMS04015,High,2.3,30,24.6,3,41.1,0.71,This Week,64.3,3,3,1,0,0
SMMS04016,Low,5.4,90,10.9,1,36.1,0.68,This Month,51.7,1,2,1,0,0
SMMS04017,Low,4.0,44,11.7,1,51.0,0.63,This Month,41.2,1,2,1,0,0
SMMS04018,Medium,7.7,60,4.4,0,27.4,0.48,This Month,41.9,2,2,1,0,0
SMMS04019,Medium,3.4,60,13.6,1,57.6,0.51,This Month,45.7,2,2,1,0,0
SMMS04020,High,6.1,27,1.4,3,41.3,0.77,This Week,58.1,3,3,1,0,0
SMMS04021,Critical,7.5,10,24.5,0,44.2,0.9,Immediate,59.2,4,4,1,0,0
SMMS04022,Low,3.4,90,7.0,2,15.1,0.74,This Month,44.0,1,2,1,0,0
SMMS04023,Medium,5.9,60,4.6,1,66.1,0.72,This Month,53.0,2,2,1,0,0
SMMS04024,Low,1.0,90,23.0,2,23.4,0.69,This Week,56.9,1,3,1,0,0
SMMS04025,Medium,6.0,60,4.7,3,46.8,0.68,This Month,49.8,2,2,1,0,0
SMMS04026,Medium,7.0,60,19.7,3,30.5,0.69,This Week,64.1,2,3,1,0,0
SMMS04027,High,6.0,30,17.6,1,29.0,0.66,This Week,55.5,3,3,1,0,0
SMMS04028,Low,4.1,90,12.4,3,52.6,0.78,This Month,48.8,1,2,1,0,0
SMMS04029,High,9.2,30,7.3,2,64.4,0.9,This Week,57.5,3,3,1,0,0
SMMS04030,High,6.8,30,13.0,3,63.0,0.85,This Month,52.8,3,2,1,0,0
SMMS04031,High,4.9,2,18.6,2,58.9,0.79,This Month,52.3,3,2,1,0,0
SMMS04032,Medium,6.3,60,7.4,2,60.2,0.83,This Month,52.4,2,2,1,0,0
SMMS04033,High,7.2,30,8.3,0,29.2,0.74,This Month,52.6,3,2,1,0,0
SMMS04034,High,6.1,30,10.6,1,37.9,0.73,This Week,55.8,3,3,1,0,0
SMMS04035,Medium,2.7,60,7.0,1,40.6,0.77,This Month,40.4,2,2,1,0,0
SMMS04036,Medium,5.1,60,9.1,3,28.1,0.88,This Month,53.5,2,2,1,0,0
SMMS04037,High,8.3,30,13.9,1,38.8,0.73,This Month,54.9,3,2,1,0,0
SMMS04038,Critical,6.8,10,2.3,1,90.3,0.79,Immediate,51.7,4,4,1,0,0
SMMS04039,Medium,10.1,60,23.6,3,33.8,0.8,This Week,61.8,2,3,1,0,0
SMMS04040,Medium,5.9,60,19.7,1,56.2,0.6,This Week,55.3,2,3,1,0,0
SMMS04041,Medium,4.8,60,1.2,2,32.9,0.75,This Month,45.3,2,2,1,0,0
SMMS04042,Medium,7.1,60,22.1,2,29.4,0.81,This Week,63.1,2,3,1,0,0
SMMS04043,Low,4.2,45,9.0,2,28.3,0.87,Programmed,31.9,1,1,1,0,0
SMMS04044,Medium,7.7,60,6.8,3,30.0,0.88,This Month,53.6,2,2,1,0,0
SMMS04045,Medium,7.5,39,24.9,4,17.3,0.71,This Month,51.1,2,2,1,0,0
SMMS04046,Low,2.6,90,8.8,1,49.8,0.65,This Month,54.4,1,2,1,0,0
SMMS04047,Low,2.8,90,16.8,0,19.9,0.75,This Week,55.7,1,3,1,0,0
SMMS04048,Critical,9.3,10,4.0,2,52.7,0.96,Immediate,57.7,4,4,1,0,0
SMMS04049,Medium,6.0,60,18.0,0,87.9,0.71,This Week,55.2,2,3,1,0,0
SMMS04050,Medium,3.4,60,15.6,1,17.4,0.74,This Week,60.2,2,3,1,0,0
SMMS04051,Medium,5.6,60,22.9,2,33.0,0.76,This Week,61.3,2,3,1,0,0
SMMS04052,Medium,1.1,60,16.3,0,25.1,0.63,This Month,50.1,2,2,1,0,0
SMMS04053,Medium,6.6,60,2.8,0,53.3,0.51,This Month,50.5,2,2,1,0,0
SMMS04054,Low,5.0,90,15.2,4,30.5,0.71,This Month,54.8,1,2,1,0,0
SMMS04055,Medium,4.0,43,7.1,3,32.5,0.81,This Month,52.7,2,2,1,0,0
SMMS04056,High,8.3,30,6.1,3,46.9,0.86,This Week,55.8,3,3,1,0,0
SMMS04057,High,7.5,30,9.0,1,44.4,0.6,This Month,51.5,3,2,1,0,0
SMMS04058,Medium,3.3,60,15.1,1,29.0,0.79,This Month,52.0,2,2,1,0,0
SMMS04059,Low,2.6,90,6.1,0,26.1,0.56,This Month,50.7,1,2,1,0,0
SMMS04060,Medium,6.2,12,21.5,4,58.6,0.67,This Month,52.2,2,2,1,0,0
SMMS04061,Critical,11.7,10,5.9,1,75.4,0.78,Immediate,56.5,4,4,1,0,0
SMMS04062,Critical,14.5,10,14.5,2,49.9,0.93,Immediate,58.6,4,4,1,0,0
SMMS04063,Low,3.7,90,21.4,4,46.8,0.69,This Week,55.9,1,3,1,0,0
SMMS04064,Low,1.2,90,18.3,3,26.2,0.75,This Month,43.2,1,2,1,0,0
SMMS04065,High,6.0,30,23.8,3,63.1,0.72,This Week,57.6,3,3,1,0,0
SMMS04066,Medium,6.3,60,6.0,2,68.4,0.56,This Week,57.3,2,3,1,0,0
SMMS04067,Low,2.8,69,11.1,2,42.5,0.69,This Month,42.0,1,2,1,0,0
SMMS04068,Low,1.8,90,19.6,2,58.1,0.86,This Week,55.1,1,3,1,0,0
SMMS04069,Critical,5.9,10,3.5,1,41.2,0.7,Immediate,63.4,4,4,1,0,0
SMMS04070,High,8.6,30,20.0,6,58.0,0.59,This Week,67.5,3,3,1,0,0
SMMS04071,High,9.7,30,9.2,3,86.4,0.72,This Month,51.9,3,2,1,0,0
SMMS04072,High,5.6,30,24.9,0,38.0,0.64,This Month,54.3,3,2,1,0,0
SMMS04073,Medium,6.3,0,14.7,2,70.0,0.74,This Month,42.9,2,2,1,0,0
SMMS04074,Medium,5.9,60,21.8,1,48.6,0.73,This Week,57.8,2,3,1,0,0
SMMS04075,High,6.9,30,12.3,1,65.3,0.81,This Month,47.7,3,2,1,0,0
SMMS04076,High,4.7,30,24.6,3,29.5,0.75,This Week,60.7,3,3,1,0,0
SMMS04077,Medium,5.9,42,23.9,1,66.3,0.75,This Month,47.7,2,2,1,0,0
SMMS04078,High,3.9,30,15.7,2,29.8,0.72,This Month,52.8,3,2,1,0,0
SMMS04079,Critical,6.8,10,6.4,5,61.7,0.82,Immediate,58.3,4,4,1,0,0
SMMS04080,Medium,5.0,0,9.4,2,34.1,0.94,This Month,39.9,2,2,1,0,0
SMMS04081,Medium,5.9,60,6.8,2,30.5,0.85,This Month,46.2,2,2,1,0,0
SMMS04082,Medium,5.4,60,19.9,0,30.5,0.71,This Month,48.7,2,2,1,0,0
SMMS04083,Medium,4.2,60,4.4,1,55.8,0.64,This Month,50.8,2,2,1,0,0
SMMS04084,Low,5.6,90,24.9,2,56.0,0.68,This Week,61.0,1,3,1,0,0
SMMS04085,Low,4.8,90,11.5,0,25.4,0.74,This Month,49.4,1,2,1,0,0
SMMS04086,Low,3.1,45,16.2,1,51.5,0.7,This Month,39.6,1,2,1,0,0
SMMS04087,Medium,3.0,60,6.7,1,33.5,0.64,This Month,47.9,2,2,1,0,0
SMMS04088,Critical,7.8,10,21.3,4,38.0,0.76,Immediate,70.7,4,4,1,0,0
SMMS04089,Low,5.0,90,23.2,2,24.6,0.78,This Month,54.1,1,2,1,0,0
SMMS04090,Medium,2.7,60,22.4,1,33.9,0.7,This Week,55.9,2,3,1,0,0
SMMS04091,Medium,3.4,60,2.0,0,36.1,0.55,This Month,51.3,2,2,1,0,0
SMMS04092,High,6.7,30,24.6,4,36.3,0.87,This Week,64.6,3,3,1,0,0
SMMS04093,Medium,4.9,60,19.1,3,32.4,0.78,This Week,61.7,2,3,1,0,0
SMMS04094,High,8.1,30,9.1,1,47.1,0.71,This Month,51.7,3,2,1,0,0
SMMS04095,High,8.3,30,9.5,2,37.3,0.72,This Week,62.2,3,3,1,0,0
SMMS04096,Medium,4.0,60,6.3,0,37.0,0.73,This Month,45.9,2,2,1,0,0
SMMS04097,Medium,4.0,60,2.9,1,38.2,0.8,This Month,53.5,2,2,1,0,0
SMMS04098,High,6.0,30,1.7,4,28.2,0.74,This Month,49.8,3,2,1,0,0
SMMS04099,High,8.4,30,10.9,3,72.3,0.82,This Week,56.6,3,3,1,0,0
SMMS04100,Medium,3.0,60,9.2,3,26.1,0.72,This Month,50.7,2,2,1,0,0
SMMS04101,Medium,5.8,60,25.0,3,54.2,0.85,This Week,68.4,2,3,1,0,0
SMMS04102,High,8.0,30,16.1,1,26.7,0.76,This Week,57.0,3,3,1,0,0
SMMS04103,Medium,6.5,60,24.9,2,70.4,0.84,This Week,56.6,2,3,1,0,0
SMMS04104,Medium,4.4,60,5.7,2,25.4,0.8,This Week,59.2,2,3,1,0,0
SMMS04105,Critical,5.6,10,3.1,3,40.3,0.9,Immediate,58.5,4,4,1,0,0
SMMS04106,Low,3.4,90,1.6,1,34.8,0.81,This Month,43.7,1,2,1,0,0
SMMS04107,Medium,4.3,60,6.7,2,25.5,0.82,This Month,48.4,2,2,1,0,0
SMMS04108,Low,6.0,0,11.7,2,16.9,0.98,Programmed,20.9,1,1,1,0,0
SMMS04109,Low,4.8,90,1.6,1,18.8,0.67,This Month,49.9,1,2,1,0,0
SMMS04110,High,7.6,30,17.0,1,36.2,0.61,This Week,57.7,3,3,1,0,0
SMMS04111,Low,2.7,90,12.4,3,35.4,0.91,This Week,60.2,1,3,1,0,0
SMMS04112,Medium,7.8,0,6.3,1,37.9,0.77,Programmed,28.0,2,1,1,0,0
SMMS04113,Medium,4.6,42,20.2,2,21.9,0.78,This Month,54.2,2,2,1,0,0
SMMS04114,Low,6.0,7,15.9,1,27.0,0.79,Programmed,25.2,1,1,1,0,0
SMMS04115,Low,6.2,90,19.9,4,21.8,0.93,This Month,53.1,1,2,1,0,0
SMMS04116,Medium,4.3,60,4.9,4,28.8,0.61,This Week,56.7,2,3,1,0,0
SMMS04117,Critical,5.8,10,22.7,5,65.7,0.93,Immediate,72.1,4,4,1,0,0
SMMS04118,Low,4.6,53,16.7,3,14.3,0.94,This Month,38.5,1,2,1,0,0
SMMS04119,Low,2.3,90,12.4,2,45.4,0.8,This Month,41.8,1,2,1,0,0
SMMS04120,Medium,4.1,60,14.4,3,25.1,0.91,This Week,56.7,2,3,1,0,0
SMMS04121,Medium,6.3,60,7.5,2,37.4,0.85,This Month,52.9,2,2,1,0,0
SMMS04122,Low,5.5,90,12.2,0,31.9,0.65,This Month,49.5,1,2,1,0,0
SMMS04123,Low,5.0,90,4.1,1,33.8,0.74,This Month,41.8,1,2,1,0,0
SMMS04124,Low,3.8,90,19.2,1,54.3,0.52,This Month,53.5,1,2,1,0,0
SMMS04125,Medium,5.8,60,10.9,3,31.5,0.75,This Month,54.9,2,2,1,0,0
SMMS04126,Medium,5.4,17,15.5,2,43.9,0.81,This Month,39.4,2,2,1,0,0
SMMS04127,Medium,6.1,60,1.1,1,29.3,0.68,This Month,45.9,2,2,1,0,0
SMMS04128,Low,4.4,90,14.0,2,56.6,0.74,This Month,54.8,1,2,1,0,0
SMMS04129,Low,6.8,90,17.8,2,21.2,0.87,This Month,49.4,1,2,1,0,0
SMMS04130,Medium,8.6,60,7.1,3,47.9,0.84,This Month,49.5,2,2,1,0,0
SMMS04131,Medium,9.1,50,9.3,0,25.7,0.74,This Month,50.3,2,2,1,0,0
SMMS04132,Low,7.1,90,19.3,1,57.8,0.64,This Month,50.5,1,2,1,0,0
SMMS04133,Low,4.0,90,16.1,2,19.3,0.81,This Week,55.5,1,3,1,0,0
SMMS04134,High,9.2,30,23.1,2,65.1,0.8,This Week,63.5,3,3,1,0,0
SMMS04135,Low,2.9,90,3.1,1,60.3,0.83,This Month,45.4,1,2,1,0,0
SMMS04136,Low,4.0,90,9.4,1,19.5,0.68,This Month,51.3,1,2,1,0,0
SMMS04137,Critical,9.0,10,6.7,1,64.2,0.66,Immediate,61.0,4,4,1,0,0
SMMS04138,High,6.6,30,15.4,4,61.3,0.87,This Week,57.6,3,3,1,0,0
SMMS04139,Medium,3.4,56,7.7,3,29.7,0.83,This Month,45.3,2,2,1,0,0
SMMS04140,Low,3.4,0,5.9,2,52.7,0.99,Programmed,18.4,1,1,1,0,0
SMMS04141,High,4.8,30,18.1,1,41.0,0.59,This Week,61.4,3,3,1,0,0
SMMS04142,Low,3.7,90,7.4,3,28.3,0.84,This Month,54.7,1,2,1,0,0
SMMS04143,Low,3.9,90,16.6,2,24.5,0.8,This Week,55.1,1,3,1,0,0
SMMS04144,High,5.2,30,7.3,1,43.8,0.58,This Month,45.4,3,2,1,0,0
SMMS04145,Medium,5.1,60,18.7,0,29.4,0.72,This Month,54.5,2,2,1,0,0
SMMS04146,Low,5.2,0,10.6,0,56.4,0.77,Programmed,17.6,1,1,1,0,0
SMMS04147,Medium,7.3,44,18.3,3,55.5,0.81,This Week,55.2,2,3,1,0,0
SMMS04148,Low,0.9,90,22.7,1,27.0,0.71,This Month,54.1,1,2,1,0,0
SMMS04149,High,4.9,30,15.4,2,28.7,0.6,This Month,53.1,3,2,1,0,0
SMMS04150,Medium,6.3,60,1.1,1,34.9,0.63,This Month,42.2,2,2,1,0,0
SMMS04151,High,8.4,30,10.9,1,67.8,0.78,This Month,54.2,3,2,1,0,0
SMMS04152,High,6.9,30,1.6,1,49.7,0.75,This Month,51.3,3,2,1,0,0
SMMS04153,High,7.0,30,9.6,1,42.9,0.63,This Month,50.7,3,2,1,0,0
SMMS04154,Low,5.6,90,14.3,0,34.9,0.72,This Month,53.6,1,2,1,0,0
SMMS04155,Low,4.1,3,17.5,2,18.6,0.75,Programmed,22.1,1,1,1,0,0
SMMS04156,Medium,4.3,60,18.1,2,41.8,0.8,This Week,60.2,2,3,1,0,0
SMMS04157,Low,2.5,90,20.4,1,23.1,0.81,This Month,48.5,1,2,1,0,0
SMMS04158,Medium,5.4,60,9.1,1,42.2,0.74,This Month,51.2,2,2,1,0,0
SMMS04159,Medium,8.0,60,13.6,3,37.0,0.6,This Month,52.7,2,2,1,0,0
SMMS04160,Medium,6.0,0,14.8,3,58.1,0.87,This Month,40.0,2,2,1,0,0
SMMS04161,Medium,4.7,60,12.1,1,69.4,0.62,This Month,53.4,2,2,1,0,0
SMMS04162,Low,2.8,90,9.7,0,48.3,0.67,This Month,48.4,1,2,1,0,0
SMMS04163,Medium,6.1,60,6.5,1,56.5,0.56,This Month,49.6,2,2,1,0,0
SMMS04164,Critical,5.1,10,14.8,3,36.2,0.87,Immediate,62.0,4,4,1,0,0
SMMS04165,Medium,1.3,18,15.2,1,56.9,0.87,This Month,39.9,2,2,1,0,0
SMMS04166,High,6.5,30,22.3,0,64.7,0.63,This Week,61.0,3,3,1,0,0
SMMS04167,High,6.0,30,9.0,0,53.9,0.79,This Month,52.5,3,2,1,0,0
SMMS04168,Low,2.5,51,12.5,0,25.8,0.59,This Month,44.6,1,2,1,0,0
SMMS04169,Low,4.9,90,21.3,1,38.6,0.73,This Week,62.6,1,3,1,0,0
SMMS04170,High,10.2,30,12.9,3,36.5,0.85,This Week,62.0,3,3,1,0,0
SMMS04171,Low,6.0,0,20.7,1,27.2,0.67,Programmed,31.6,1,1,1,0,0
SMMS04172,Low,4.7,90,23.4,2,23.2,0.6,This Month,51.2,1,2,1,0,0
SMMS04173,Medium,3.4,60,4.9,4,67.6,0.83,This Month,46.2,2,2,1,0,0
SMMS04174,Medium,2.7,60,16.8,3,57.0,0.74,This Week,62.6,2,3,1,0,0
SMMS04175,Low,7.1,90,18.3,5,43.3,0.62,This Month,53.9,1,2,1,0,0
SMMS04176,Low,2.9,8,10.4,1,58.3,0.83,Programmed,32.2,1,1,1,0,0
SMMS04177,Medium,5.7,60,11.4,1,33.8,0.62,This Month,53.8,2,2,1,0,0
SMMS04178,Medium,4.8,60,3.7,3,35.4,0.73,This Month,43.9,2,2,1,0,0
SMMS04179,Medium,5.1,60,11.7,4,31.7,0.73,This Week,55.8,2,3,1,0,0
SMMS04180,Medium,3.7,60,7.8,0,29.3,0.61,This Week,55.8,2,3,1,0,0
SMMS04181,Low,4.5,90,2.5,1,26.9,0.7,This Month,46.8,1,2,1,0,0
SMMS04182,Medium,8.6,60,3.1,1,38.0,0.54,This Month,46.0,2,2,1,0,0
SMMS04183,Low,4.3,64,23.2,3,19.5,0.77,This Month,44.4,1,2,1,0,0
SMMS04184,Low,4.0,90,24.4,3,24.5,0.88,This Month,52.8,1,2,1,0,0
SMMS04185,Critical,8.4,10,6.2,0,33.5,0.71,Immediate,54.6,4,4,1,0,0
SMMS04186,High,7.0,30,2.4,1,42.6,0.59,This Month,50.2,3,2,1,0,0
SMMS04187,Medium,2.4,23,13.2,0,30.1,0.72,This Month,47.7,2,2,1,0,0
SMMS04188,Medium,5.1,60,22.2,1,58.0,0.88,This Week,62.3,2,3,1,0,0
SMMS04189,Low,1.9,90,20.8,2,45.8,0.78,This Week,62.1,1,3,1,0,0
SMMS04190,Low,3.7,0,2.7,1,25.7,0.85,Programmed,31.6,1,1,1,0,0
SMMS04191,Low,6.4,85,24.3,2,18.7,0.82,This Week,56.6,1,3,1,0,0
SMMS04192,Low,3.8,0,22.1,7,39.6,0.77,Programmed,33.0,1,1,1,0,0
SMMS04193,Low,6.3,0,1.3,3,15.4,0.96,Programmed,24.1,1,1,1,0,0
SMMS04194,Low,5.3,90,19.5,3,24.0,0.75,This Week,57.4,1,3,1,0,0
SMMS04195,Medium,8.4,60,10.2,1,28.4,0.74,This Month,49.5,2,2,1,0,0
SMMS04196,Medium,8.7,60,23.0,1,58.4,0.71,This Week,55.7,2,3,1,0,0
SMMS04197,Low,3.9,9,11.6,2,17.0,0.94,Programmed,22.6,1,1,1,0,0
SMMS04198,Low,5.1,0,22.2,1,26.1,0.7,Programmed,21.9,1,1,1,0,0
SMMS04199,High,4.6,30,18.1,3,68.7,0.83,This Week,58.7,3,3,1,0,0
SMMS04200,High,9.5,30,17.0,3,47.6,0.8,This Month,53.1,3,2,1,0,0
SMMS04201,High,6.7,30,5.4,0,42.2,0.64,This Month,48.7,3,2,1,0,0
SMMS04202,Medium,5.2,60,9.4,0,62.0,0.75,This Week,57.0,2,3,1,0,0
SMMS04203,Critical,6.8,10,9.4,1,50.5,0.87,Immediate,59.1,4,4,1,0,0
SMMS04204,Medium,2.9,60,11.4,2,30.7,0.66,This Month,54.9,2,2,1,0,0
SMMS04205,Medium,3.6,60,11.1,3,33.2,0.68,This Week,56.1,2,3,1,0,0
SMMS04206,High,4.9,30,8.1,2,35.7,0.8,This Week,56.4,3,3,1,0,0
SMMS04207,Low,7.7,90,20.1,2,77.1,0.95,This Month,54.3,1,2,1,0,0
SMMS04208,Medium,4.4,60,6.6,2,56.8,0.7,This Month,48.2,2,2,1,0,0
SMMS04209,High,6.1,30,8.2,1,61.9,0.79,This Month,48.8,3,2,1,0,0
SMMS04210,High,6.9,30,24.1,1,58.7,0.5,This Week,56.0,3,3,1,0,0
SMMS04211,Critical,9.6,10,21.2,1,63.7,0.84,Immediate,58.1,4,4,1,0,0
SMMS04212,High,7.2,0,14.1,1,51.9,0.73,This Month,42.9,3,2,1,0,0
SMMS04213,Low,5.2,90,10.2,2,40.6,0.78,This Week,60.2,1,3,1,0,0
SMMS04214,Medium,7.3,60,18.8,1,50.1,0.64,This Month,54.6,2,2,1,0,0
SMMS04215,Medium,6.5,50,24.9,2,19.3,0.71,This Month,54.2,2,2,1,0,0
SMMS04216,Medium,5.0,60,12.9,2,56.3,0.74,This Month,54.6,2,2,1,0,0
SMMS04217,Medium,4.9,60,20.6,3,28.1,0.77,This Week,60.0,2,3,1,0,0
SMMS04218,High,7.4,16,13.1,1,44.1,0.77,This Month,45.9,3,2,1,0,0
SMMS04219,Medium,6.8,47,21.5,3,25.3,0.57,This Month,54.9,2,2,1,0,0
SMMS04220,High,7.7,30,3.3,1,23.4,0.71,This Month,49.5,3,2,1,0,0
SMMS04221,Medium,7.2,60,10.4,0,27.9,0.65,This Month,48.5,2,2,1,0,0
SMMS04222,Medium,3.9,30,19.4,2,36.0,0.7,This Month,50.4,2,2,1,0,0
SMMS04223,High,6.3,30,1.7,0,58.3,0.71,This Month,54.9,3,2,1,0,0
SMMS04224,Medium,3.9,60,9.3,1,41.2,0.73,This Month,49.2,2,2,1,0,0
SMMS04225,High,4.9,30,16.3,0,41.1,0.64,This Week,60.8,3,3,1,0,0
SMMS04226,Low,5.9,0,4.6,1,57.7,0.78,Programmed,23.9,1,1,1,0,0
SMMS04227,Low,1.1,90,11.4,1,19.0,0.58,This Month,50.4,1,2,1,0,0
SMMS04228,Medium,4.8,60,12.4,2,55.0,0.77,This Week,58.5,2,3,1,0,0
SMMS04229,Medium,5.9,60,14.6,1,49.9,0.69,This Month,48.9,2,2,1,0,0
SMMS04230,High,5.5,30,16.6,0,67.0,0.79,This Week,58.7,3,3,1,0,0
SMMS04231,High,8.7,30,21.1,1,44.0,0.67,This Week,60.8,3,3,1,0,0
SMMS04232,Medium,3.5,60,16.5,1,48.2,0.71,This Week,65.1,2,3,1,0,0
SMMS04233,Low,3.3,90,21.5,3,47.8,0.77,This Month,51.3,1,2,1,0,0
SMMS04234,High,7.5,30,17.4,4,39.4,0.69,This Month,53.7,3,2,1,0,0
SMMS04235,Low,3.4,44,11.0,2,27.5,0.66,Programmed,28.8,1,1,1,0,0
SMMS04236,Low,2.9,90,5.7,1,44.2,0.6,This Month,48.4,1,2,1,0,0
SMMS04237,High,8.3,30,14.6,0,59.7,0.7,This Week,63.8,3,3,1,0,0
SMMS04238,Low,4.8,90,17.6,3,26.3,0.85,This Week,61.3,1,3,1,0,0
SMMS04239,High,5.7,15,4.7,4,44.9,0.96,This Month,50.4,3,2,1,0,0
SMMS04240,Low,2.3,90,10.9,1,28.4,0.56,This Month,51.9,1,2,1,0,0
SMMS04241,Medium,6.5,30,10.1,1,19.1,0.78,This Month,39.0,2,2,1,0,0
SMMS04242,Low,3.6,0,1.2,1,25.0,0.86,Programmed,17.5,1,1,1,0,0
SMMS04243,Medium,7.3,60,16.4,3,33.2,0.88,This Week,55.9,2,3,1,0,0
SMMS04244,High,5.2,30,7.1,1,69.8,0.73,This Month,47.7,3,2,1,0,0
SMMS04245,Low,3.6,90,23.3,3,25.8,0.89,This Month,49.7,1,2,1,0,0
SMMS04246,Low,1.5,90,4.2,2,24.3,0.61,This Month,52.6,1,2,1,0,0
SMMS04247,Medium,6.1,60,13.9,2,49.6,0.75,This Week,61.4,2,3,1,0,0
SMMS04248,Medium,4.2,60,4.3,2,50.3,0.66,This Month,51.4,2,2,1,0,0
SMMS04249,Critical,5.2,10,19.1,2,71.1,0.99,Immediate,64.3,4,4,1,0,0
SMMS04250,Medium,5.8,60,11.4,0,61.1,0.67,This Month,52.6,2,2,1,0,0
SMMS04251,Low,4.7,45,12.8,4,21.2,0.65,This Month,45.4,1,2,1,0,0
SMMS04252,High,5.1,30,9.4,2,42.8,0.84,This Month,54.7,3,2,1,0,0
SMMS04253,Medium,8.4,60,11.0,3,55.8,0.66,This Month,49.5,2,2,1,0,0
SMMS04254,Medium,4.4,60,2.7,2,80.0,0.75,This Month,39.8,2,2,1,0,0
SMMS04255,Medium,5.1,60,13.6,2,31.9,0.83,This Week,58.4,2,3,1,0,0
SMMS04256,Low,3.0,90,11.8,1,20.8,0.59,This Week,57.5,1,3,1,0,0
SMMS04257,Medium,4.9,60,20.8,1,68.7,0.73,This Week,58.6,2,3,1,0,0
SMMS04258,Medium,6.0,60,12.7,1,25.6,0.75,This Month,47.9,2,2,1,0,0
SMMS04259,Low,2.9,90,5.9,0,33.7,0.77,This Month,39.6,1,2,1,0,0
SMMS04260,High,5.9,30,22.7,1,35.5,0.51,This Week,60.3,3,3,1,0,0
SMMS04261,High,3.6,30,20.2,1,67.4,0.82,This Month,53.6,3,2,1,0,0
SMMS04262,Low,1.5,0,21.6,4,36.7,0.85,Programmed,29.4,1,1,1,0,0
SMMS04263,Low,5.4,32,13.6,0,28.0,0.73,Programmed,28.9,1,1,1,0,0
SMMS04264,Medium,4.6,60,22.2,2,37.1,0.83,This Week,58.7,2,3,1,0,0
SMMS04265,Medium,5.2,60,24.8,3,33.8,0.76,This Week,64.4,2,3,1,0,0
SMMS04266,Medium,1.9,60,20.4,1,38.9,0.56,This Month,53.2,2,2,1,0,0
SMMS04267,High,5.0,30,2.7,2,34.5,0.81,This Week,55.4,3,3,1,0,0
SMMS04268,Low,5.0,90,22.7,6,25.3,0.59,This Week,57.5,1,3,1,0,0
SMMS04269,High,8.7,30,14.7,4,34.7,0.9,This Week,56.9,3,3,1,0,0
SMMS04270,Low,6.9,90,2.4,1,66.2,0.77,This Month,44.6,1,2,1,0,0
SMMS04271,Medium,2.3,0,23.4,4,51.5,0.99,This Month,44.6,2,2,1,0,0
SMMS04272,Low,4.9,90,9.0,0,25.3,0.65,This Month,43.4,1,2,1,0,0
SMMS04273,Critical,7.1,10,23.1,4,54.3,0.77,Immediate,68.5,4,4,1,0,0
SMMS04274,Medium,2.7,60,1.1,1,37.4,0.79,This Month,41.7,2,2,1,0,0
SMMS04275,Medium,3.6,60,10.3,3,36.4,0.73,This Week,56.4,2,3,1,0,0
SMMS04276,Medium,4.8,0,7.2,2,28.3,0.79,Programmed,32.4,2,1,1,0,0
SMMS04277,Medium,5.1,60,24.7,4,28.9,0.71,This Week,58.2,2,3,1,0,0
SMMS04278,Medium,9.2,60,25.0,1,36.4,0.63,This Week,64.7,2,3,1,0,0
SMMS04279,Low,1.1,0,16.2,3,53.6,0.88,Programmed,32.1,1,1,1,0,0
SMMS04280,High,9.1,30,24.2,0,34.5,0.64,This Week,60.1,3,3,1,0,0
SMMS04281,Low,5.0,18,19.5,4,30.1,0.87,Programmed,28.9,1,1,1,0,0
SMMS04282,Low,3.6,90,5.1,1,18.8,0.62,This Month,44.3,1,2,1,0,0
SMMS04283,High,6.9,30,7.0,1,30.3,0.77,This Month,40.4,3,2,1,0,0
SMMS04284,High,9.2,30,13.2,0,36.3,0.77,This Week,56.2,3,3,1,0,0
SMMS04285,High,3.7,30,2.0,2,42.5,0.86,This Week,57.1,3,3,1,0,0
SMMS04286,Medium,6.8,60,7.6,0,53.6,0.67,This Month,42.1,2,2,1,0,0
SMMS04287,Low,2.6,26,9.5,1,20.4,0.59,Programmed,32.7,1,1,1,0,0
SMMS04288,Low,3.3,90,17.5,2,30.6,0.83,This Week,56.3,1,3,1,0,0
SMMS04289,Medium,4.0,60,9.9,1,32.9,0.55,This Month,54.8,2,2,1,0,0
SMMS04290,High,5.5,30,21.0,1,48.2,0.68,This Week,62.3,3,3,1,0,0
SMMS04291,Low,5.2,5,16.7,1,24.2,0.83,Programmed,33.1,1,1,1,0,0
SMMS04292,Medium,2.3,2,21.2,2,46.5,0.79,This Month,42.3,2,2,1,0,0
SMMS04293,Medium,2.7,60,23.7,2,49.7,0.69,This Month,54.7,2,2,1,0,0
SMMS04294,Low,3.8,90,12.3,4,51.2,0.69,This Month,53.5,1,2,1,0,0
SMMS04295,Low,3.7,10,19.4,0,34.7,0.63,Programmed,26.7,1,1,1,0,0
SMMS04296,Medium,4.8,60,5.3,3,57.8,0.61,This Month,49.3,2,2,1,0,0
SMMS04297,Critical,8.9,10,3.6,1,60.0,0.8,Immediate,50.7,4,4,1,0,0
SMMS04298,High,5.4,30,16.3,1,33.9,0.64,This Week,57.6,3,3,1,0,0
SMMS04299,Low,3.7,0,15.2,1,18.4,0.76,Programmed,23.6,1,1,1,0,0
SMMS04300,High,6.6,30,15.7,0,33.0,0.67,This Week,59.3,3,3,1,0,0
SMMS04301,High,5.2,30,20.8,3,54.9,0.78,This Week,61.4,3,3,1,0,0
SMMS04302,High,6.4,30,14.3,0,80.8,0.57,This Week,55.7,3,3,1,0,0
SMMS04303,Medium,8.6,60,8.2,5,51.9,0.95,This Month,54.4,2,2,1,0,0
SMMS04304,Medium,4.6,60,23.6,3,67.4,0.81,This Month,52.1,2,2,1,0,0
SMMS04305,Medium,9.7,60,6.8,0,24.2,0.72,This Week,56.8,2,3,1,0,0
SMMS04306,Medium,4.0,60,20.1,1,64.5,0.67,This Week,60.5,2,3,1,0,0
SMMS04307,Critical,5.4,10,9.9,1,60.9,0.86,Immediate,59.1,4,4,1,0,0
SMMS04308,Medium,3.6,60,10.3,0,65.6,0.65,This Month,46.4,2,2,1,0,0
SMMS04309,Low,2.1,90,15.7,2,48.4,0.89,This Month,53.6,1,2,1,0,0
SMMS04310,High,6.4,30,8.9,2,44.5,0.96,This Month,54.2,3,2,1,0,0
SMMS04311,High,5.6,30,12.8,1,58.8,0.79,This Week,63.2,3,3,1,0,0
SMMS04312,Medium,6.1,60,2.1,1,38.9,0.71,This Month,47.5,2,2,1,0,0
SMMS04313,High,8.0,30,3.1,0,41.9,0.7,This Month,51.5,3,2,1,0,0
SMMS04314,Low,3.3,90,5.5,2,48.2,0.73,This Week,55.4,1,3,1,0,0
SMMS04315,Low,5.2,90,13.8,1,24.8,0.57,This Month,54.9,1,2,1,0,0
SMMS04316,Medium,7.1,60,8.2,2,36.1,0.93,This Month,54.8,2,2,1,0,0
SMMS04317,High,4.6,30,11.1,2,37.1,0.76,This Week,56.3,3,3,1,0,0
SMMS04318,High,7.6,30,19.3,4,51.3,0.75,This Week,62.4,3,3,1,0,0
SMMS04319,High,5.4,30,14.3,0,38.7,0.78,This Week,55.8,3,3,1,0,0
SMMS04320,Low,2.7,90,13.5,3,57.5,0.83,This Month,50.3,1,2,1,0,0
SMMS04321,Medium,4.3,60,3.7,1,64.5,0.49,This Month,46.9,2,2,1,0,0
SMMS04322,Low,5.1,22,9.6,1,46.4,0.68,Programmed,29.3,1,1,1,0,0
SMMS04323,Medium,7.7,60,13.8,1,44.2,0.56,This Month,54.2,2,2,1,0,0
SMMS04324,High,10.5,30,22.1,0,68.6,0.69,This Week,59.8,3,3,1,0,0
SMMS04325,Low,4.1,90,10.1,2,49.6,0.78,This Month,54.1,1,2,1,0,0
SMMS04326,Medium,5.2,60,10.9,2,34.8,0.65,This Week,55.7,2,3,1,0,0
SMMS04327,Critical,4.3,10,2.8,0,43.5,0.9,Immediate,56.4,4,4,1,0,0
SMMS04328,High,4.9,30,7.0,2,39.6,0.84,This Month,52.8,3,2,1,0,0
SMMS04329,Critical,4.8,10,4.6,0,53.1,0.75,Immediate,55.6,4,4,1,0,0
SMMS04330,Medium,6.2,60,13.4,0,54.2,0.78,This Month,52.7,2,2,1,0,0
SMMS04331,High,4.4,30,9.0,3,49.9,0.71,This Week,62.0,3,3,1,0,0
SMMS04332,High,6.4,30,19.7,0,82.1,0.68,This Week,61.5,3,3,1,0,0
SMMS04333,Medium,3.6,60,5.6,0,28.2,0.71,This Month,47.2,2,2,1,0,0
SMMS04334,Critical,6.6,10,7.1,2,66.1,0.89,Immediate,60.1,4,4,1,0,0
SMMS04335,High,8.2,30,14.5,4,34.8,0.72,This Month,54.6,3,2,1,0,0
SMMS04336,Low,2.6,90,24.9,2,28.3,0.82,This Week,56.0,1,3,1,0,0
SMMS04337,Low,4.3,0,4.5,0,39.4,0.72,Programmed,16.7,1,1,1,0,0
SMMS04338,High,5.3,30,18.1,3,59.5,0.75,This Month,54.5,3,2,1,0,0
SMMS04339,High,10.0,23,15.0,4,62.1,0.81,This Week,55.5,3,3,1,0,0
SMMS04340,Medium,4.5,60,6.5,0,40.6,0.55,This Month,45.1,2,2,1,0,0
SMMS04341,Low,3.9,90,7.7,0,23.0,0.61,This Month,50.3,1,2,1,0,0
SMMS04342,High,9.0,30,13.6,0,35.4,0.67,This Month,52.4,3,2,1,0,0
SMMS04343,Critical,8.3,10,6.5,4,39.7,0.91,Immediate,56.7,4,4,1,0,0
SMMS04344,High,6.7,30,13.3,0,60.5,0.63,This Month,53.1,3,2,1,0,0
SMMS04345,Medium,4.2,60,8.1,2,61.3,0.79,This Month,47.7,2,2,1,0,0
SMMS04346,Low,4.5,90,20.7,3,48.1,0.57,This Week,55.9,1,3,1,0,0
SMMS04347,Low,4.7,90,20.9,2,47.4,0.68,This Week,57.4,1,3,1,0,0
SMMS04348,Medium,4.8,13,21.4,1,23.9,0.7,This Month,38.0,2,2,1,0,0
SMMS04349,Low,2.8,35,18.1,5,15.9,0.89,This Month,41.6,1,2,1,0,0
SMMS04350,Medium,5.8,60,4.5,0,33.3,0.78,This Month,47.7,2,2,1,0,0
SMMS04351,Medium,6.7,60,14.2,0,61.0,0.48,This Week,58.7,2,3,1,0,0
SMMS04352,Medium,6.4,60,2.8,1,31.0,0.6,This Month,48.8,2,2,1,0,0
SMMS04353,High,5.9,19,13.8,2,38.0,0.92,This Month,45.2,3,2,1,0,0
SMMS04354,Medium,5.4,60,5.8,1,51.7,0.56,This Month,52.8,2,2,1,0,0
SMMS04355,Critical,8.6,10,6.1,0,72.3,0.86,Immediate,52.9,4,4,1,0,0
SMMS04356,Low,3.5,83,20.3,1,59.9,0.69,This Month,54.3,1,2,1,0,0
SMMS04357,High,5.9,30,6.4,0,32.8,0.74,This Month,49.8,3,2,1,0,0
SMMS04358,Low,4.1,90,1.8,0,55.0,0.6,This Month,45.4,1,2,1,0,0
SMMS04359,High,6.4,30,1.2,3,38.0,0.92,This Month,50.1,3,2,1,0,0
SMMS04360,Medium,7.0,60,11.7,2,33.7,0.65,This Month,53.5,2,2,1,0,0
SMMS04361,High,6.2,30,1.6,1,40.6,0.62,This Month,44.7,3,2,1,0,0
SMMS04362,Medium,5.8,60,4.5,1,31.1,0.63,This Month,54.3,2,2,1,0,0
SMMS04363,Low,4.9,90,4.3,2,70.2,0.72,This Month,48.4,1,2,1,0,0
SMMS04364,Low,1.0,90,1.4,0,59.7,0.64,This Month,36.8,1,2,1,0,0
SMMS04365,Low,3.7,90,14.0,5,51.1,0.87,This Week,55.2,1,3,1,0,0
SMMS04366,Critical,4.9,10,23.3,2,63.7,0.97,Immediate,70.3,4,4,1,0,0
SMMS04367,Critical,11.1,10,1.8,1,45.3,0.72,Immediate,57.3,4,4,1,0,0
SMMS04368,High,7.9,30,5.0,6,41.5,0.86,This Week,55.1,3,3,1,0,0
SMMS04369,Low,2.8,90,5.5,2,19.2,0.68,This Month,48.1,1,2,1,0,0
SMMS04370,Medium,3.3,60,2.8,0,62.5,0.65,This Month,38.1,2,2,1,0,0
SMMS04371,Low,4.7,19,24.6,0,23.0,0.64,This Month,40.7,1,2,1,0,0
SMMS04372,Critical,8.1,10,18.4,5,45.1,0.84,Immediate,60.7,4,4,1,0,0
SMMS04373,Critical,8.6,10,14.1,0,44.1,0.8,Immediate,52.1,4,4,1,0,0
SMMS04374,High,4.7,30,24.3,4,60.1,0.82,This Week,66.0,3,3,1,0,0
SMMS04375,Low,4.2,90,4.7,1,34.3,0.67,This Month,44.2,1,2,1,0,0
SMMS04376,Low,4.9,71,11.8,4,12.3,0.77,This Month,49.9,1,2,1,0,0
SMMS04377,High,8.3,30,22.6,1,65.1,0.71,This Week,59.1,3,3,1,0,0
SMMS04378,Low,4.5,90,7.1,3,62.6,0.75,This Month,50.8,1,2,1,0,0
SMMS04379,Critical,6.3,10,20.5,2,49.2,0.83,Immediate,49.1,4,4,1,0,0
SMMS04380,High,9.6,30,16.2,3,35.7,0.74,This Week,59.7,3,3,1,0,0
SMMS04381,Medium,2.1,60,12.5,1,16.4,0.65,This Month,53.5,2,2,1,0,0
SMMS04382,Medium,3.9,60,20.6,1,73.5,0.68,This Month,50.9,2,2,1,0,0
SMMS04383,Low,3.4,0,22.6,2,49.4,0.77,Programmed,33.5,1,1,1,0,0
SMMS04384,High,6.2,30,3.8,0,69.9,0.67,This Month,51.4,3,2,1,0,0
SMMS04385,Low,5.0,90,1.3,1,24.5,0.83,This Month,48.9,1,2,1,0,0
SMMS04386,High,5.7,30,13.3,2,44.2,0.73,This Week,57.0,3,3,1,0,0
SMMS04387,High,3.4,30,17.6,0,36.6,0.8,This Month,54.7,3,2,1,0,0
SMMS04388,Medium,4.0,60,12.4,0,66.7,0.78,This Month,44.7,2,2,1,0,0
SMMS04389,Medium,8.0,60,23.2,2,33.5,0.87,This Month,54.3,2,2,1,0,0
SMMS04390,Critical,9.0,10,16.0,1,35.5,0.79,Immediate,60.1,4,4,1,0,0
SMMS04391,Low,7.1,42,10.6,1,50.5,0.69,This Month,37.7,1,2,1,0,0
SMMS04392,Low,3.9,34,22.5,3,61.6,0.82,This Month,36.3,1,2,1,0,0
SMMS04393,Medium,10.2,11,3.5,1,26.4,0.9,This Month,41.8,2,2,1,0,0
SMMS04394,Low,4.4,90,23.6,1,25.1,0.75,This Week,64.2,1,3,1,0,0
SMMS04395,High,6.3,30,1.8,0,68.7,0.64,This Month,53.9,3,2,1,0,0
SMMS04396,Medium,5.4,60,3.3,0,25.0,0.56,This Month,45.8,2,2,1,0,0
SMMS04397,Medium,7.2,60,4.2,2,43.2,0.78,This Month,45.1,2,2,1,0,0
SMMS04398,Medium,6.1,60,17.3,4,50.8,0.84,This Week,63.8,2,3,1,0,0
SMMS04399,Low,6.3,90,21.0,7,53.7,0.57,This Week,57.7,1,3,1,0,0
SMMS04400,Critical,3.9,10,20.8,0,56.0,0.77,Immediate,66.5,4,4,1,0,0
SMMS04401,Medium,2.7,60,23.5,1,64.6,0.67,This Week,56.2,2,3,1,0,0
SMMS04402,Low,5.0,90,6.8,2,28.1,0.73,This Month,50.7,1,2,1,0,0
SMMS04403,Low,2.1,90,11.7,0,29.5,0.63,This Month,47.0,1,2,1,0,0
SMMS04404,Low,4.7,90,8.5,0,31.4,0.85,This Month,45.6,1,2,1,0,0
SMMS04405,High,6.8,30,1.1,1,44.8,0.75,This Month,50.1,3,2,1,0,0
SMMS04406,Medium,6.9,60,6.9,4,43.3,0.8,This Month,52.3,2,2,1,0,0
SMMS04407,High,9.0,2,4.7,0,40.2,0.58,This Month,48.6,3,2,1,0,0
SMMS04408,Low,5.4,90,18.8,1,70.0,0.67,This Month,52.6,1,2,1,0,0
SMMS04409,Critical,4.0,10,17.9,1,66.1,0.65,Immediate,63.8,4,4,1,0,0
SMMS04410,Medium,4.7,60,20.6,3,17.8,0.71,This Month,53.6,2,2,1,0,0
SMMS04411,Medium,4.7,60,21.8,3,54.6,0.77,This Month,51.3,2,2,1,0,0
SMMS04412,Low,5.1,90,3.3,1,27.6,0.67,This Month,47.3,1,2,1,0,0
SMMS04413,High,3.0,30,15.4,1,34.0,0.62,This Month,54.1,3,2,1,0,0
SMMS04414,Critical,5.9,10,6.2,2,53.8,0.89,Immediate,58.0,4,4,1,0,0
SMMS04415,Low,8.0,0,13.6,1,26.6,0.71,Programmed,23.2,1,1,1,0,0
SMMS04416,High,8.9,30,6.8,0,31.6,0.67,This Month,52.3,3,2,1,0,0
SMMS04417,Medium,7.3,60,22.3,1,60.2,0.57,This Week,56.5,2,3,1,0,0
SMMS04418,Medium,6.1,60,13.8,3,56.0,0.8,This Month,49.8,2,2,1,0,0
SMMS04419,High,5.8,30,22.4,2,34.3,0.68,This Week,57.1,3,3,1,0,0
SMMS04420,Medium,6.3,60,18.5,4,66.6,0.83,This Month,53.9,2,2,1,0,0
SMMS04421,High,5.6,30,14.6,1,34.1,0.77,This Month,51.0,3,2,1,0,0
SMMS04422,High,8.8,30,2.2,0,35.5,0.63,This Week,57.2,3,3,1,0,0
SMMS04423,Low,4.0,90,23.3,3,25.0,0.86,This Week,56.1,1,3,1,0,0
SMMS04424,Medium,4.1,60,8.7,1,28.8,0.43,This Month,53.3,2,2,1,0,0
SMMS04425,Medium,5.4,60,20.3,4,39.7,0.93,This Month,51.2,2,2,1,0,0
SMMS04426,Medium,4.4,60,18.4,5,32.0,0.86,This Week,61.5,2,3,1,0,0
SMMS04427,High,4.9,30,15.6,4,57.3,0.66,This Week,60.1,3,3,1,0,0
SMMS04428,High,4.3,30,19.7,3,61.7,0.81,This Week,55.9,3,3,1,0,0
SMMS04429,Medium,8.3,60,22.8,3,38.7,0.69,This Month,50.8,2,2,1,0,0
SMMS04430,High,4.5,30,17.6,0,46.6,0.82,This Week,58.0,3,3,1,0,0
SMMS04431,Low,5.3,90,7.7,1,23.7,0.81,This Month,51.5,1,2,1,0,0
SMMS04432,Low,4.8,0,1.3,2,80.7,0.99,Programmed,20.9,1,1,1,0,0
SMMS04433,High,4.8,30,13.0,1,33.0,0.53,This Week,56.5,3,3,1,0,0
SMMS04434,Low,3.0,51,7.2,0,28.2,0.72,This Month,41.1,1,2,1,0,0
SMMS04435,Medium,6.6,60,4.5,0,60.6,0.8,This Month,48.8,2,2,1,0,0
SMMS04436,High,8.9,30,9.3,2,35.8,0.71,This Month,51.5,3,2,1,0,0
SMMS04437,Medium,7.4,60,5.5,1,62.3,0.53,This Month,47.9,2,2,1,0,0
SMMS04438,Low,4.7,0,24.3,3,54.1,0.87,Programmed,34.7,1,1,1,0,0
SMMS04439,Medium,7.1,60,21.8,0,57.1,0.77,This Week,56.1,2,3,1,0,0
SMMS04440,High,7.3,30,17.4,0,48.5,0.67,This Month,53.4,3,2,1,0,0
SMMS04441,High,6.6,30,15.1,0,40.6,0.7,This Month,50.2,3,2,1,0,0
SMMS04442,Low,6.2,90,9.3,2,26.6,0.96,This Month,47.6,1,2,1,0,0
SMMS04443,Medium,8.1,60,13.6,1,55.7,0.81,This Month,54.9,2,2,1,0,0
SMMS04444,Medium,5.7,60,5.7,4,27.5,0.71,This Month,49.4,2,2,1,0,0
SMMS04445,Medium,4.6,60,10.5,2,16.8,0.72,This Week,60.7,2,3,1,0,0
SMMS04446,High,3.2,30,21.0,0,87.2,0.65,This Week,57.8,3,3,1,0,0
SMMS04447,Medium,5.8,60,13.6,1,26.7,0.67,This Week,57.2,2,3,1,0,0
SMMS04448,Medium,2.8,60,5.7,2,29.9,0.7,This Month,48.1,2,2,1,0,0
SMMS04449,Medium,4.8,60,18.2,2,26.1,0.72,This Month,54.1,2,2,1,0,0
SMMS04450,Low,3.1,90,13.8,0,35.5,0.7,This Week,61.2,1,3,1,0,0
SMMS04451,Medium,2.9,60,7.2,1,29.3,0.71,This Month,50.6,2,2,1,0,0
SMMS04452,Critical,11.5,10,7.5,1,45.1,0.91,Immediate,55.2,4,4,1,0,0
SMMS04453,Low,6.2,90,10.8,0,23.9,0.67,This Month,51.3,1,2,1,0,0
SMMS04454,Low,5.3,90,8.1,1,40.7,0.56,This Month,49.1,1,2,1,0,0
SMMS04455,Medium,5.0,60,12.4,2,100.0,0.83,This Month,50.2,2,2,1,0,0
SMMS04456,Medium,4.7,51,22.1,5,28.5,0.7,This Week,56.2,2,3,1,0,0
SMMS04457,High,8.5,30,6.5,1,40.9,0.58,This Week,55.6,3,3,1,0,0
SMMS04458,High,8.1,30,15.8,1,30.1,0.8,This Month,52.1,3,2,1,0,0
SMMS04459,Low,2.9,88,7.8,4,41.1,0.66,This Week,59.2,1,3,1,0,0
SMMS04460,Low,3.7,90,11.1,3,21.1,0.75,This Month,52.7,1,2,1,0,0
SMMS04461,High,4.3,30,1.3,1,70.1,0.58,This Week,59.2,3,3,1,0,0
SMMS04462,Low,6.7,22,3.8,1,46.8,0.62,Programmed,27.6,1,1,1,0,0
SMMS04463,Critical,7.9,10,24.7,4,69.7,0.94,Immediate,71.6,4,4,1,0,0
SMMS04464,Medium,3.5,60,6.2,2,31.8,0.7,This Month,47.9,2,2,1,0,0
SMMS04465,Critical,5.4,10,8.6,2,52.6,0.92,Immediate,57.4,4,4,1,0,0
SMMS04466,Low,4.4,90,10.4,0,44.8,0.9,This Month,52.7,1,2,1,0,0
SMMS04467,High,4.1,30,24.2,2,33.0,0.62,This Week,61.8,3,3,1,0,0
SMMS04468,High,7.0,30,2.3,1,29.0,0.61,This Month,52.6,3,2,1,0,0
SMMS04469,Critical,9.0,10,2.3,0,74.8,0.76,Immediate,47.4,4,4,1,0,0
SMMS04470,Low,4.0,73,19.2,1,51.0,0.63,This Month,44.7,1,2,1,0,0
SMMS04471,Low,2.8,90,24.8,0,42.0,0.69,This Month,51.9,1,2,1,0,0
SMMS04472,Critical,7.8,10,6.9,1,69.0,0.88,Immediate,54.6,4,4,1,0,0
SMMS04473,High,5.4,30,15.7,1,68.7,0.8,This Month,50.1,3,2,1,0,0
SMMS04474,High,5.9,30,12.8,3,56.4,0.83,This Month,54.8,3,2,1,0,0
SMMS04475,Medium,4.9,60,20.8,3,57.6,0.91,This Month,54.7,2,2,1,0,0
SMMS04476,Low,4.0,90,24.7,0,24.3,0.59,This Month,53.4,1,2,1,0,0
SMMS04477,Medium,8.1,60,10.4,0,57.8,0.68,This Month,47.9,2,2,1,0,0
SMMS04478,Medium,6.1,60,15.4,3,29.6,0.88,This Month,49.6,2,2,1,0,0
SMMS04479,Medium,4.8,60,5.1,1,64.9,0.55,This Week,55.0,2,3,1,0,0
SMMS04480,Low,3.6,90,17.8,2,42.6,0.86,This Week,56.0,1,3,1,0,0
SMMS04481,High,5.5,30,21.2,1,39.6,0.62,This Month,52.8,3,2,1,0,0
SMMS04482,Critical,8.6,10,1.0,2,51.5,0.88,Immediate,58.1,4,4,1,0,0
SMMS04483,Medium,2.1,60,20.7,3,57.9,0.76,This Week,57.9,2,3,1,0,0
SMMS04484,Low,4.7,76,9.4,2,53.4,0.86,This Month,39.0,1,2,1,0,0
SMMS04485,Low,5.7,90,20.8,1,22.9,0.52,This Week,56.6,1,3,1,0,0
SMMS04486,Low,3.9,90,24.5,1,41.8,0.71,This Month,45.3,1,2,1,0,0
SMMS04487,Critical,11.8,10,12.6,3,44.1,0.98,Immediate,65.3,4,4,1,0,0
SMMS04488,High,8.8,30,23.1,1,35.5,0.58,This Week,55.7,3,3,1,0,0
SMMS04489,Medium,4.3,60,16.3,3,37.7,0.76,This Week,55.4,2,3,1,0,0
SMMS04490,Medium,5.2,60,14.9,3,25.1,0.88,This Week,58.7,2,3,1,0,0
SMMS04491,Medium,6.5,60,19.5,1,26.2,0.86,This Week,60.7,2,3,1,0,0
SMMS04492,Medium,6.3,38,17.6,2,62.4,0.89,This Month,49.3,2,2,1,0,0
SMMS04493,High,9.0,30,8.5,0,32.5,0.58,This Week,55.9,3,3,1,0,0
SMMS04494,Medium,8.5,25,12.4,0,50.0,0.74,This Month,40.6,2,2,1,0,0
SMMS04495,Medium,7.1,60,16.4,2,49.3,0.85,This Month,46.7,2,2,1,0,0
SMMS04496,Medium,6.8,60,6.4,1,49.8,0.65,This Month,52.6,2,2,1,0,0
SMMS04497,Low,4.9,90,17.9,3,50.2,0.74,This Month,50.9,1,2,1,0,0
SMMS04498,Medium,7.2,60,2.8,1,28.8,0.71,This Month,46.0,2,2,1,0,0
SMMS04499,Medium,2.1,60,13.7,1,33.7,0.65,This Week,61.0,2,3,1,0,0
SMMS04500,Low,5.6,90,23.4,2,27.2,0.86,This Week,63.0,1,3,1,0,0
SMMS04501,Low,3.8,52,10.7,1,27.9,0.73,This Month,47.8,1,2,1,0,0
SMMS04502,Critical,10.4,10,23.1,2,74.3,0.99,Immediate,69.5,4,4,1,0,0
SMMS04503,Low,3.7,0,21.9,2,59.2,0.98,Programmed,25.3,1,1,1,0,0
SMMS04504,High,10.2,30,4.5,1,52.1,0.65,This Month,49.3,3,2,1,0,0
SMMS04505,Low,2.7,90,2.4,3,17.5,0.86,This Month,50.9,1,2,1,0,0
SMMS04506,Low,5.3,90,9.9,2,35.5,0.78,This Month,48.4,1,2,1,0,0
SMMS04507,High,5.4,30,10.9,1,32.3,0.69,This Month,48.5,3,2,1,0,0
SMMS04508,Critical,12.6,10,20.2,2,34.1,0.85,Immediate,59.5,4,4,1,0,0
SMMS04509,Low,1.9,90,23.7,3,9.0,0.73,This Month,54.7,1,2,1,0,0
SMMS04510,Medium,5.7,0,9.8,1,55.3,0.69,This Month,35.8,2,2,1,0,0
SMMS04511,Low,3.7,90,10.3,0,27.2,0.58,This Month,49.8,1,2,1,0,0
SMMS04512,Medium,6.1,40,20.9,2,28.0,0.78,This Month,53.1,2,2,1,0,0
SMMS04513,Low,4.2,90,12.5,1,28.8,0.71,This Week,55.6,1,3,1,0,0
SMMS04514,Critical,6.7,10,12.3,2,67.8,0.82,Immediate,57.1,4,4,1,0,0
SMMS04515,Medium,6.7,60,4.7,2,29.0,0.66,This Month,53.9,2,2,1,0,0
SMMS04516,Medium,5.3,60,12.2,3,35.9,0.75,This Week,55.5,2,3,1,0,0
SMMS04517,Critical,5.0,10,19.1,3,100.0,0.84,Immediate,59.2,4,4,1,0,0
SMMS04518,Low,3.5,90,6.3,0,35.8,0.82,This Month,46.9,1,2,1,0,0
SMMS04519,Medium,5.8,60,5.9,0,58.0,0.72,This Month,43.5,2,2,1,0,0
SMMS04520,Medium,5.9,60,21.3,2,39.7,0.73,This Week,56.9,2,3,1,0,0
SMMS04521,Medium,8.1,60,13.2,1,50.3,0.8,This Month,46.1,2,2,1,0,0
SMMS04522,Low,3.8,58,8.9,1,26.3,0.55,Programmed,32.6,1,1,1,0,0
SMMS04523,Critical,5.8,10,15.3,0,57.6,0.65,Immediate,59.4,4,4,1,0,0
SMMS04524,High,3.8,30,8.1,0,71.3,0.68,This Month,53.8,3,2,1,0,0
SMMS04525,High,6.7,30,10.4,1,39.8,0.51,This Month,53.7,3,2,1,0,0
SMMS04526,Medium,5.4,60,6.4,0,33.3,0.58,This Month,48.2,2,2,1,0,0
SMMS04527,Low,4.6,90,15.4,4,48.1,0.94,This Month,52.3,1,2,1,0,0
SMMS04528,High,4.4,30,1.8,2,62.2,0.88,This Month,47.2,3,2,1,0,0
SMMS04529,Low,7.1,90,9.3,3,27.2,0.73,This Month,44.4,1,2,1,0,0
SMMS04530,Low,6.2,20,8.2,4,62.1,0.55,This Month,41.3,1,2,1,0,0
SMMS04531,Low,6.7,90,17.0,4,29.2,0.82,This Month,46.5,1,2,1,0,0
SMMS04532,High,5.8,0,16.4,0,62.9,0.67,This Month,44.2,3,2,1,0,0
SMMS04533,Medium,4.8,60,23.4,2,41.8,0.79,This Week,58.7,2,3,1,0,0
SMMS04534,Low,6.8,90,1.5,1,55.9,0.64,This Month,45.2,1,2,1,0,0
SMMS04535,Low,2.7,90,10.9,0,18.9,0.76,This Month,42.4,1,2,1,0,0
SMMS04536,Low,6.2,68,25.0,5,41.1,0.85,This Week,57.0,1,3,1,0,0
SMMS04537,High,6.3,30,17.3,2,68.6,0.63,This Week,59.4,3,3,1,0,0
SMMS04538,Medium,4.3,60,13.9,1,51.4,0.8,This Week,58.3,2,3,1,0,0
SMMS04539,Medium,5.5,60,21.6,4,57.5,0.6,This Week,58.0,2,3,1,0,0
SMMS04540,Medium,5.8,60,8.7,3,65.7,0.68,This Month,51.4,2,2,1,0,0
SMMS04541,Low,4.9,90,22.1,4,56.4,0.77,This Month,52.1,1,2,1,0,0
SMMS04542,Medium,5.4,60,16.9,0,36.1,0.76,This Month,54.5,2,2,1,0,0
SMMS04543,Low,4.9,56,17.5,1,30.1,0.66,This Month,42.6,1,2,1,0,0
SMMS04544,High,7.8,30,14.8,1,64.2,0.61,This Week,60.9,3,3,1,0,0
SMMS04545,Medium,4.8,5,22.1,3,24.0,0.99,This Month,43.8,2,2,1,0,0
SMMS04546,Medium,3.8,60,15.1,1,50.3,0.68,This Month,53.6,2,2,1,0,0
SMMS04547,Low,6.5,42,22.9,0,42.9,0.64,This Month,44.9,1,2,1,0,0
SMMS04548,Medium,6.6,60,8.7,1,38.8,0.47,This Month,46.1,2,2,1,0,0
SMMS04549,High,9.7,30,23.8,4,41.6,0.82,This Week,67.1,3,3,1,0,0
SMMS04550,Medium,1.8,60,7.6,0,34.8,0.75,This Month,37.3,2,2,1,0,0
SMMS04551,High,7.9,30,9.9,3,46.4,0.7,This Month,51.0,3,2,1,0,0
SMMS04552,Medium,7.3,0,21.9,2,35.7,0.95,This Month,41.1,2,2,1,0,0
SMMS04553,Low,3.5,90,6.3,1,44.2,0.8,This Month,53.4,1,2,1,0,0
SMMS04554,Medium,2.9,60,15.7,1,26.7,0.68,This Month,49.3,2,2,1,0,0
SMMS04555,Medium,5.3,60,4.6,2,78.0,0.94,This Month,49.5,2,2,1,0,0
SMMS04556,High,9.4,30,17.8,4,62.8,0.8,This Week,58.7,3,3,1,0,0
SMMS04557,Medium,7.5,0,6.9,1,50.2,0.74,This Month,36.0,2,2,1,0,0
SMMS04558,High,5.1,30,5.2,1,31.2,0.76,This Month,48.3,3,2,1,0,0
SMMS04559,High,7.0,30,15.4,3,30.8,0.77,This Week,57.3,3,3,1,0,0
SMMS04560,High,6.4,30,2.7,0,42.0,0.66,This Month,51.5,3,2,1,0,0
SMMS04561,High,4.8,30,4.4,1,32.5,0.61,This Month,49.3,3,2,1,0,0
SMMS04562,Medium,7.6,60,22.0,7,30.1,0.85,This Week,60.7,2,3,1,0,0
SMMS04563,Low,7.8,48,10.2,1,57.5,0.72,This Month,37.8,1,2,1,0,0
SMMS04564,High,6.0,30,1.2,1,57.9,0.53,This Month,52.3,3,2,1,0,0
SMMS04565,High,6.9,30,11.8,1,31.8,0.64,This Week,58.2,3,3,1,0,0
SMMS04566,High,8.4,30,24.3,3,38.7,0.77,This Week,64.0,3,3,1,0,0
SMMS04567,Medium,5.6,0,4.9,1,50.7,0.71,This Month,39.8,2,2,1,0,0
SMMS04568,Medium,6.8,60,21.0,3,49.8,0.74,This Month,54.5,2,2,1,0,0
SMMS04569,High,9.2,30,19.3,1,63.7,0.83,This Month,49.9,3,2,1,0,0
SMMS04570,High,7.4,30,7.6,1,38.4,0.67,This Month,45.9,3,2,1,0,0
SMMS04571,Critical,12.1,10,3.2,0,37.6,0.64,Immediate,63.3,4,4,1,0,0
SMMS04572,Medium,4.4,45,9.7,0,25.4,0.63,This Month,45.4,2,2,1,0,0
SMMS04573,Medium,7.7,60,6.5,2,35.8,0.88,This Month,48.9,2,2,1,0,0
SMMS04574,Low,3.9,64,18.6,1,51.1,0.64,This Month,49.8,1,2,1,0,0
SMMS04575,Medium,10.2,60,22.1,0,36.2,0.6,This Week,58.9,2,3,1,0,0
SMMS04576,Medium,5.0,60,9.3,1,53.0,0.61,This Month,49.4,2,2,1,0,0
SMMS04577,Medium,5.8,60,23.8,2,67.1,0.81,This Week,62.9,2,3,1,0,0
SMMS04578,High,8.6,30,14.7,2,57.9,0.74,This Week,61.8,3,3,1,0,0
SMMS04579,Low,5.8,42,10.3,2,26.6,0.8,This Month,36.7,1,2,1,0,0
SMMS04580,High,6.6,30,15.9,4,65.6,0.81,This Week,59.6,3,3,1,0,0
SMMS04581,Medium,5.6,60,14.0,2,78.7,0.9,This Month,52.1,2,2,1,0,0
SMMS04582,Medium,4.6,60,14.9,0,35.6,0.75,This Month,54.7,2,2,1,0,0
SMMS04583,High,7.0,30,9.0,1,54.0,0.65,This Month,50.4,3,2,1,0,0
SMMS04584,High,5.4,30,24.5,4,63.7,0.59,This Week,66.9,3,3,1,0,0
SMMS04585,High,5.8,30,16.2,5,29.8,0.94,This Week,59.2,3,3,1,0,0
SMMS04586,Critical,7.8,10,17.3,2,75.5,0.99,Immediate,56.1,4,4,1,0,0
SMMS04587,Critical,7.4,10,19.7,1,54.1,0.78,Immediate,64.1,4,4,1,0,0
SMMS04588,Medium,5.0,60,2.3,1,19.7,0.67,This Month,40.5,2,2,1,0,0
SMMS04589,Critical,6.9,10,24.0,2,42.8,0.9,Immediate,64.6,4,4,1,0,0
SMMS04590,High,7.0,30,8.4,1,50.6,0.56,This Month,48.5,3,2,1,0,0
SMMS04591,Medium,4.9,60,18.7,3,29.1,0.64,This Week,56.9,2,3,1,0,0
SMMS04592,High,7.3,30,22.7,0,64.2,0.8,This Week,56.9,3,3,1,0,0
SMMS04593,Medium,4.6,60,17.2,2,46.0,0.85,This Week,56.7,2,3,1,0,0
SMMS04594,High,5.6,30,18.3,0,47.7,0.67,This Month,53.9,3,2,1,0,0
SMMS04595,High,6.6,30,14.7,2,39.7,0.76,This Month,54.4,3,2,1,0,0
SMMS04596,Low,2.8,68,3.3,0,53.4,0.69,Programmed,33.4,1,1,1,0,0
SMMS04597,Low,4.9,90,5.2,0,51.0,0.66,This Month,46.0,1,2,1,0,0
SMMS04598,Medium,2.7,60,15.2,1,21.0,0.77,This Month,51.2,2,2,1,0,0
SMMS04599,High,5.7,23,17.2,3,76.3,0.77,This Month,54.3,3,2,1,0,0
SMMS04600,Low,6.3,46,19.7,3,32.6,0.77,This Month,42.2,1,2,1,0,0
SMMS04601,High,8.2,30,12.6,2,32.6,0.59,This Week,60.2,3,3,1,0,0
SMMS04602,Low,3.1,90,15.9,3,23.1,0.74,This Week,55.0,1,3,1,0,0
SMMS04603,Medium,4.9,48,22.4,4,44.4,0.78,This Week,55.7,2,3,1,0,0
SMMS04604,Low,3.1,90,5.6,4,44.4,0.8,This Week,55.3,1,3,1,0,0
SMMS04605,Critical,7.8,10,17.0,3,70.1,0.89,Immediate,61.2,4,4,1,0,0
SMMS04606,Low,7.4,21,23.2,2,14.1,0.73,This Month,38.5,1,2,1,0,0
SMMS04607,Medium,5.6,60,10.6,0,24.0,0.73,This Month,50.4,2,2,1,0,0
SMMS04608,Medium,4.4,60,2.5,2,31.4,0.78,This Week,59.0,2,3,1,0,0
SMMS04609,Low,3.0,90,24.8,5,45.9,0.73,This Week,55.1,1,3,1,0,0
SMMS04610,High,5.0,30,7.0,1,32.4,0.76,This Month,51.6,3,2,1,0,0
SMMS04611,Medium,4.6,0,14.2,2,36.2,0.84,This Month,41.6,2,2,1,0,0
SMMS04612,High,6.9,30,7.2,1,59.2,0.48,This Week,55.6,3,3,1,0,0
SMMS04613,Low,3.8,90,2.9,4,31.0,0.88,This Week,58.6,1,3,1,0,0
SMMS04614,High,6.3,30,18.2,0,68.9,0.8,This Week,60.8,3,3,1,0,0
SMMS04615,Critical,6.2,10,11.1,1,51.7,0.62,Immediate,58.1,4,4,1,0,0
SMMS04616,Medium,6.0,60,13.1,1,59.9,0.62,This Week,56.8,2,3,1,0,0
SMMS04617,Low,3.6,90,18.6,3,55.7,0.79,This Month,53.1,1,2,1,0,0
SMMS04618,Low,4.3,90,24.6,3,26.1,0.74,This Week,58.2,1,3,1,0,0
SMMS04619,Medium,6.4,31,11.1,3,59.8,0.63,This Month,46.8,2,2,1,0,0
SMMS04620,Medium,6.5,60,21.0,1,36.4,0.52,This Week,56.1,2,3,1,0,0
SMMS04621,Critical,5.3,10,24.3,2,69.6,0.94,Immediate,56.9,4,4,1,0,0
SMMS04622,Critical,10.0,10,8.7,2,52.2,0.88,Immediate,55.3,4,4,1,0,0
SMMS04623,High,11.7,30,9.5,3,63.2,0.68,This Week,56.0,3,3,1,0,0
SMMS04624,Medium,4.1,60,1.7,1,27.5,0.8,This Month,50.8,2,2,1,0,0
SMMS04625,Medium,6.4,60,3.4,0,29.1,0.63,This Month,45.9,2,2,1,0,0
SMMS04626,High,5.9,30,6.8,3,36.1,0.79,This Week,56.5,3,3,1,0,0
SMMS04627,Medium,3.2,60,14.7,1,18.3,0.61,This Month,54.0,2,2,1,0,0
SMMS04628,High,6.7,30,8.8,1,31.8,0.78,This Month,50.7,3,2,1,0,0
SMMS04629,Low,6.2,90,11.7,2,53.2,0.77,This Month,48.1,1,2,1,0,0
SMMS04630,Medium,7.1,60,5.7,1,27.3,0.71,This Month,47.1,2,2,1,0,0
SMMS04631,High,6.6,30,2.3,2,72.9,0.65,This Week,55.9,3,3,1,0,0
SMMS04632,Medium,8.7,60,2.1,2,55.4,0.65,This Week,55.2,2,3,1,0,0
SMMS04633,Medium,6.6,0,14.4,1,81.0,0.66,This Month,39.2,2,2,1,0,0
SMMS04634,High,8.8,30,24.8,0,41.9,0.76,This Week,62.3,3,3,1,0,0
SMMS04635,High,5.7,30,18.0,2,67.8,0.68,This Month,53.5,3,2,1,0,0
SMMS04636,Low,4.7,11,13.4,0,28.3,0.83,Programmed,31.9,1,1,1,0,0
SMMS04637,Low,4.4,32,18.8,4,19.9,0.79,This Month,39.2,1,2,1,0,0
SMMS04638,Medium,8.6,60,7.4,3,77.9,0.83,This Month,43.2,2,2,1,0,0
SMMS04639,Medium,5.5,60,21.2,6,49.0,0.71,This Week,62.8,2,3,1,0,0
SMMS04640,Low,3.9,90,15.5,1,56.0,0.76,This Month,52.4,1,2,1,0,0
SMMS04641,Medium,3.2,60,3.3,3,30.5,0.81,This Month,48.6,2,2,1,0,0
SMMS04642,Medium,7.6,60,10.8,1,86.1,0.69,This Month,49.8,2,2,1,0,0
SMMS04643,High,5.5,30,24.2,4,49.9,0.74,This Week,65.3,3,3,1,0,0
SMMS04644,High,7.4,30,22.3,3,34.0,0.71,This Week,70.7,3,3,1,0,0
SMMS04645,Medium,5.6,60,3.5,0,46.1,0.73,This Month,49.9,2,2,1,0,0
SMMS04646,Medium,7.7,60,5.5,1,28.0,0.52,This Month,47.2,2,2,1,0,0
SMMS04647,Medium,5.8,60,15.8,2,33.2,0.84,This Month,51.7,2,2,1,0,0
SMMS04648,Medium,5.3,0,13.6,1,26.3,0.79,This Month,42.2,2,2,1,0,0
SMMS04649,Medium,7.1,60,11.2,0,38.4,0.75,This Week,57.1,2,3,1,0,0
SMMS04650,Medium,3.9,60,2.0,1,58.8,0.73,This Month,47.9,2,2,1,0,0
SMMS04651,High,7.3,30,15.3,5,58.7,0.72,This Week,56.6,3,3,1,0,0
SMMS04652,Medium,7.8,60,17.5,1,30.6,0.62,This Month,48.8,2,2,1,0,0
SMMS04653,Low,2.0,0,14.8,1,31.3,0.76,Programmed,32.3,1,1,1,0,0
SMMS04654,Medium,4.6,44,16.5,3,32.5,0.63,This Month,54.8,2,2,1,0,0
SMMS04655,Medium,4.3,60,2.9,3,57.1,0.89,This Month,50.3,2,2,1,0,0
SMMS04656,Medium,4.8,60,21.5,0,82.8,0.61,This Week,56.7,2,3,1,0,0
SMMS04657,Medium,6.5,60,18.0,2,47.1,0.75,This Week,55.7,2,3,1,0,0
SMMS04658,Medium,2.8,60,11.9,1,59.7,0.7,This Week,55.1,2,3,1,0,0
SMMS04659,Low,5.4,90,16.2,2,25.2,0.95,This Month,47.2,1,2,1,0,0
SMMS04660,High,8.1,30,19.8,2,35.4,0.9,This Week,56.0,3,3,1,0,0
SMMS04661,Medium,2.7,60,16.7,1,39.5,0.68,This Month,54.6,2,2,1,0,0
SMMS04662,Low,2.3,90,10.9,1,20.3,0.68,This Month,51.1,1,2,1,0,0
SMMS04663,Critical,6.2,10,22.8,0,72.2,0.75,Immediate,59.5,4,4,1,0,0
SMMS04664,Low,5.1,90,10.7,1,29.7,0.67,This Month,49.8,1,2,1,0,0
SMMS04665,Medium,5.9,60,23.4,1,27.2,0.64,This Month,49.7,2,2,1,0,0
SMMS04666,Low,5.2,4,22.6,3,52.6,0.96,This Month,38.8,1,2,1,0,0
SMMS04667,Medium,7.5,0,9.2,0,34.7,0.7,Programmed,23.7,2,1,1,0,0
SMMS04668,Medium,7.1,60,23.4,3,28.1,0.77,This Week,61.0,2,3,1,0,0
SMMS04669,Low,3.0,0,3.7,0,21.8,0.77,Programmed,18.0,1,1,1,0,0
SMMS04670,Low,1.9,90,11.0,3,36.5,0.85,This Month,54.4,1,2,1,0,0
SMMS04671,High,9.7,30,18.4,2,51.0,0.79,This Week,57.1,3,3,1,0,0
SMMS04672,Medium,3.0,60,2.2,1,54.4,0.74,This Month,40.4,2,2,1,0,0
SMMS04673,Low,4.7,90,1.7,1,25.9,0.79,This Month,54.6,1,2,1,0,0
SMMS04674,High,5.1,30,24.5,2,35.8,0.81,This Month,54.0,3,2,1,0,0
SMMS04675,Medium,4.8,60,18.3,0,37.5,0.78,This Week,64.0,2,3,1,0,0
SMMS04676,Medium,2.2,60,5.9,1,29.7,0.7,This Month,47.1,2,2,1,0,0
SMMS04677,Low,2.1,78,1.7,0,87.0,0.76,This Month,39.7,1,2,1,0,0
SMMS04678,Medium,8.0,60,17.8,4,41.7,0.62,This Week,58.7,2,3,1,0,0
SMMS04679,Critical,8.9,10,3.8,2,69.3,0.88,Immediate,63.5,4,4,1,0,0
SMMS04680,Medium,0.9,60,19.1,3,83.6,0.76,This Week,60.3,2,3,1,0,0
SMMS04681,Medium,6.8,60,15.9,0,79.9,0.71,This Month,54.4,2,2,1,0,0
SMMS04682,Low,6.2,36,17.6,0,53.0,0.79,Programmed,27.9,1,1,1,0,0
SMMS04683,Low,1.0,90,3.9,3,23.6,0.7,This Month,53.9,1,2,1,0,0
SMMS04684,Critical,6.7,10,16.8,0,72.2,0.72,Immediate,66.1,4,4,1,0,0
SMMS04685,Medium,5.4,60,13.4,0,63.4,0.59,This Month,46.8,2,2,1,0,0
SMMS04686,Low,2.9,0,15.4,2,32.9,0.97,Programmed,28.7,1,1,1,0,0
SMMS04687,Medium,4.1,60,22.4,2,33.9,0.6,This Month,54.9,2,2,1,0,0
SMMS04688,Medium,8.8,60,1.3,0,40.0,0.7,This Month,46.4,2,2,1,0,0
SMMS04689,Critical,9.0,10,6.6,1,45.3,0.73,Immediate,50.6,4,4,1,0,0
SMMS04690,Medium,2.3,60,13.8,2,21.4,0.71,This Month,54.0,2,2,1,0,0
SMMS04691,High,5.3,30,2.3,1,32.8,0.75,This Month,52.1,3,2,1,0,0
SMMS04692,Critical,6.8,10,17.0,2,56.3,0.91,Immediate,65.0,4,4,1,0,0
SMMS04693,Medium,3.5,45,6.0,1,50.8,0.51,This Month,42.4,2,2,1,0,0
SMMS04694,Low,4.4,52,1.6,0,57.1,0.78,Programmed,32.7,1,1,1,0,0
SMMS04695,High,11.0,30,12.0,4,53.6,0.8,This Month,52.4,3,2,1,0,0
SMMS04696,Critical,9.8,10,18.0,3,43.2,0.9,Immediate,54.7,4,4,1,0,0
SMMS04697,Critical,12.7,10,17.4,4,44.4,0.99,Immediate,58.3,4,4,1,0,0
SMMS04698,Medium,3.8,60,15.6,2,30.9,0.72,This Month,52.4,2,2,1,0,0
SMMS04699,Low,8.7,82,23.1,1,32.1,0.66,This Month,43.1,1,2,1,0,0
SMMS04700,High,9.5,6,6.4,2,44.4,0.93,This Week,55.2,3,3,1,0,0
SMMS04701,Low,4.3,90,12.1,2,12.4,0.89,This Week,56.4,1,3,1,0,0
SMMS04702,Medium,6.8,60,6.5,0,72.4,0.63,This Month,40.4,2,2,1,0,0
SMMS04703,High,6.4,30,4.9,2,62.5,0.66,This Month,52.9,3,2,1,0,0
SMMS04704,High,4.3,30,2.2,1,35.3,0.72,This Month,42.7,3,2,1,0,0
SMMS04705,Critical,9.5,10,16.0,1,36.2,0.75,Immediate,57.8,4,4,1,0,0
SMMS04706,Medium,4.7,60,3.8,0,26.6,0.71,This Month,45.6,2,2,1,0,0
SMMS04707,Medium,4.7,60,8.5,4,52.5,0.82,This Month,52.6,2,2,1,0,0
SMMS04708,Medium,5.3,60,6.1,1,61.8,0.69,This Month,51.5,2,2,1,0,0
SMMS04709,High,5.9,30,15.9,3,36.5,0.89,This Week,58.4,3,3,1,0,0
SMMS04710,High,8.7,30,21.1,4,29.2,0.79,This Week,64.7,3,3,1,0,0
SMMS04711,Low,3.1,77,18.6,5,25.0,0.87,This Month,54.0,1,2,1,0,0
SMMS04712,Medium,3.4,54,17.5,2,29.1,0.84,This Month,49.0,2,2,1,0,0
SMMS04713,Medium,4.7,60,1.0,0,54.7,0.71,This Month,41.1,2,2,1,0,0
SMMS04714,Medium,5.3,4,8.1,2,84.5,0.85,Programmed,34.0,2,1,1,0,0
SMMS04715,Medium,7.6,0,8.7,2,52.3,0.95,This Month,36.7,2,2,1,0,0
SMMS04716,High,8.7,30,11.9,1,41.7,0.72,This Week,56.4,3,3,1,0,0
SMMS04717,Medium,3.8,60,17.3,4,45.9,0.77,This Month,54.2,2,2,1,0,0
SMMS04718,Low,5.6,90,11.7,2,25.7,0.7,This Month,45.4,1,2,1,0,0
SMMS04719,High,5.4,30,1.8,0,67.0,0.68,This Month,45.2,3,2,1,0,0
SMMS04720,Critical,5.8,10,13.5,0,75.3,0.58,Immediate,58.3,4,4,1,0,0
SMMS04721,High,8.9,7,2.0,0,44.4,0.71,This Month,36.7,3,2,1,0,0
SMMS04722,High,4.7,30,16.3,1,77.2,0.59,This Week,61.7,3,3,1,0,0
SMMS04723,High,7.1,0,7.4,1,32.1,0.89,This Month,44.5,3,2,1,0,0
SMMS04724,Low,4.7,90,24.0,6,49.1,0.85,This Week,59.1,1,3,1,0,0
SMMS04725,High,6.0,30,20.5,2,38.5,0.62,This Week,62.4,3,3,1,0,0
SMMS04726,Medium,4.1,60,9.8,1,66.4,0.68,This Month,54.2,2,2,1,0,0
SMMS04727,Medium,9.3,60,12.7,3,76.8,0.71,This Month,43.0,2,2,1,0,0
SMMS04728,High,7.6,30,6.5,3,45.6,0.69,This Week,55.0,3,3,1,0,0
SMMS04729,Medium,6.2,60,8.8,1,55.2,0.59,This Month,48.3,2,2,1,0,0
SMMS04730,High,4.8,30,14.5,1,52.9,0.76,This Month,53.4,3,2,1,0,0
SMMS04731,Low,4.3,60,9.0,4,22.2,0.63,This Month,46.9,1,2,1,0,0
SMMS04732,Medium,7.9,60,1.1,2,35.4,0.87,This Month,44.4,2,2,1,0,0
SMMS04733,Low,2.6,11,24.0,1,20.9,0.87,This Month,38.1,1,2,1,0,0
SMMS04734,High,10.5,30,9.9,0,66.1,0.79,This Month,48.5,3,2,1,0,0
SMMS04735,Critical,10.0,10,3.3,2,41.4,0.95,Immediate,58.3,4,4,1,0,0
SMMS04736,Medium,3.7,60,10.1,1,33.4,0.68,This Month,54.0,2,2,1,0,0
SMMS04737,Low,2.3,0,15.5,4,34.4,0.94,Programmed,28.4,1,1,1,0,0
SMMS04738,Low,3.3,22,20.8,1,23.0,0.68,This Month,37.0,1,2,1,0,0
SMMS04739,Critical,7.8,10,21.5,3,75.4,0.87,Immediate,62.7,4,4,1,0,0
SMMS04740,Medium,6.2,60,2.1,0,31.1,0.74,This Month,48.7,2,2,1,0,0
SMMS04741,Low,4.5,90,17.7,5,24.7,0.69,This Month,52.9,1,2,1,0,0
SMMS04742,High,5.7,30,11.7,2,44.3,0.69,This Week,61.3,3,3,1,0,0
SMMS04743,Critical,8.5,10,9.2,0,44.2,0.89,Immediate,61.0,4,4,1,0,0
SMMS04744,Medium,5.3,60,5.4,2,30.3,0.79,This Week,57.9,2,3,1,0,0
SMMS04745,Low,5.8,0,23.4,4,17.0,0.91,Programmed,31.0,1,1,1,0,0
SMMS04746,Low,2.5,90,9.1,2,35.5,0.84,This Month,47.3,1,2,1,0,0
SMMS04747,Low,2.9,0,23.5,0,27.6,0.8,Programmed,29.6,1,1,1,0,0
SMMS04748,Low,4.6,0,3.1,0,30.4,0.85,Programmed,21.9,1,1,1,0,0
SMMS04749,Low,3.0,90,21.5,1,28.0,0.8,This Month,50.2,1,2,1,0,0
SMMS04750,Medium,3.8,60,5.7,3,38.3,0.72,This Month,48.6,2,2,1,0,0
SMMS04751,High,4.3,30,24.3,2,41.0,0.71,This Week,63.6,3,3,1,0,0
SMMS04752,Low,5.6,90,20.3,4,16.5,0.71,This Month,50.9,1,2,1,0,0
SMMS04753,Critical,10.1,10,7.4,2,47.8,0.94,Immediate,55.8,4,4,1,0,0
SMMS04754,High,7.2,30,18.5,3,32.5,0.76,This Week,59.1,3,3,1,0,0
SMMS04755,Medium,5.7,60,4.5,0,67.6,0.64,This Month,49.1,2,2,1,0,0
SMMS04756,Low,4.0,90,5.0,3,18.5,0.91,This Month,42.3,1,2,1,0,0
SMMS04757,High,5.2,30,10.1,2,34.1,0.87,This Month,51.1,3,2,1,0,0
SMMS04758,Low,7.1,90,24.9,0,56.6,0.74,This Month,54.6,1,2,1,0,0
SMMS04759,High,5.9,30,13.8,3,81.4,0.77,This Week,64.0,3,3,1,0,0
SMMS04760,Medium,4.3,17,10.2,1,43.9,0.7,This Month,40.1,2,2,1,0,0
SMMS04761,Low,4.1,0,1.5,2,61.6,0.84,Programmed,15.5,1,1,1,0,0
SMMS04762,Medium,8.0,60,12.4,2,49.9,0.75,This Month,45.3,2,2,1,0,0
SMMS04763,High,5.1,30,18.9,2,41.2,0.86,This Month,53.2,3,2,1,0,0
SMMS04764,Low,3.1,90,15.8,1,56.4,0.58,This Month,52.5,1,2,1,0,0
SMMS04765,Medium,11.7,20,7.8,1,36.7,0.62,This Month,42.5,2,2,1,0,0
SMMS04766,High,5.2,30,7.3,1,68.7,0.73,This Month,44.7,3,2,1,0,0
SMMS04767,Low,3.9,90,15.3,4,16.9,0.73,This Week,57.3,1,3,1,0,0
SMMS04768,Low,5.1,42,18.1,0,22.3,0.61,This Month,40.7,1,2,1,0,0
SMMS04769,Low,2.2,34,20.4,0,12.2,0.85,This Month,36.5,1,2,1,0,0
SMMS04770,Medium,6.0,10,3.2,0,29.8,0.87,Programmed,25.3,2,1,1,0,0
SMMS04771,Medium,4.2,60,24.2,2,35.5,0.79,This Week,55.4,2,3,1,0,0
SMMS04772,Critical,9.2,10,17.2,1,53.6,0.84,Immediate,60.8,4,4,1,0,0
SMMS04773,Low,8.2,68,17.6,0,25.3,0.82,This Month,45.5,1,2,1,0,0
SMMS04774,High,9.5,30,24.2,3,62.6,0.8,This Week,62.3,3,3,1,0,0
SMMS04775,Low,3.3,90,8.4,0,25.4,0.73,This Month,40.4,1,2,1,0,0
SMMS04776,Low,4.5,90,13.5,3,28.6,0.83,This Month,48.4,1,2,1,0,0
SMMS04777,High,4.5,30,17.3,2,56.5,0.64,This Week,60.0,3,3,1,0,0
SMMS04778,Medium,7.2,60,20.3,1,61.5,0.64,This Week,58.2,2,3,1,0,0
SMMS04779,Medium,5.9,60,18.4,1,49.5,0.58,This Month,54.1,2,2,1,0,0
SMMS04780,High,8.2,30,9.3,3,66.3,0.85,This Month,53.0,3,2,1,0,0
SMMS04781,Medium,6.6,14,6.6,0,53.3,0.88,Programmed,33.2,2,1,1,0,0
SMMS04782,High,7.5,30,9.6,1,70.6,0.6,This Month,47.4,3,2,1,0,0
SMMS04783,Medium,5.0,0,9.5,0,33.7,0.82,Programmed,33.2,2,1,1,0,0
SMMS04784,High,8.2,30,2.6,0,24.7,0.64,This Month,47.7,3,2,1,0,0
SMMS04785,Low,1.7,90,8.5,3,52.2,0.82,This Month,52.1,1,2,1,0,0
SMMS04786,Low,5.0,90,3.8,1,32.9,0.71,This Month,49.0,1,2,1,0,0
SMMS04787,Low,4.5,90,9.7,2,49.0,0.84,This Month,40.7,1,2,1,0,0
SMMS04788,Medium,7.2,60,3.8,0,36.4,0.75,This Week,58.7,2,3,1,0,0
SMMS04789,High,6.8,0,9.3,1,37.3,0.75,This Month,44.2,3,2,1,0,0
SMMS04790,Medium,5.9,0,8.2,1,56.9,0.77,Programmed,30.1,2,1,1,0,0
SMMS04791,Low,6.1,90,15.4,2,47.9,0.89,This Week,58.0,1,3,1,0,0
SMMS04792,Medium,8.3,60,19.8,2,53.7,0.79,This Week,61.6,2,3,1,0,0
SMMS04793,Medium,8.6,60,22.3,8,20.7,0.72,This Week,66.3,2,3,1,0,0
SMMS04794,Low,6.1,90,17.4,5,22.2,0.75,This Week,56.0,1,3,1,0,0
SMMS04795,Medium,2.8,30,16.1,3,33.6,0.72,This Month,53.7,2,2,1,0,0
SMMS04796,High,6.8,30,23.3,2,34.2,0.85,This Week,58.4,3,3,1,0,0
SMMS04797,High,4.6,30,8.9,1,37.8,0.71,This Month,46.3,3,2,1,0,0
SMMS04798,Medium,9.3,60,12.9,3,29.3,0.69,This Week,59.5,2,3,1,0,0
SMMS04799,Low,3.4,90,2.2,2,22.5,0.87,This Month,45.2,1,2,1,0,0
SMMS04800,Medium,9.0,60,24.0,5,30.7,0.86,This Week,56.8,2,3,1,0,0
SMMS04801,Low,1.9,90,12.7,1,51.0,0.54,This Month,50.9,1,2,1,0,0
SMMS04802,Critical,10.1,10,15.8,2,42.6,0.73,Immediate,66.1,4,4,1,0,0
SMMS04803,Low,2.0,90,6.3,1,22.1,0.59,This Month,45.9,1,2,1,0,0
SMMS04804,Low,10.2,90,20.8,1,22.0,0.74,This Week,58.3,1,3,1,0,0
SMMS04805,Medium,4.6,60,1.6,0,29.3,0.77,This Month,45.3,2,2,1,0,0
SMMS04806,Critical,8.0,10,12.9,2,51.8,0.86,Immediate,62.6,4,4,1,0,0
SMMS04807,High,3.8,25,8.5,0,44.1,0.65,This Month,52.2,3,2,1,0,0
SMMS04808,Low,5.1,90,10.5,1,31.2,0.67,This Month,49.3,1,2,1,0,0
SMMS04809,High,8.9,30,19.1,0,35.4,0.72,This Month,51.3,3,2,1,0,0
SMMS04810,Medium,4.9,29,14.6,1,26.7,0.83,This Month,50.4,2,2,1,0,0
SMMS04811,Low,4.7,90,12.3,2,49.1,0.74,This Week,55.7,1,3,1,0,0
SMMS04812,Low,1.0,50,16.9,3,25.7,0.73,This Month,47.1,1,2,1,0,0
SMMS04813,Medium,5.4,60,11.1,3,42.3,0.72,This Month,50.0,2,2,1,0,0
SMMS04814,Medium,3.7,60,20.5,2,40.8,0.75,This Week,55.0,2,3,1,0,0
SMMS04815,Low,3.0,90,20.8,2,65.1,0.73,This Week,57.6,1,3,1,0,0
SMMS04816,Medium,5.5,60,20.6,3,32.2,0.68,This Month,50.1,2,2,1,0,0
SMMS04817,High,6.5,30,9.4,0,57.8,0.7,This Week,56.2,3,3,1,0,0
SMMS04818,Low,3.6,20,16.2,4,73.4,0.72,This Month,39.0,1,2,1,0,0
SMMS04819,Medium,5.0,60,24.6,2,24.8,0.88,This Week,58.3,2,3,1,0,0
SMMS04820,Low,3.0,42,1.3,2,19.9,0.71,This Month,36.7,1,2,1,0,0
SMMS04821,High,11.8,30,15.6,1,35.7,0.74,This Week,57.3,3,3,1,0,0
SMMS04822,Medium,4.9,60,14.7,6,63.2,0.68,This Week,57.8,2,3,1,0,0
SMMS04823,Low,4.8,90,11.0,2,25.6,0.78,This Month,49.9,1,2,1,0,0
SMMS04824,Critical,6.6,10,4.7,1,39.5,0.87,Immediate,54.1,4,4,1,0,0
SMMS04825,Low,4.2,90,19.1,3,25.7,0.9,This Week,55.4,1,3,1,0,0
SMMS04826,Low,7.8,90,9.0,2,55.1,0.86,This Month,54.4,1,2,1,0,0
SMMS04827,Critical,6.1,10,21.4,3,53.3,0.81,Immediate,64.1,4,4,1,0,0
SMMS04828,High,6.5,30,7.0,4,53.6,0.91,This Month,51.2,3,2,1,0,0
SMMS04829,Medium,6.5,60,14.0,4,54.9,0.95,This Month,51.3,2,2,1,0,0
SMMS04830,High,6.2,30,15.2,2,41.1,0.79,This Week,62.2,3,3,1,0,0
SMMS04831,Low,4.1,90,2.8,1,51.4,0.52,This Month,50.3,1,2,1,0,0
SMMS04832,Critical,7.5,10,13.7,6,73.8,0.79,Immediate,69.5,4,4,1,0,0
SMMS04833,High,5.3,30,13.1,1,38.3,0.71,This Month,52.4,3,2,1,0,0
SMMS04834,Medium,4.5,60,8.7,4,50.4,0.6,This Week,58.7,2,3,1,0,0
SMMS04835,High,7.3,30,4.2,1,39.8,0.83,This Week,56.2,3,3,1,0,0
SMMS04836,Low,7.3,90,22.9,1,30.7,0.62,This Week,57.9,1,3,1,0,0
SMMS04837,Low,4.7,90,2.5,2,54.4,0.77,This Month,46.8,1,2,1,0,0
SMMS04838,Medium,4.6,55,10.5,1,66.7,0.71,This Month,44.0,2,2,1,0,0
SMMS04839,High,7.7,30,21.5,3,52.7,0.75,This Week,57.7,3,3,1,0,0
SMMS04840,Medium,4.1,56,18.4,5,31.8,0.75,This Week,62.6,2,3,1,0,0
SMMS04841,Medium,4.8,60,22.0,2,32.6,0.78,This Week,56.5,2,3,1,0,0
SMMS04842,Medium,6.6,39,4.2,2,33.8,0.62,This Month,49.4,2,2,1,0,0
SMMS04843,Critical,6.3,10,5.2,1,71.8,0.87,Immediate,50.9,4,4,1,0,0
SMMS04844,High,7.3,26,13.9,2,63.7,0.85,This Week,60.3,3,3,1,0,0
SMMS04845,Critical,9.1,10,14.1,1,41.8,0.87,Immediate,59.7,4,4,1,0,0
SMMS04846,Low,2.0,0,3.4,0,43.6,0.79,Programmed,20.4,1,1,1,0,0
SMMS04847,Medium,4.4,60,23.7,2,32.3,0.71,This Week,59.6,2,3,1,0,0
SMMS04848,Critical,8.3,10,6.0,0,46.3,0.74,Immediate,57.9,4,4,1,0,0
SMMS04849,High,3.6,30,23.9,4,36.7,0.77,This Week,58.0,3,3,1,0,0
SMMS04850,Low,5.4,90,23.0,2,36.8,0.79,This Month,51.9,1,2,1,0,0
SMMS04851,Medium,3.9,49,9.2,0,27.2,0.72,This Month,42.8,2,2,1,0,0
SMMS04852,High,11.2,30,6.1,1,80.9,0.72,This Month,47.4,3,2,1,0,0
SMMS04853,Critical,7.0,10,4.8,1,36.6,0.82,Immediate,48.3,4,4,1,0,0
SMMS04854,Medium,3.9,60,9.2,0,31.9,0.56,This Month,51.8,2,2,1,0,0
SMMS04855,Critical,8.6,10,3.1,3,41.7,0.87,Immediate,61.8,4,4,1,0,0
SMMS04856,Medium,4.5,60,15.1,1,60.0,0.67,This Month,49.3,2,2,1,0,0
SMMS04857,Low,2.4,0,16.7,5,44.0,0.81,Programmed,26.3,1,1,1,0,0
SMMS04858,Critical,4.6,10,3.4,2,36.8,0.83,Immediate,64.1,4,4,1,0,0
SMMS04859,High,7.9,0,22.1,2,97.5,0.88,This Month,44.7,3,2,1,0,0
SMMS04860,High,7.4,30,9.0,1,48.9,0.77,This Month,49.0,3,2,1,0,0
SMMS04861,Medium,5.8,53,11.5,1,50.5,0.49,This Month,48.3,2,2,1,0,0
SMMS04862,Medium,6.3,60,19.3,1,28.1,0.81,This Week,57.5,2,3,1,0,0
SMMS04863,High,5.7,30,19.2,4,25.2,0.91,This Week,57.3,3,3,1,0,0
SMMS04864,Medium,6.5,60,20.9,5,31.4,0.68,This Week,55.7,2,3,1,0,0
SMMS04865,High,10.6,30,14.0,1,67.8,0.75,This Week,62.1,3,3,1,0,0
SMMS04866,High,7.1,30,1.1,0,44.4,0.75,This Month,47.3,3,2,1,0,0
SMMS04867,Low,5.3,90,22.6,2,61.1,0.9,This Week,56.1,1,3,1,0,0
SMMS04868,Medium,6.5,60,13.1,0,77.7,0.68,This Month,51.5,2,2,1,0,0
SMMS04869,Medium,3.6,60,20.6,3,25.4,0.74,This Week,58.9,2,3,1,0,0
SMMS04870,Low,3.7,17,10.3,2,46.1,0.85,Programmed,29.0,1,1,1,0,0
SMMS04871,Medium,5.5,60,4.8,2,32.0,0.91,This Month,54.0,2,2,1,0,0
SMMS04872,Medium,5.0,60,14.5,3,42.8,0.78,This Month,54.4,2,2,1,0,0
SMMS04873,Low,7.0,90,3.3,3,30.0,0.7,This Month,43.1,1,2,1,0,0
SMMS04874,Medium,4.8,60,20.3,2,29.2,0.87,This Week,66.0,2,3,1,0,0
SMMS04875,Low,3.8,90,24.7,2,23.8,0.85,This Month,54.2,1,2,1,0,0
SMMS04876,Low,3.1,90,12.4,2,46.9,0.88,This Month,50.3,1,2,1,0,0
SMMS04877,Medium,3.8,60,24.6,6,32.9,0.83,This Week,60.5,2,3,1,0,0
SMMS04878,High,5.1,30,17.9,1,55.4,0.75,This Month,47.6,3,2,1,0,0
SMMS04879,High,3.0,30,24.2,2,63.5,0.85,This Week,57.2,3,3,1,0,0
SMMS04880,Medium,4.0,20,11.9,1,45.7,0.68,This Month,46.7,2,2,1,0,0
SMMS04881,Low,6.4,90,14.0,1,32.1,0.61,This Month,49.3,1,2,1,0,0
SMMS04882,Critical,9.0,10,12.1,0,68.8,0.7,Immediate,59.7,4,4,1,0,0
SMMS04883,Low,4.3,24,9.8,1,49.1,0.67,Programmed,21.6,1,1,1,0,0
SMMS04884,Medium,5.4,60,9.2,2,31.3,0.85,This Week,56.7,2,3,1,0,0
SMMS04885,Medium,6.1,60,1.6,2,34.0,0.73,This Month,54.7,2,2,1,0,0
SMMS04886,Medium,5.8,60,5.1,1,57.3,0.71,This Week,55.7,2,3,1,0,0
SMMS04887,High,5.3,14,15.8,1,36.2,0.72,This Month,53.6,3,2,1,0,0
SMMS04888,Low,3.4,90,19.1,2,49.3,0.77,This Month,52.5,1,2,1,0,0
SMMS04889,High,7.4,30,19.4,2,40.7,0.84,This Month,52.3,3,2,1,0,0
SMMS04890,Critical,9.0,10,6.1,1,52.4,0.83,Immediate,56.5,4,4,1,0,0
SMMS04891,Medium,2.7,60,7.5,2,75.3,0.76,This Month,50.8,2,2,1,0,0
SMMS04892,Medium,4.6,60,17.1,2,40.8,0.84,This Week,55.7,2,3,1,0,0
SMMS04893,Medium,5.5,60,12.3,2,65.1,0.84,This Month,47.4,2,2,1,0,0
SMMS04894,Medium,5.1,60,14.3,1,26.8,0.71,This Week,55.7,2,3,1,0,0
SMMS04895,High,6.2,3,5.9,1,35.8,0.75,This Month,42.3,3,2,1,0,0
SMMS04896,Low,2.1,90,4.4,1,25.6,0.64,This Month,50.1,1,2,1,0,0
SMMS04897,Critical,5.3,10,19.7,1,51.5,0.87,Immediate,55.5,4,4,1,0,0
SMMS04898,Medium,1.6,60,17.7,3,16.4,0.86,This Week,55.7,2,3,1,0,0
SMMS04899,Low,2.6,0,1.1,1,45.8,0.77,Programmed,19.5,1,1,1,0,0
SMMS04900,Medium,2.4,60,20.4,4,31.1,0.78,This Week,61.5,2,3,1,0,0
SMMS04901,Critical,9.3,10,17.1,1,69.8,0.71,Immediate,66.8,4,4,1,0,0
SMMS04902,Critical,8.4,10,9.2,0,46.8,0.7,Immediate,56.6,4,4,1,0,0
SMMS04903,High,5.8,9,16.3,1,43.7,0.99,This Month,47.4,3,2,1,0,0
SMMS04904,Medium,4.9,60,23.7,2,54.9,0.76,This Week,57.7,2,3,1,0,0
SMMS04905,High,7.4,30,10.2,4,66.2,0.8,This Week,57.7,3,3,1,0,0
SMMS04906,High,6.4,30,20.2,0,67.3,0.56,This Week,56.2,3,3,1,0,0
SMMS04907,High,5.9,30,2.8,1,39.1,0.54,This Month,52.7,3,2,1,0,0
SMMS04908,Low,5.2,90,4.6,0,44.8,0.51,This Month,46.6,1,2,1,0,0
SMMS04909,Medium,5.2,60,23.2,2,47.2,0.82,This Month,54.6,2,2,1,0,0
SMMS04910,High,6.2,30,8.7,1,54.9,0.71,This Month,54.5,3,2,1,0,0
SMMS04911,Low,4.0,90,14.5,1,20.8,0.6,This Month,51.6,1,2,1,0,0
SMMS04912,Medium,5.0,60,17.6,2,57.6,0.64,This Week,62.3,2,3,1,0,0
SMMS04913,Low,4.5,90,15.8,4,30.0,0.75,This Week,57.7,1,3,1,0,0
SMMS04914,Medium,5.1,60,17.7,4,46.8,0.67,This Week,61.9,2,3,1,0,0
SMMS04915,Critical,12.3,10,21.8,2,92.5,0.95,Immediate,65.4,4,4,1,0,0
SMMS04916,Medium,6.0,60,13.6,1,57.4,0.79,This Month,42.3,2,2,1,0,0
SMMS04917,Medium,4.5,60,2.5,0,28.1,0.6,This Month,52.3,2,2,1,0,0
SMMS04918,Critical,5.5,10,3.8,0,42.9,0.74,Immediate,59.6,4,4,1,0,0
SMMS04919,Low,4.3,77,3.3,4,35.8,0.76,This Month,42.0,1,2,1,0,0
SMMS04920,Low,3.6,0,9.2,3,13.7,0.91,Programmed,18.7,1,1,1,0,0
SMMS04921,High,3.7,30,15.7,1,56.1,0.78,This Week,56.1,3,3,1,0,0
SMMS04922,High,4.3,30,1.4,1,43.5,0.68,This Month,53.4,3,2,1,0,0
SMMS04923,Low,4.9,90,13.0,1,24.1,0.66,This Week,56.5,1,3,1,0,0
SMMS04924,Medium,8.1,56,7.7,4,23.5,0.79,This Month,48.0,2,2,1,0,0
SMMS04925,High,4.1,30,8.2,3,62.8,0.74,This Week,58.2,3,3,1,0,0
SMMS04926,High,4.2,30,15.4,1,35.2,0.64,This Week,57.8,3,3,1,0,0
SMMS04927,High,8.1,30,14.9,0,62.1,0.63,This Month,53.6,3,2,1,0,0
SMMS04928,Medium,5.1,0,2.9,0,32.3,0.83,Programmed,25.1,2,1,1,0,0
SMMS04929,High,7.0,30,13.6,1,36.2,0.76,This Month,44.0,3,2,1,0,0
SMMS04930,Medium,4.8,60,5.0,2,64.0,0.88,This Month,46.0,2,2,1,0,0
SMMS04931,Low,1.7,90,24.9,4,54.8,0.72,This Month,53.4,1,2,1,0,0
SMMS04932,High,4.9,30,9.1,0,74.9,0.8,This Week,57.7,3,3,1,0,0
SMMS04933,Low,5.5,90,15.5,3,53.1,0.85,This Month,53.4,1,2,1,0,0
SMMS04934,Critical,4.5,10,5.6,1,45.9,0.6,Immediate,61.5,4,4,1,0,0
SMMS04935,Medium,6.3,60,15.0,3,46.1,0.77,This Week,59.6,2,3,1,0,0
SMMS04936,Medium,4.2,60,15.7,3,31.3,0.6,This Week,56.1,2,3,1,0,0
SMMS04937,Medium,2.3,60,12.0,1,58.2,0.7,This Month,48.5,2,2,1,0,0
SMMS04938,High,3.8,30,21.6,1,31.7,0.69,This Month,51.1,3,2,1,0,0
SMMS04939,Low,4.3,90,20.3,2,33.0,0.71,This Month,52.2,1,2,1,0,0
SMMS04940,Critical,6.3,10,8.1,1,60.7,0.83,Immediate,61.0,4,4,1,0,0
SMMS04941,Medium,3.9,60,22.7,3,32.3,0.69,This Week,62.9,2,3,1,0,0
SMMS04942,High,6.0,30,23.5,1,56.0,0.93,This Month,52.8,3,2,1,0,0
SMMS04943,Low,4.0,90,9.9,0,21.9,0.63,This Month,46.5,1,2,1,0,0
SMMS04944,Critical,6.7,10,13.8,5,37.9,0.81,Immediate,64.6,4,4,1,0,0
SMMS04945,Critical,6.5,10,8.7,0,41.1,0.82,Immediate,57.7,4,4,1,0,0
SMMS04946,High,6.9,30,9.6,2,32.6,0.8,This Week,58.6,3,3,1,0,0
SMMS04947,Medium,3.3,0,18.6,3,35.0,0.85,This Month,36.0,2,2,1,0,0
SMMS04948,High,6.4,30,15.2,3,50.9,0.77,This Week,57.5,3,3,1,0,0
SMMS04949,Medium,6.6,60,13.6,2,24.0,0.65,This Month,50.3,2,2,1,0,0
SMMS04950,Medium,4.1,60,3.4,0,90.3,0.62,This Month,43.9,2,2,1,0,0
SMMS04951,High,6.3,30,7.5,2,34.1,0.76,This Month,51.3,3,2,1,0,0
SMMS04952,Medium,4.9,53,20.0,1,32.5,0.74,This Week,56.9,2,3,1,0,0
SMMS04953,High,3.5,30,8.4,2,42.3,0.75,This Month,53.5,3,2,1,0,0
SMMS04954,Medium,6.6,0,23.7,2,34.6,0.99,This Month,39.7,2,2,1,0,0
SMMS04955,Low,3.3,90,22.3,1,51.3,0.75,This Month,53.5,1,2,1,0,0
SMMS04956,High,6.6,30,24.2,2,31.7,0.78,This Month,51.0,3,2,1,0,0
SMMS04957,Low,4.5,90,2.1,0,34.6,0.66,This Month,47.5,1,2,1,0,0
SMMS04958,Low,7.7,35,4.6,0,25.2,0.65,Programmed,32.5,1,1,1,0,0
SMMS04959,Critical,5.7,10,6.5,1,32.9,0.82,Immediate,50.5,4,4,1,0,0
SMMS04960,Medium,3.2,60,13.2,3,62.6,0.75,This Month,54.5,2,2,1,0,0
SMMS04961,Low,6.0,27,11.0,0,82.5,0.7,Programmed,32.6,1,1,1,0,0
SMMS04962,High,5.3,30,15.1,4,36.9,0.68,This Week,62.6,3,3,1,0,0
SMMS04963,High,6.3,30,12.5,0,72.2,0.69,This Week,55.4,3,3,1,0,0
SMMS04964,High,7.7,30,13.2,1,41.6,0.62,This Month,52.8,3,2,1,0,0
SMMS04965,High,7.5,30,4.4,1,70.2,0.8,This Month,42.9,3,2,1,0,0
SMMS04966,High,5.3,30,24.3,3,41.2,0.85,This Week,60.5,3,3,1,0,0
SMMS04967,Low,7.5,90,14.9,0,51.5,0.74,This Month,48.7,1,2,1,0,0
SMMS04968,Low,2.7,90,17.4,2,39.3,0.56,This Week,58.6,1,3,1,0,0
SMMS04969,High,8.3,30,4.6,0,85.8,0.56,This Month,42.9,3,2,1,0,0
SMMS04970,Medium,6.3,60,22.9,1,60.2,0.55,This Week,55.9,2,3,1,0,0
SMMS04971,High,8.3,30,13.1,2,35.5,0.77,This Month,46.6,3,2,1,0,0
SMMS04972,High,9.9,30,21.7,4,39.1,0.84,This Month,50.5,3,2,1,0,0
SMMS04973,Low,4.5,90,13.1,1,24.2,0.68,This Month,51.8,1,2,1,0,0
SMMS04974,High,3.9,30,17.3,1,52.9,0.58,This Month,54.3,3,2,1,0,0
SMMS04975,Medium,5.6,0,22.2,4,35.7,0.9,This Month,43.7,2,2,1,0,0
SMMS04976,High,8.2,30,24.1,3,46.9,0.84,This Week,63.5,3,3,1,0,0
SMMS04977,Low,3.8,0,22.6,2,81.7,0.81,Programmed,30.9,1,1,1,0,0
SMMS04978,Low,4.1,90,7.3,0,25.5,0.67,This Month,41.2,1,2,1,0,0
SMMS04979,Medium,2.4,60,6.1,1,33.1,0.8,This Month,52.2,2,2,1,0,0
SMMS04980,Medium,6.7,60,21.1,3,56.0,0.84,This Week,59.8,2,3,1,0,0
SMMS04981,Medium,5.2,30,17.9,1,31.0,0.82,This Month,50.8,2,2,1,0,0
SMMS04982,Low,3.0,90,20.3,0,16.3,0.61,This Week,57.8,1,3,1,0,0
SMMS04983,Low,5.2,90,9.0,2,51.6,0.79,This Month,50.4,1,2,1,0,0
SMMS04984,Low,6.9,90,15.5,1,35.1,0.71,This Month,53.8,1,2,1,0,0
SMMS04985,Medium,3.8,60,13.5,4,28.9,0.72,This Month,51.1,2,2,1,0,0
SMMS04986,Critical,7.8,10,16.4,0,59.3,0.79,Immediate,54.8,4,4,1,0,0
SMMS04987,Medium,3.9,60,23.7,6,36.8,0.76,This Week,61.8,2,3,1,0,0
SMMS04988,Medium,5.8,60,16.8,1,36.1,0.73,This Month,50.5,2,2,1,0,0
SMMS04989,Medium,4.9,0,12.1,0,44.6,0.77,This Month,42.0,2,2,1,0,0
SMMS04990,Medium,3.5,60,2.9,2,54.1,0.83,This Month,47.1,2,2,1,0,0
SMMS04991,High,6.0,30,10.1,0,51.1,0.76,This Month,53.0,3,2,1,0,0
SMMS04992,Medium,6.3,60,13.4,1,25.4,0.66,This Month,52.1,2,2,1,0,0
SMMS04993,High,5.7,30,3.0,0,42.7,0.71,This Month,54.3,3,2,1,0,0
SMMS04994,Low,7.9,90,18.3,2,22.6,0.73,This Month,51.3,1,2,1,0,0
SMMS04995,High,6.9,30,9.2,1,41.0,0.6,This Week,58.5,3,3,1,0,0
SMMS04996,Medium,4.6,60,13.7,1,53.4,0.66,This Month,50.4,2,2,1,0,0
SMMS04997,Medium,3.8,60,8.5,2,41.6,0.83,This Month,52.1,2,2,1,0,0
SMMS04998,Medium,4.3,60,7.7,1,47.5,0.6,This Month,49.7,2,2,1,0,0
SMMS04999,Low,5.5,90,11.7,1,61.2,0.74,This Week,55.5,1,3,1,0,0
SMMS05000,Medium,6.8,42,16.5,1,33.4,0.83,This Week,55.7,2,3,1,0,0
SMMS05001,Low,7.2,47,18.9,3,49.6,0.84,This Month,41.2,1,2,1,0,0
SMMS05002,Medium,4.9,60,7.0,1,31.8,0.75,This Month,44.9,2,2,1,0,0
SMMS05003,Medium,2.8,60,9.8,2,26.6,0.81,This Month,46.6,2,2,1,0,0
SMMS05004,High,3.9,30,14.1,4,53.4,0.78,This Week,59.9,3,3,1,0,0
SMMS05005,High,8.4,30,10.6,2,39.2,0.76,This Week,60.1,3,3,1,0,0
SMMS05006,Medium,6.9,60,16.8,5,61.7,0.69,This Week,59.7,2,3,1,0,0
SMMS05007,High,4.7,30,24.0,4,34.1,0.7,This Week,63.7,3,3,1,0,0
SMMS05008,Medium,6.2,0,7.7,2,29.8,0.9,Programmed,30.9,2,1,1,0,0
SMMS05009,Medium,6.6,60,5.8,0,60.1,0.69,This Month,47.4,2,2,1,0,0
SMMS05010,Low,3.3,90,19.9,3,52.2,0.95,This Week,58.7,1,3,1,0,0
SMMS05011,Low,6.4,90,20.3,3,29.0,0.88,This Month,47.3,1,2,1,0,0
SMMS05012,Low,3.5,90,3.8,1,51.6,0.71,This Month,51.4,1,2,1,0,0
SMMS05013,Critical,10.6,9,5.7,1,43.7,0.8,Immediate,54.4,4,4,1,0,0
SMMS05014,Medium,4.7,60,18.5,2,34.5,0.77,This Month,52.3,2,2,1,0,0
SMMS05015,Medium,3.9,11,20.4,0,40.1,0.69,This Month,40.2,2,2,1,0,0
SMMS05016,Critical,9.8,10,9.5,0,40.0,0.85,Immediate,58.5,4,4,1,0,0
SMMS05017,Medium,6.6,60,9.1,1,31.9,0.79,This Week,60.0,2,3,1,0,0
SMMS05018,Medium,6.7,60,15.0,3,62.1,0.73,This Month,54.9,2,2,1,0,0
SMMS05019,Medium,3.7,60,11.1,1,35.6,0.56,This Week,56.4,2,3,1,0,0
SMMS05020,Critical,6.4,10,7.2,0,61.2,0.86,Immediate,58.4,4,4,1,0,0
SMMS05021,Low,4.0,90,13.0,1,27.4,0.57,This Month,49.1,1,2,1,0,0
SMMS05022,High,10.0,30,22.9,1,64.9,0.83,This Week,58.2,3,3,1,0,0
SMMS05023,Medium,6.9,60,20.7,2,32.1,0.76,This Week,57.7,2,3,1,0,0
SMMS05024,High,8.1,30,4.2,1,43.1,0.79,This Month,50.8,3,2,1,0,0
SMMS05025,High,3.7,30,21.0,3,62.3,0.59,This Week,59.4,3,3,1,0,0
SMMS05026,Low,4.4,90,5.1,1,26.0,0.65,This Month,45.7,1,2,1,0,0
SMMS05027,Medium,7.2,60,1.1,1,37.8,0.58,This Month,46.2,2,2,1,0,0
SMMS05028,Low,6.0,90,8.3,1,32.9,0.65,This Week,55.1,1,3,1,0,0
SMMS05029,Medium,4.2,60,10.9,1,29.4,0.7,This Month,49.1,2,2,1,0,0
SMMS05030,Medium,3.1,60,16.7,2,34.4,0.84,This Month,54.0,2,2,1,0,0
SMMS05031,Medium,6.5,60,22.6,1,58.8,0.8,This Week,63.8,2,3,1,0,0
SMMS05032,Medium,7.4,60,10.9,3,29.7,0.78,This Month,51.1,2,2,1,0,0
SMMS05033,Low,2.8,90,4.2,4,55.3,0.75,This Month,48.5,1,2,1,0,0
SMMS05034,Medium,10.0,60,6.6,0,89.4,0.65,This Month,45.4,2,2,1,0,0
SMMS05035,Low,8.9,90,19.1,2,56.5,0.81,This Month,53.0,1,2,1,0,0
SMMS05036,Low,4.4,90,8.5,0,62.3,0.76,This Month,54.1,1,2,1,0,0
SMMS05037,Low,3.8,42,19.6,2,21.2,0.74,This Month,41.4,1,2,1,0,0
SMMS05038,Medium,7.0,11,24.6,1,59.7,0.64,This Month,43.0,2,2,1,0,0
SMMS05039,Low,5.2,90,8.8,1,69.3,0.79,This Month,45.4,1,2,1,0,0
SMMS05040,Critical,7.4,10,24.1,3,44.0,0.83,Immediate,69.1,4,4,1,0,0
SMMS05041,Medium,3.9,60,23.3,2,90.1,0.77,This Month,52.6,2,2,1,0,0
SMMS05042,High,7.0,30,2.6,0,64.7,0.78,This Month,51.4,3,2,1,0,0
SMMS05043,High,6.0,30,3.3,2,28.2,0.69,This Month,47.3,3,2,1,0,0
SMMS05044,Medium,3.4,60,12.2,4,42.4,0.83,This Week,55.5,2,3,1,0,0
SMMS05045,Critical,11.6,10,8.3,1,44.3,0.81,Immediate,53.3,4,4,1,0,0
SMMS05046,Low,4.2,90,7.0,1,57.3,0.53,This Month,51.5,1,2,1,0,0
SMMS05047,Medium,5.1,60,1.6,1,38.0,0.81,This Month,49.0,2,2,1,0,0
SMMS05048,Medium,3.3,60,14.5,4,36.0,0.79,This Month,54.8,2,2,1,0,0
SMMS05049,High,4.4,30,5.6,0,35.5,0.8,This Month,48.4,3,2,1,0,0
SMMS05050,Low,5.4,90,1.3,0,27.3,0.77,This Month,48.1,1,2,1,0,0
SMMS05051,High,6.7,30,8.4,1,71.8,0.66,This Month,52.1,3,2,1,0,0
SMMS05052,High,7.3,30,13.8,2,59.5,0.86,This Week,58.6,3,3,1,0,0
SMMS05053,Low,1.0,90,24.8,0,49.8,0.91,This Week,55.5,1,3,1,0,0
SMMS05054,Medium,4.9,60,15.0,2,51.8,0.83,This Month,54.3,2,2,1,0,0
SMMS05055,High,7.9,4,14.5,2,37.5,0.89,This Month,47.3,3,2,1,0,0
SMMS05056,Medium,4.4,0,23.4,2,54.5,0.94,Programmed,34.8,2,1,1,0,0
SMMS05057,High,5.9,30,5.7,0,55.3,0.74,This Month,50.8,3,2,1,0,0
SMMS05058,Low,5.4,90,9.4,3,27.3,0.71,This Week,57.2,1,3,1,0,0
SMMS05059,High,4.9,30,5.0,0,35.8,0.76,This Month,48.4,3,2,1,0,0
SMMS05060,Medium,6.7,47,21.6,0,39.4,0.74,This Month,42.8,2,2,1,0,0
SMMS05061,Medium,3.0,60,18.8,1,34.2,0.7,This Month,54.5,2,2,1,0,0
SMMS05062,High,5.0,30,4.6,1,35.0,0.69,This Month,54.2,3,2,1,0,0
SMMS05063,Medium,1.5,60,11.7,1,81.8,0.64,This Month,50.7,2,2,1,0,0
SMMS05064,Medium,4.6,39,11.8,3,57.0,0.79,This Month,48.8,2,2,1,0,0
SMMS05065,Medium,7.2,60,7.4,2,51.8,0.81,This Month,44.8,2,2,1,0,0
SMMS05066,Critical,9.9,10,7.4,0,40.0,0.77,Immediate,57.1,4,4,1,0,0
SMMS05067,Medium,5.6,60,1.2,0,36.9,0.63,This Month,50.8,2,2,1,0,0
SMMS05068,Critical,9.2,10,19.0,1,45.0,0.73,Immediate,66.0,4,4,1,0,0
SMMS05069,Low,5.9,0,7.5,1,34.0,0.78,Programmed,25.9,1,1,1,0,0
SMMS05070,Low,3.5,90,22.1,3,58.3,0.83,This Week,56.4,1,3,1,0,0
SMMS05071,High,5.4,30,16.0,1,31.7,0.77,This Week,58.4,3,3,1,0,0
SMMS05072,Medium,7.4,60,5.5,0,79.0,0.67,This Month,48.3,2,2,1,0,0
SMMS05073,High,7.4,30,3.1,1,42.0,0.71,This Month,47.0,3,2,1,0,0
SMMS05074,Critical,7.2,10,21.0,2,42.5,0.83,Immediate,60.3,4,4,1,0,0
SMMS05075,Medium,2.7,41,6.7,1,27.4,0.75,This Month,49.7,2,2,1,0,0
SMMS05076,Medium,11.1,60,12.1,1,55.7,0.5,This Week,55.3,2,3,1,0,0
SMMS05077,Critical,8.5,10,5.7,2,35.2,0.83,Immediate,57.0,4,4,1,0,0
SMMS05078,Low,2.4,0,1.1,0,55.3,0.76,Programmed,19.7,1,1,1,0,0
SMMS05079,Medium,4.5,60,22.7,1,36.3,0.73,This Month,54.6,2,2,1,0,0
SMMS05080,Medium,5.4,60,16.7,1,33.9,0.57,This Week,57.9,2,3,1,0,0
SMMS05081,Low,6.7,90,24.0,2,54.4,0.81,This Week,56.8,1,3,1,0,0
SMMS05082,Low,4.8,90,4.6,1,42.5,0.67,This Month,49.7,1,2,1,0,0
SMMS05083,Low,1.2,90,2.9,1,53.3,0.65,This Month,41.1,1,2,1,0,0
SMMS05084,Medium,2.5,60,4.8,0,32.9,0.65,This Month,50.5,2,2,1,0,0
SMMS05085,Medium,5.5,60,9.1,3,36.8,0.73,This Week,59.4,2,3,1,0,0
SMMS05086,Medium,7.7,60,12.9,2,60.8,0.7,This Month,52.9,2,2,1,0,0
SMMS05087,Medium,6.9,57,19.7,2,83.7,0.87,This Week,55.1,2,3,1,0,0
SMMS05088,Medium,7.7,24,22.6,3,59.7,0.88,This Month,49.8,2,2,1,0,0
SMMS05089,Medium,5.5,60,6.6,1,31.9,0.64,This Month,50.4,2,2,1,0,0
SMMS05090,High,9.3,30,4.9,3,74.7,0.81,This Week,57.7,3,3,1,0,0
SMMS05091,High,6.2,30,10.9,0,56.8,0.8,This Month,53.5,3,2,1,0,0
SMMS05092,Low,2.6,90,6.4,0,17.1,0.65,This Month,48.4,1,2,1,0,0
SMMS05093,Medium,3.7,60,14.1,2,49.2,0.78,This Month,49.4,2,2,1,0,0
SMMS05094,Medium,5.1,60,1.5,1,53.4,0.71,This Month,49.2,2,2,1,0,0
SMMS05095,Critical,7.2,10,7.2,2,45.5,0.82,Immediate,57.2,4,4,1,0,0
SMMS05096,Low,9.9,90,2.6,2,46.5,0.8,This Month,49.0,1,2,1,0,0
SMMS05097,Low,5.0,90,11.6,3,41.7,0.61,This Month,44.9,1,2,1,0,0
SMMS05098,High,10.9,30,4.0,4,60.7,0.88,This Month,54.4,3,2,1,0,0
SMMS05099,Low,7.9,90,10.4,2,26.2,0.8,This Month,47.1,1,2,1,0,0
SMMS05100,Medium,3.1,60,22.3,0,52.1,0.57,This Week,60.9,2,3,1,0,0
SMMS05101,Medium,9.0,60,16.3,2,24.2,0.69,This Week,60.2,2,3,1,0,0
SMMS05102,High,4.7,12,22.8,2,38.3,0.96,This Month,52.4,3,2,1,0,0
SMMS05103,High,4.0,30,8.5,3,60.8,0.82,This Month,50.3,3,2,1,0,0
SMMS05104,Medium,6.6,0,17.1,0,50.0,0.78,Programmed,34.5,2,1,1,0,0
SMMS05105,Medium,4.8,60,4.9,1,39.4,0.72,This Month,40.5,2,2,1,0,0
SMMS05106,Medium,5.9,60,13.8,3,22.5,0.69,This Week,58.3,2,3,1,0,0
SMMS05107,High,8.9,30,2.8,2,70.2,0.64,This Month,46.3,3,2,1,0,0
SMMS05108,Medium,3.8,60,12.9,7,56.5,0.73,This Month,49.4,2,2,1,0,0
SMMS05109,Medium,7.9,60,14.0,1,60.4,0.7,This Month,49.3,2,2,1,0,0
SMMS05110,Critical,7.3,10,4.8,0,38.7,0.81,Immediate,48.2,4,4,1,0,0
SMMS05111,Medium,5.6,17,22.0,3,39.4,0.86,This Month,46.8,2,2,1,0,0
SMMS05112,High,6.6,30,5.1,1,59.7,0.7,This Week,59.0,3,3,1,0,0
SMMS05113,Critical,6.6,10,19.4,0,45.8,0.64,Immediate,57.8,4,4,1,0,0
SMMS05114,Medium,2.8,46,19.4,2,36.1,0.79,This Week,58.1,2,3,1,0,0
SMMS05115,High,6.3,30,22.0,5,52.1,0.57,This Week,58.3,3,3,1,0,0
SMMS05116,High,8.3,30,12.2,2,29.0,0.78,This Week,58.2,3,3,1,0,0
SMMS05117,Medium,5.3,60,23.7,1,30.7,0.88,This Month,52.2,2,2,1,0,0
SMMS05118,Medium,3.0,60,16.1,3,54.4,0.88,This Month,49.1,2,2,1,0,0
SMMS05119,Critical,5.0,10,4.3,2,70.7,0.89,Immediate,58.7,4,4,1,0,0
SMMS05120,Low,3.1,90,15.0,1,21.4,0.73,This Month,51.2,1,2,1,0,0
SMMS05121,Medium,5.6,60,6.7,0,51.5,0.77,This Month,40.5,2,2,1,0,0
SMMS05122,Low,6.6,0,11.5,6,21.3,0.81,Programmed,27.7,1,1,1,0,0
SMMS05123,Medium,5.3,0,1.1,2,35.4,0.99,Programmed,32.7,2,1,1,0,0
SMMS05124,Medium,4.3,50,21.5,3,30.1,0.6,This Month,50.6,2,2,1,0,0
SMMS05125,High,4.6,30,2.2,2,56.4,0.83,This Month,50.1,3,2,1,0,0
SMMS05126,Medium,4.2,7,3.0,0,36.2,0.81,Programmed,34.4,2,1,1,0,0
SMMS05127,Medium,4.5,60,16.1,1,34.7,0.55,This Month,48.2,2,2,1,0,0
SMMS05128,Low,4.8,86,21.4,2,50.7,0.86,This Week,57.1,1,3,1,0,0
SMMS05129,High,7.7,30,21.2,6,31.7,0.77,This Week,64.3,3,3,1,0,0
SMMS05130,High,4.9,30,2.0,0,42.8,0.74,This Week,55.1,3,3,1,0,0
SMMS05131,High,7.0,30,7.7,2,46.0,0.69,This Month,51.5,3,2,1,0,0
SMMS05132,Low,6.2,90,16.2,1,47.5,0.71,This Week,56.8,1,3,1,0,0
SMMS05133,Critical,8.3,10,7.0,0,51.5,0.78,Immediate,58.7,4,4,1,0,0
SMMS05134,Medium,12.7,60,6.8,0,31.9,0.74,This Month,38.7,2,2,1,0,0
SMMS05135,Medium,8.6,54,8.8,3,63.5,0.7,This Month,54.5,2,2,1,0,0
SMMS05136,Medium,7.0,60,24.1,0,54.6,0.6,This Week,55.2,2,3,1,0,0
SMMS05137,Low,4.7,90,4.9,0,22.0,0.65,This Month,41.7,1,2,1,0,0
SMMS05138,Medium,10.7,60,6.5,1,45.9,0.67,This Month,54.5,2,2,1,0,0
SMMS05139,Medium,6.4,60,18.8,1,39.6,0.82,This Month,52.7,2,2,1,0,0
SMMS05140,High,7.1,30,5.4,0,64.1,0.82,This Month,43.7,3,2,1,0,0
SMMS05141,Medium,6.4,60,23.8,1,29.0,0.68,This Week,68.2,2,3,1,0,0
SMMS05142,Medium,9.0,60,22.7,1,30.5,0.58,This Month,51.2,2,2,1,0,0
SMMS05143,Low,5.6,90,9.0,3,59.8,0.76,This Month,50.4,1,2,1,0,0
SMMS05144,Low,5.8,23,10.9,3,24.7,0.8,This Month,36.5,1,2,1,0,0
SMMS05145,Low,4.8,90,7.2,1,23.6,0.75,This Month,45.7,1,2,1,0,0
SMMS05146,Medium,5.0,60,5.3,2,34.0,0.77,This Month,51.8,2,2,1,0,0
SMMS05147,High,5.4,30,22.4,1,63.0,0.49,This Month,52.9,3,2,1,0,0
SMMS05148,Medium,5.4,60,2.3,0,36.2,0.71,This Month,51.2,2,2,1,0,0
SMMS05149,Medium,5.8,60,19.2,1,39.8,0.52,This Month,50.0,2,2,1,0,0
SMMS05150,Low,6.8,90,8.5,1,57.4,0.73,This Month,43.4,1,2,1,0,0
SMMS05151,Critical,6.9,10,11.3,3,51.4,0.94,Immediate,56.2,4,4,1,0,0
SMMS05152,Medium,7.0,60,6.1,0,62.0,0.84,This Month,45.0,2,2,1,0,0
SMMS05153,Low,3.1,90,4.0,0,32.5,0.76,This Month,41.3,1,2,1,0,0
SMMS05154,Low,4.7,90,23.0,0,25.7,0.59,This Month,52.2,1,2,1,0,0
SMMS05155,Low,7.0,90,12.8,1,35.7,0.66,This Month,54.1,1,2,1,0,0
SMMS05156,Critical,9.3,10,12.2,2,55.7,0.93,Immediate,56.8,4,4,1,0,0
SMMS05157,Medium,5.9,60,12.3,2,45.1,0.92,This Month,48.3,2,2,1,0,0
SMMS05158,Low,6.6,90,22.3,3,54.3,0.85,This Week,55.1,1,3,1,0,0
SMMS05159,Medium,5.1,60,13.9,4,43.3,0.69,This Month,53.3,2,2,1,0,0
SMMS05160,Low,4.5,90,14.7,2,28.8,0.67,This Week,56.5,1,3,1,0,0
SMMS05161,High,4.3,30,19.5,1,36.8,0.61,This Week,59.1,3,3,1,0,0
SMMS05162,Medium,5.6,60,19.4,2,57.1,0.77,This Week,59.6,2,3,1,0,0
SMMS05163,Medium,3.3,60,15.6,3,38.0,0.7,This Month,47.9,2,2,1,0,0
SMMS05164,Critical,4.1,10,24.7,2,71.3,0.9,Immediate,69.0,4,4,1,0,0
SMMS05165,Low,3.9,0,1.5,0,46.4,0.76,Programmed,23.8,1,1,1,0,0
SMMS05166,High,7.3,30,23.2,4,32.3,0.76,This Week,61.2,3,3,1,0,0
SMMS05167,Critical,10.6,10,12.8,3,73.6,0.85,Immediate,59.8,4,4,1,0,0
SMMS05168,Medium,4.7,60,11.5,1,33.1,0.59,This Month,48.5,2,2,1,0,0
SMMS05169,Low,4.9,90,4.1,1,13.5,0.66,This Month,48.5,1,2,1,0,0
SMMS05170,High,11.2,30,10.1,1,73.2,0.81,This Month,48.6,3,2,1,0,0
SMMS05171,High,7.0,11,9.7,0,69.9,0.8,This Month,39.7,3,2,1,0,0
SMMS05172,High,6.0,30,6.7,1,75.3,0.64,This Week,59.0,3,3,1,0,0
SMMS05173,High,4.6,30,17.1,2,70.0,0.68,This Week,59.5,3,3,1,0,0
SMMS05174,Medium,2.4,60,22.2,3,41.6,0.76,This Week,56.9,2,3,1,0,0
SMMS05175,Medium,4.6,57,5.0,2,27.5,0.76,This Month,50.0,2,2,1,0,0
SMMS05176,High,7.5,30,7.8,0,45.9,0.8,This Month,53.3,3,2,1,0,0
SMMS05177,Medium,7.1,46,23.5,7,44.1,0.86,This Week,57.8,2,3,1,0,0
SMMS05178,Medium,6.8,60,10.6,3,32.4,0.62,This Month,45.5,2,2,1,0,0
SMMS05179,High,9.9,30,4.9,2,32.1,0.6,This Month,52.3,3,2,1,0,0
SMMS05180,Medium,4.0,60,3.4,0,47.2,0.66,This Month,51.0,2,2,1,0,0
SMMS05181,Medium,3.7,60,12.6,4,61.8,0.69,This Month,52.7,2,2,1,0,0
SMMS05182,High,6.2,30,7.6,1,45.9,0.84,This Month,49.4,3,2,1,0,0
SMMS05183,High,4.3,30,1.9,0,67.2,0.65,This Month,40.4,3,2,1,0,0
SMMS05184,Medium,1.6,0,19.7,3,39.5,0.97,This Month,40.2,2,2,1,0,0
SMMS05185,Critical,9.9,10,4.1,2,78.8,0.99,Immediate,57.9,4,4,1,0,0
SMMS05186,Medium,5.1,60,16.3,2,37.3,0.77,This Week,55.2,2,3,1,0,0
SMMS05187,Low,5.6,90,20.2,3,33.7,0.83,This Week,60.4,1,3,1,0,0
SMMS05188,Critical,10.1,5,3.7,1,65.6,0.72,Immediate,56.6,4,4,1,0,0
SMMS05189,High,7.6,30,21.1,2,28.7,0.88,This Week,64.0,3,3,1,0,0
SMMS05190,Low,6.7,90,1.2,0,55.8,0.71,This Month,47.3,1,2,1,0,0
SMMS05191,Low,4.9,90,3.4,0,24.5,0.67,This Month,48.7,1,2,1,0,0
SMMS05192,High,5.1,30,12.8,2,40.1,0.77,This Week,58.1,3,3,1,0,0
SMMS05193,Medium,1.7,60,19.4,1,29.7,0.69,This Month,51.5,2,2,1,0,0
SMMS05194,Low,2.8,90,4.5,1,27.7,0.61,This Month,52.5,1,2,1,0,0
SMMS05195,Medium,8.8,60,20.9,1,35.8,0.69,This Week,55.9,2,3,1,0,0
SMMS05196,Critical,9.1,10,11.9,3,48.3,0.96,Immediate,62.0,4,4,1,0,0
SMMS05197,Low,4.3,90,10.0,1,27.8,0.71,This Month,49.5,1,2,1,0,0
SMMS05198,Medium,5.2,60,8.3,1,43.3,0.77,This Month,52.3,2,2,1,0,0
SMMS05199,Low,4.8,90,8.1,2,23.1,0.88,This Month,49.7,1,2,1,0,0
SMMS05200,Low,5.5,90,15.5,0,27.1,0.76,This Month,52.8,1,2,1,0,0
SMMS05201,Low,5.7,27,22.8,1,18.0,0.69,This Month,39.1,1,2,1,0,0
SMMS05202,Medium,7.0,60,2.9,0,12.5,0.67,This Month,40.0,2,2,1,0,0
SMMS05203,Medium,7.6,60,14.2,1,41.8,0.65,This Week,55.8,2,3,1,0,0
SMMS05204,Medium,4.2,0,1.4,1,22.9,0.77,Programmed,30.7,2,1,1,0,0
SMMS05205,Low,5.3,90,1.5,4,15.8,0.81,This Month,45.3,1,2,1,0,0
SMMS05206,Low,8.8,90,5.3,0,27.1,0.58,This Month,48.9,1,2,1,0,0
SMMS05207,Medium,5.2,60,21.2,3,47.2,0.79,This Week,59.7,2,3,1,0,0
SMMS05208,Critical,9.2,10,2.3,0,63.0,0.78,Immediate,59.5,4,4,1,0,0
SMMS05209,Low,3.1,90,11.3,5,28.8,0.93,This Week,57.1,1,3,1,0,0
SMMS05210,Medium,4.6,60,1.1,3,35.9,0.81,This Month,50.2,2,2,1,0,0
SMMS05211,Medium,5.3,60,21.4,1,45.5,0.56,This Month,53.5,2,2,1,0,0
SMMS05212,Medium,5.7,60,6.3,3,28.7,0.86,This Month,53.0,2,2,1,0,0
SMMS05213,Medium,3.7,0,22.5,3,65.0,0.78,This Month,46.4,2,2,1,0,0
SMMS05214,Low,2.0,66,16.9,3,55.0,0.9,This Month,46.6,1,2,1,0,0
SMMS05215,High,7.4,30,16.8,1,31.3,0.61,This Week,56.2,3,3,1,0,0
SMMS05216,Critical,7.6,10,9.4,3,37.2,0.74,Immediate,55.1,4,4,1,0,0
SMMS05217,Medium,3.0,60,24.0,0,24.5,0.56,This Month,50.8,2,2,1,0,0
SMMS05218,High,8.5,30,1.8,2,31.4,0.82,This Month,45.7,3,2,1,0,0
SMMS05219,Medium,5.0,60,11.0,2,28.6,0.84,This Month,51.0,2,2,1,0,0
SMMS05220,High,7.5,30,18.1,3,26.1,0.8,This Week,56.8,3,3,1,0,0
SMMS05221,High,5.1,30,18.0,4,38.7,0.87,This Week,55.4,3,3,1,0,0
SMMS05222,Medium,5.1,60,18.0,2,31.6,0.73,This Month,50.4,2,2,1,0,0
SMMS05223,Medium,6.7,60,18.5,2,39.6,0.8,This Month,54.7,2,2,1,0,0
SMMS05224,High,8.5,30,19.0,2,38.7,0.78,This Week,58.9,3,3,1,0,0
SMMS05225,High,6.0,30,23.9,2,64.7,0.81,This Week,63.7,3,3,1,0,0
SMMS05226,High,3.9,30,23.0,1,69.1,0.65,This Week,59.0,3,3,1,0,0
SMMS05227,Medium,3.9,60,16.4,3,28.9,0.67,This Week,59.6,2,3,1,0,0
SMMS05228,Medium,5.2,60,10.2,4,30.8,0.88,This Month,53.2,2,2,1,0,0
SMMS05229,Medium,3.4,60,7.0,2,61.0,0.83,This Month,48.1,2,2,1,0,0
SMMS05230,Low,3.4,90,3.7,0,30.6,0.77,This Month,49.6,1,2,1,0,0
SMMS05231,Low,1.6,90,19.9,3,38.8,0.77,This Week,56.0,1,3,1,0,0
SMMS05232,High,7.5,30,15.1,1,40.5,0.67,This Month,50.4,3,2,1,0,0
SMMS05233,Medium,6.3,60,8.6,0,35.4,0.56,This Month,42.2,2,2,1,0,0
SMMS05234,Medium,6.5,60,11.6,1,25.7,0.78,This Week,55.6,2,3,1,0,0
SMMS05235,Medium,8.8,44,11.3,1,48.2,0.72,This Month,40.7,2,2,1,0,0
SMMS05236,Medium,6.8,60,3.3,2,33.7,0.83,This Month,51.3,2,2,1,0,0
SMMS05237,Low,4.3,90,8.6,1,20.6,0.81,This Month,49.7,1,2,1,0,0
SMMS05238,Medium,5.3,60,6.5,1,55.1,0.62,This Month,48.5,2,2,1,0,0
SMMS05239,Medium,1.7,60,18.6,4,32.6,0.71,This Week,58.4,2,3,1,0,0
SMMS05240,Medium,3.1,60,2.0,0,39.3,0.53,This Month,47.4,2,2,1,0,0
SMMS05241,Medium,8.3,60,10.2,0,52.1,0.67,This Week,61.1,2,3,1,0,0
SMMS05242,High,8.6,30,7.7,1,34.0,0.6,This Week,57.5,3,3,1,0,0
SMMS05243,High,7.9,30,19.9,3,43.4,0.77,This Month,53.7,3,2,1,0,0
SMMS05244,Low,6.5,90,8.4,0,50.6,0.63,This Week,55.4,1,3,1,0,0
SMMS05245,Medium,6.2,60,21.2,1,62.5,0.61,This Week,66.2,2,3,1,0,0
SMMS05246,High,4.6,30,10.0,2,57.7,0.85,This Week,58.3,3,3,1,0,0
SMMS05247,Medium,6.2,60,20.4,2,25.7,0.61,This Week,60.0,2,3,1,0,0
SMMS05248,Low,6.2,90,24.3,3,17.8,0.76,This Month,51.4,1,2,1,0,0
SMMS05249,Low,7.1,78,14.0,2,38.5,0.78,This Month,54.0,1,2,1,0,0
SMMS05250,High,4.8,30,17.3,2,37.2,0.62,This Week,56.1,3,3,1,0,0
SMMS05251,Low,3.1,90,23.3,2,34.4,0.67,This Week,60.4,1,3,1,0,0
SMMS05252,Medium,6.7,60,16.7,1,37.8,0.73,This Month,50.9,2,2,1,0,0
SMMS05253,Low,3.2,90,24.0,2,36.9,0.73,This Month,51.7,1,2,1,0,0
SMMS05254,Low,3.1,0,6.7,2,19.2,0.83,Programmed,26.6,1,1,1,0,0
SMMS05255,Low,6.2,90,5.5,0,82.1,0.53,This Month,36.4,1,2,1,0,0
SMMS05256,High,5.0,30,8.6,0,38.7,0.69,This Week,57.2,3,3,1,0,0
SMMS05257,High,4.8,30,6.6,1,43.1,0.75,This Month,42.9,3,2,1,0,0
SMMS05258,Low,5.5,90,8.1,2,16.0,0.77,This Month,48.0,1,2,1,0,0
SMMS05259,Medium,5.8,60,14.6,0,34.4,0.74,This Month,54.6,2,2,1,0,0
SMMS05260,Medium,8.4,60,7.2,0,57.1,0.64,This Month,48.7,2,2,1,0,0
SMMS05261,High,7.2,30,8.6,2,68.9,0.86,This Month,52.2,3,2,1,0,0
SMMS05262,Low,3.5,90,1.7,1,50.2,0.8,This Month,43.1,1,2,1,0,0
SMMS05263,Medium,5.3,60,16.8,1,62.1,0.58,This Week,57.2,2,3,1,0,0
SMMS05264,High,5.2,30,18.5,1,94.8,0.57,This Month,52.8,3,2,1,0,0
SMMS05265,High,5.8,30,8.3,0,32.2,0.67,This Month,52.6,3,2,1,0,0
SMMS05266,Medium,6.1,60,5.5,0,39.9,0.58,This Month,44.4,2,2,1,0,0
SMMS05267,Medium,8.6,60,15.8,0,32.5,0.78,This Week,58.4,2,3,1,0,0
SMMS05268,Critical,10.0,10,12.4,0,39.9,0.8,Immediate,57.1,4,4,1,0,0
SMMS05269,Medium,6.6,60,21.5,3,55.7,0.63,This Week,61.2,2,3,1,0,0
SMMS05270,Medium,6.7,60,10.9,3,52.0,0.84,This Month,45.1,2,2,1,0,0
SMMS05271,Medium,6.1,60,18.9,1,60.5,0.89,This Week,60.0,2,3,1,0,0
SMMS05272,Low,2.8,90,23.5,4,41.9,0.87,This Week,59.5,1,3,1,0,0
SMMS05273,High,6.6,30,11.6,0,42.8,0.7,This Month,52.1,3,2,1,0,0
SMMS05274,High,4.3,30,21.1,1,38.3,0.72,This Month,54.6,3,2,1,0,0
SMMS05275,High,5.5,30,9.4,0,59.9,0.65,This Month,51.5,3,2,1,0,0
SMMS05276,Medium,3.0,60,23.7,2,37.4,0.74,This Week,56.6,2,3,1,0,0
SMMS05277,Low,4.1,90,20.4,0,55.9,0.65,This Month,54.8,1,2,1,0,0
SMMS05278,Low,4.3,30,17.3,1,28.2,0.81,This Month,38.4,1,2,1,0,0
SMMS05279,High,8.2,30,10.6,3,85.1,0.73,This Month,53.2,3,2,1,0,0
SMMS05280,Low,3.2,90,13.5,1,26.9,0.71,This Week,56.7,1,3,1,0,0
SMMS05281,Medium,3.5,60,16.4,0,28.8,0.65,This Week,55.5,2,3,1,0,0
SMMS05282,Low,4.0,90,15.3,1,59.0,0.71,This Month,50.8,1,2,1,0,0
SMMS05283,High,4.9,30,16.1,2,38.6,0.62,This Week,55.9,3,3,1,0,0
SMMS05284,Medium,4.6,11,24.9,4,49.2,0.88,This Month,52.4,2,2,1,0,0
SMMS05285,Medium,5.6,60,9.7,0,56.1,0.72,This Month,54.6,2,2,1,0,0
SMMS05286,Medium,6.0,60,9.5,3,78.8,0.91,This Month,54.5,2,2,1,0,0
SMMS05287,Medium,3.5,31,3.4,3,36.0,0.82,This Month,43.7,2,2,1,0,0
SMMS05288,Critical,6.6,10,1.6,0,53.1,0.72,Immediate,48.5,4,4,1,0,0
SMMS05289,Medium,7.3,60,14.6,1,25.1,0.66,This Month,53.6,2,2,1,0,0
SMMS05290,High,5.9,30,3.1,1,36.8,0.7,This Month,53.9,3,2,1,0,0
SMMS05291,Medium,5.1,60,14.0,2,46.1,0.63,This Month,48.0,2,2,1,0,0
SMMS05292,Low,8.5,90,6.0,2,62.7,0.61,This Month,45.3,1,2,1,0,0
SMMS05293,Critical,7.4,10,15.8,1,70.8,0.76,Immediate,52.8,4,4,1,0,0
SMMS05294,Medium,5.4,60,7.0,2,28.9,0.8,This Month,48.6,2,2,1,0,0
SMMS05295,Low,3.8,90,11.8,0,28.3,0.62,This Month,48.0,1,2,1,0,0
SMMS05296,Low,4.9,90,2.8,1,58.3,0.59,This Month,43.7,1,2,1,0,0
SMMS05297,High,6.9,30,5.4,2,28.2,0.89,This Month,50.4,3,2,1,0,0
SMMS05298,High,5.1,0,4.6,0,59.5,0.72,This Month,44.7,3,2,1,0,0
SMMS05299,Medium,3.4,60,16.0,3,30.9,0.84,This Week,56.4,2,3,1,0,0
SMMS05300,Low,4.2,56,22.0,1,23.0,0.59,This Month,38.1,1,2,1,0,0
